UNITS=MM
#Layer_Color=65535
#
#Feature symbol names
#
$0 r149.9997
$1 r179.99964

#
#Feature attribute names
#
@0 .nomenclature
@1 .string
@2 .string_angle

#
#Feature attribute text strings
#

#
#Layer features
#
A 78.48768148 76.17757434 78.81178802 74.75756956 96.44751348 79.52979776 1 P 0 N
A 78.48768402 82.88202118 78.72584458 82.32913176 79.01851608 82.78294086 1 P 0 N
A 78.72584458 76.73046376 78.48768402 76.17757434 79.01851608 76.27665466 1 P 0 N
A 78.81178802 84.30202596 78.48768148 82.88202118 96.44751348 79.52979776 1 P 0 N
A 78.81179056 74.75756956 79.26625498 74.3627672 79.33304174 74.89862084 1 P 0 N
A 79.26625498 84.69682832 78.81179056 84.30202596 79.33304174 84.16097468 1 P 0 N
A 81.40755372 78.45995484 81.6544468 78.93544284 81.11488222 78.91376394 1 P 0 N
A 81.6544468 80.12415268 81.40755372 80.59964068 81.11488222 80.14583158 1 P 0 N
A 81.65444934 80.12415522 81.65444934 78.9354403 96.44751348 79.52979776 1 P 0 N
A 81.69542716 69.3185431 81.72074334 68.7170711 82.15601552 69.03665898 1 P 0 N
A 81.7207408 68.71706856 82.628867 67.5783129 96.44751348 79.52979776 1 P 0 N
A 81.72074334 90.34252442 81.69542716 89.74105242 82.15601552 90.02293654 1 P 0 N
A 82.43278916 85.09149352 82.86153862 85.4127705 82.3660024 85.62734716 1 P 0 N
A 82.628867 91.48128262 81.7207408 90.34252696 96.44751348 79.52979776 1 P 0 N
A 82.62886954 67.57831544 83.20962784 67.41979658 83.03730154 67.93156086 1 P 0 N
A 82.86153862 73.64682502 82.43278916 73.968102 82.3660024 73.43224836 1 P 0 N
A 82.86154116 73.64682502 83.3773034 72.57583148 96.44751348 79.52979776 1 P 0 N
A 83.20962784 91.63979894 82.62886954 91.48128008 83.03730154 91.12803466 1 P 0 N
A 83.36116678 72.0403055 83.3773034 72.57582894 82.90057842 72.32218962 1 P 0 N
A 83.3773034 86.48376404 82.86154116 85.4127705 96.44751348 79.52979776 1 P 0 N
A 83.3773034 86.48376658 83.36116678 87.01929002 82.90057842 86.7374059 1 P 0 N
A 86.2338128 90.62147484 86.75950136 90.72490872 86.4061391 91.13323912 1 P 0 N
A 86.75950136 68.3346868 86.2338128 68.43812068 86.4061391 67.9263564 1 P 0 N
A 86.75950136 68.33468934 87.68887466 67.5935402 96.44751348 79.52979776 1 P 0 N
A 87.58684286 63.92908474 87.87061674 63.39816124 88.12412144 63.87495734 1 P 0 N
A 87.68887466 91.46605532 86.75950136 90.72490618 96.44751348 79.52979776 1 P 0 N
A 87.68887466 91.46605786 87.90668982 91.95554888 87.36941124 91.90142148 1 P 0 N
A 87.87061674 63.3981587 89.18289758 62.76619654 96.44751348 79.52979776 1 P 0 N
A 87.90668982 67.10404664 87.68887466 67.59353766 87.36941124 67.15817404 1 P 0 N
A 89.18290012 62.76619908 89.77492332 62.87536066 89.39761648 63.26167434 1 P 0 N
A 92.57629186 65.23987968 92.05778642 65.10498282 92.43509326 64.71866914 1 P 0 N
A 92.57629186 65.23988222 93.73520242 64.97536916 96.44751348 79.52979776 1 P 0 N
A 94.14382746 64.62885982 93.73519988 64.97536916 93.63627196 64.44450916 1 P 0 N
A 94.4916449 82.03531726 97.16896746 76.29130538 96.012 79.248 0 P 0 N
A 95.23322076 61.62953638 95.7192523 61.27431738 95.74077626 61.81388704 1 P 0 N
A 95.7192523 61.27431738 97.17577466 61.27431738 96.44751348 79.52979776 1 P 0 N
A 97.17577466 61.27431738 97.6618062 61.62953638 97.1542507 61.81388704 1 P 0 N
A 99.15982454 64.97536916 100.3187351 65.23988222 96.44751348 79.52979776 1 P 0 N
A 99.15982708 64.97536916 98.7511995 64.62885982 99.258755 64.44450916 1 P 0 N
A 100.83724054 65.10498282 100.3187351 65.23987968 100.4599337 64.71866914 1 P 0 N
A 104.37986998 61.64496942 108.72867764 64.0308854 99.80817224 75.13404836 1 P 0 N
A 106.9593873 70.81618298 106.9593873 70.81618298 105.66537414 70.81618298 0 P 0 N
A 112.35506358 67.80354486 112.35506358 67.80354486 111.01404518 67.80354486 0 P 0 N
A 112.4942251 76.68004984 112.4942251 76.68004984 111.0171643 76.68004984 0 P 0 N
A 116.2829399 80.89025986 87.45901228 96.83541212 96.88379404 79.84754414 1 P 0 N
L 78.72584458 76.73046376 81.40755372 78.4599523 1 P 0
L 78.72584458 82.32913176 81.40755372 80.59964322 1 P 0
L 79.26625498 74.36276466 82.43278916 73.968102 1 P 0
L 79.26625498 84.69683086 82.43278916 85.09149352 1 P 0
L 81.69542716 69.31854056 83.36116678 72.04030804 1 P 0
L 81.69542716 89.74105496 83.36116678 87.01928748 1 P 0
L 83.2096253 67.41979404 86.2338128 68.43812068 1 P 0
L 83.2096253 91.63980148 86.2338128 90.62147484 1 P 0
L 87.45891322 96.83531052 87.45911134 96.83551118 1 P 0
L 87.45891322 96.83531052 87.58684032 95.13051332 1 P 0
L 87.58684032 63.9290822 87.90668982 67.10404664 1 P 0
L 87.58684032 95.13051332 87.90668982 91.95554888 1 P 0
L 89.77492332 62.87535812 92.05778642 65.10498536 1 P 0
L 94.14383 64.62885982 95.23321822 61.62953638 1 P 0
L 94.4916449 82.03531726 97.16896746 76.29130538 0 P 0
L 97.66180874 61.62953638 98.75119696 64.62885982 1 P 0
L 100.83724054 65.10498536 104.37986998 61.64496942 1 P 0
L 102.31369936 70.8609962 102.31402956 71.26272006 1 P 0
L 102.31369936 70.8609962 102.32902318 70.49741298 1 P 0
L 102.31402956 71.26272006 102.35338432 71.51363396 1 P 0
L 102.32902318 70.49741298 102.35691238 70.30713396 1 P 0
L 102.35338432 71.51363396 102.44168996 71.64283868 1 P 0
L 102.35691238 70.30713396 102.41787746 70.22797994 1 P 0
L 102.41787746 70.22797994 102.5324213 70.19777426 1 P 0
L 102.44168996 71.64283868 102.58886518 71.67944008 1 P 0
L 102.5324213 70.19777426 102.63825294 70.16414974 1 P 0
L 102.58886518 71.67944008 102.65501186 71.70215022 1 P 0
L 102.630097 70.83342958 102.64530906 70.61933552 1 P 0
L 102.630097 70.83342958 102.64530906 71.22082276 1 P 0
L 102.63825294 70.16414974 102.7229213 70.09282146 1 P 0
L 102.64530906 70.61933552 102.70285784 70.5243065 1 P 0
L 102.64530906 71.22082276 102.68852462 71.2949044 1 P 0
L 102.65501186 71.70215022 102.72644936 71.77116202 1 P 0
L 102.68852462 71.2949044 102.77936518 71.3266544 1 P 0
L 102.70285784 70.5243065 102.81464324 70.49410082 1 P 0
L 102.7229213 70.09282146 102.89225548 69.76033038 1 P 0
L 102.72644936 71.77116202 102.88519936 72.05338396 1 P 0
L 102.77936518 71.3266544 102.89115312 71.34991826 1 P 0
L 102.81464324 70.49410082 102.97339324 70.4332475 1 P 0
L 102.87031496 69.13723536 102.8743815 69.05471838 1 P 0
L 102.87031496 69.13723536 102.90081274 69.20850776 1 P 0
L 102.8743815 69.05471838 102.91606798 68.9559962 1 P 0
L 102.87549656 72.68639768 102.89401824 72.85418754 1 P 0
L 102.87549656 72.68639768 102.96280906 72.53316202 1 P 0
L 102.88519936 72.05338396 103.0086713 72.37264672 1 P 0
L 102.89115312 71.34991826 102.98574018 71.41220414 1 P 0
L 102.89225548 69.76033038 103.00955268 69.4163712 1 P 0
L 102.89401824 72.85418754 103.02630906 73.05902076 1 P 0
L 102.90081274 69.20850776 102.96280906 69.2734962 1 P 0
L 102.91606798 68.9559962 103.12453594 68.69008868 1 P 0
L 102.96280906 69.2734962 103.00437108 69.33170284 1 P 0
L 102.96280906 72.53316202 103.00426186 72.4601802 1 P 0
L 102.97339324 70.4332475 103.04747742 70.282435 1 P 0
L 102.98574018 71.41220414 103.05122646 71.50227254 1 P 0
L 103.00426186 72.4601802 103.0086713 72.37264672 1 P 0
L 103.00437108 69.33170284 103.00955268 69.4163712 1 P 0
L 103.02630906 73.05902076 103.28030906 73.32338396 1 P 0
L 103.04747742 70.282435 103.25914324 69.76032276 1 P 0
L 103.05122646 71.50227254 103.07569936 71.60887634 1 P 0
L 103.07569936 71.60887634 103.1294991 71.78791332 1 P 0
L 103.12453594 68.69008868 103.52019936 68.29982784 1 P 0
L 103.1294991 71.78791332 103.25208966 72.06748858 1 P 0
L 103.25208966 72.06748858 103.36927764 72.31498618 1 P 0
L 103.25914324 69.76032276 103.37225198 69.5214256 1 P 0
L 103.27568118 69.06898556 103.2803116 68.99920414 1 P 0
L 103.27568118 69.06898556 103.32264324 69.13943246 1 P 0
L 103.27568118 72.73765742 103.2803116 72.80744138 1 P 0
L 103.27568118 72.73765742 103.32264324 72.66721052 1 P 0
L 103.28030906 73.32338396 103.55338192 73.57407688 1 P 0
L 103.2803116 68.99920414 103.49197742 68.75843246 1 P 0
L 103.2803116 72.80744138 103.49197742 73.04821052 1 P 0
L 103.32264324 69.13943246 103.4000345 69.2473596 1 P 0
L 103.32264324 72.66721052 103.39992528 72.56656048 1 P 0
L 103.36927764 72.31498618 103.41701186 72.4652475 1 P 0
L 103.37225198 69.5214256 103.41789324 69.36256384 1 P 0
L 103.39992528 72.56656048 103.41701186 72.4652475 1 P 0
L 103.4000345 69.2473596 103.41789324 69.36256384 1 P 0
L 103.40967888 70.9346562 103.4263616 71.19124192 1 P 0
L 103.40967888 70.9346562 103.46375294 70.42530492 1 P 0
L 103.4263616 71.19124192 103.47301378 71.44549338 1 P 0
L 103.46375294 70.42530492 103.63027534 69.93910574 1 P 0
L 103.47301378 71.44549338 103.55026026 71.69470294 1 P 0
L 103.49197742 68.75843246 103.65083664 68.60916174 1 P 0
L 103.49197742 73.04821052 103.74597742 73.25546944 1 P 0
L 103.52019936 68.29982784 103.66770478 68.16687408 1 P 0
L 103.55026026 71.69470294 103.65871826 71.93615788 1 P 0
L 103.55338192 73.57407688 103.73451186 73.69379978 1 P 0
L 103.61897742 70.83276156 103.66836772 70.5434835 1 P 0
L 103.61897742 70.83276156 104.28595602 70.83276156 1 P 0
L 103.63027534 69.93910574 103.90428546 69.49772232 1 P 0
L 103.65083664 68.60916174 103.75215216 68.54323858 1 P 0
L 103.65382622 71.19325868 103.65999842 71.10950218 1 P 0
L 103.65382622 71.19325868 103.70365594 71.44659574 1 P 0
L 103.65871826 71.93615788 103.79901008 72.16715564 1 P 0
L 103.65999842 71.10950218 103.691309 71.04972328 1 P 0
L 103.66770478 68.16687408 103.76361772 68.1093253 1 P 0
L 103.66836772 70.5434835 103.73285832 70.29576746 1 P 0
L 103.691309 71.04972328 103.84256092 70.98820702 1 P 0
L 103.70365594 71.44659574 103.808276 71.71316366 1 P 0
L 103.73285832 70.29576746 103.83505522 70.027546 1 P 0
L 103.73451186 73.69379978 103.86669346 73.70240022 1 P 0
L 103.74597742 73.25546944 103.8273387 73.26351616 1 P 0
L 103.75215216 68.54323858 103.8362668 68.5461037 1 P 0
L 103.76361772 68.1093253 103.84365312 68.11527906 1 P 0
L 103.79901008 72.16715564 103.97175294 72.38498604 1 P 0
L 103.808276 71.71316366 103.96382814 71.99692992 1 P 0
L 103.8273387 73.26351616 103.9153116 73.22460082 1 P 0
L 103.83505522 70.027546 103.9491571 69.80033538 1 P 0
L 103.8362668 68.5461037 103.94353354 68.60321052 1 P 0
L 103.84256092 70.98820702 104.3054683 70.97665002 1 P 0
L 103.84365312 68.11527906 103.94353354 68.17282784 1 P 0
L 103.86669346 73.70240022 103.9929213 73.61971814 1 P 0
L 103.90428546 69.49772232 104.08004838 69.30060562 1 P 0
L 103.9153116 73.22460082 104.0758269 73.16639164 1 P 0
L 103.94353354 68.17282784 104.04969792 68.23169742 1 P 0
L 103.94353354 68.60321052 104.04517672 68.66538718 1 P 0
L 103.9491571 69.80033538 104.04936772 69.67564932 1 P 0
L 103.96382814 71.99692992 104.1233503 72.222487 1 P 0
L 103.97175294 72.38498604 104.25915648 72.66103324 1 P 0
L 103.9929213 73.61971814 104.06447056 73.57396512 1 P 0
L 104.04517672 68.66538718 104.12697742 68.68258552 1 P 0
L 104.04936772 69.67564932 104.19136134 69.75061488 1 P 0
L 104.04969792 68.23169742 104.15255522 68.24690948 1 P 0
L 104.06447056 73.57396512 104.15255268 73.5659184 1 P 0
L 104.0758269 73.16639164 104.28925548 73.22460082 1 P 0
L 104.08004838 69.30060562 104.28082014 69.12281324 1 P 0
L 104.1233503 72.222487 104.23987788 72.31442992 1 P 0
L 104.12697742 68.68258552 104.35275548 68.58204216 1 P 0
L 104.15255268 73.5659184 104.50797742 73.67616202 1 P 0
L 104.15255522 68.24690948 104.51503354 68.13049366 1 P 0
L 104.19136134 69.75061488 104.52605714 70.05265898 1 P 0
L 104.23987788 72.31442992 104.38186896 72.22623604 1 P 0
L 104.25915648 72.66103324 104.57764962 72.8788738 1 P 0
L 104.28082014 69.12281324 104.50598606 68.9670579 1 P 0
L 104.28925548 73.22460082 104.87486772 73.44332276 1 P 0
L 104.30942816 69.45659972 104.32541492 69.53542354 1 P 0
L 104.30942816 69.45659972 104.34569936 69.3863738 1 P 0
L 104.32541492 69.53542354 104.65546252 69.92393178 1 P 0
L 104.34569936 69.3863738 104.49585146 69.25827144 1 P 0
L 104.35275548 68.58204216 104.61116492 68.45857022 1 P 0
L 104.38186896 72.22623604 104.61382176 72.01104216 1 P 0
L 104.43036518 76.73121814 104.435656 75.81664288 1 P 0
L 104.43036518 76.73121814 104.451531 77.92360844 1 P 0
L 104.435656 75.81664288 104.45814516 75.56341504 1 P 0
L 104.44647386 72.49710418 104.45154624 72.42114802 1 P 0
L 104.44647386 72.49710418 104.500934 72.56842992 1 P 0
L 104.451531 77.92360844 104.85369682 77.9447768 1 P 0
L 104.45154624 72.42114802 104.69849012 72.13098604 1 P 0
L 104.45814516 75.56341504 104.49386518 75.44710844 1 P 0
L 104.49386518 75.44710844 104.65084988 75.3774337 1 P 0
L 104.49585146 69.25827144 104.72140854 69.12884574 1 P 0
L 104.500934 72.56842992 104.66960778 72.6745943 1 P 0
L 104.50598606 68.9670579 104.7549213 68.8360447 1 P 0
L 104.50797742 73.67616202 104.82283074 73.83050258 1 P 0
L 104.51503354 68.13049366 104.82900548 67.97527172 1 P 0
L 104.57764962 72.8788738 104.9371536 73.04379854 1 P 0
L 104.61116492 68.45857022 104.89603354 68.3562641 1 P 0
L 104.61382176 72.01104216 104.6138243 72.01104216 1 P 0
L 104.6138243 72.01104216 104.74456318 71.86177906 1 P 0
L 104.65084988 75.3774337 104.92425294 75.33421814 1 P 0
L 104.66960778 72.6745943 104.95072736 72.79861742 1 P 0
L 104.69849012 72.13098604 104.87697338 71.96000086 1 P 0
L 104.72140854 69.12884574 104.98665312 69.01529504 1 P 0
L 104.7549213 68.8360447 105.13349814 68.72469872 1 P 0
L 104.769031 75.70110082 104.769031 76.65360082 1 P 0
L 104.769031 75.70110082 105.05830652 75.70110082 1 P 0
L 104.769031 76.65360082 104.78931544 77.48263142 1 P 0
L 104.78931544 77.48263142 104.83749162 77.5922121 1 P 0
L 104.82283074 73.83050258 104.88996802 73.9013889 1 P 0
L 104.82900548 67.97527172 104.89206606 67.9022899 1 P 0
L 104.83749162 77.5922121 104.93130652 77.61315694 1 P 0
L 104.85369682 77.9447768 105.25586264 77.96594262 1 P 0
L 104.87486772 73.44332276 105.16767384 73.5747322 1 P 0
L 104.88996802 73.9013889 104.91014324 73.97955232 1 P 0
L 104.89206606 67.9022899 104.91014578 67.82004978 1 P 0
L 104.89603354 68.3562641 105.14826824 68.24602302 1 P 0
L 104.91014324 73.97955232 104.93693262 74.11735494 1 P 0
L 104.91014578 67.82004978 104.95126584 67.67739576 1 P 0
L 104.92425294 75.33421814 105.28408712 75.31305232 1 P 0
L 104.93130652 77.61315694 105.3008435 77.65901918 1 P 0
L 104.93693262 74.11735494 105.01862156 74.21414926 1 P 0
L 104.9371536 73.04379854 105.34758712 73.16109828 1 P 0
L 104.95072736 72.79861742 105.24507526 72.90279806 1 P 0
L 104.95126584 67.67739576 105.08565216 67.58368754 1 P 0
L 104.98665312 69.01529504 105.25586772 68.93481768 1 P 0
L 105.01862156 74.21414926 105.15719888 74.27125354 1 P 0
L 105.05830652 75.70110082 105.32818152 75.67905362 1 P 0
L 105.08565216 67.58368754 105.32984268 67.5323135 1 P 0
L 105.13349814 68.72469872 105.58747742 68.67023858 1 P 0
L 105.14826824 68.24602302 105.20757978 68.17072472 1 P 0
L 105.15719888 74.27125354 105.35464324 74.2899962 1 P 0
L 105.16767384 73.5747322 105.22610146 73.6506909 1 P 0
L 105.20757978 68.17072472 105.24175548 68.06698604 1 P 0
L 105.22610146 73.6506909 105.2488116 73.75376664 1 P 0
L 105.24175548 68.06698604 105.27074958 67.95200278 1 P 0
L 105.24507526 72.90279806 105.453434 72.94942992 1 P 0
L 105.2488116 73.75376664 105.26909604 73.85761708 1 P 0
L 105.25586264 77.96594262 105.3687504 78.36810844 1 P 0
L 105.25586772 68.93481768 105.54514578 68.87131768 1 P 0
L 105.26909604 73.85761708 105.31054884 73.91251664 1 P 0
L 105.27074958 67.95200278 105.32553992 67.89324496 1 P 0
L 105.28408712 75.31305232 105.40403354 74.96027426 1 P 0
L 105.3008435 77.65901918 105.43236216 77.7064232 1 P 0
L 105.31054884 73.91251664 105.3916866 73.93037538 1 P 0
L 105.32553992 67.89324496 105.4372161 67.87549544 1 P 0
L 105.32818152 75.67905362 105.50809988 75.58821306 1 P 0
L 105.32984268 67.5323135 105.70036772 67.51665948 1 P 0
L 105.34758712 73.16109828 105.67302462 73.26604854 1 P 0
L 105.35464324 74.2899962 105.52507978 74.29253112 1 P 0
L 105.3687504 78.36810844 105.52573764 78.8002615 1 P 0
L 105.3916866 73.93037538 105.53103354 73.92310082 1 P 0
L 105.40403354 74.96027426 105.5431595 74.54895682 1 P 0
L 105.43236216 77.7064232 105.51691876 77.76838142 1 P 0
L 105.4372161 67.87549544 105.63686772 67.88354216 1 P 0
L 105.453434 72.94942992 105.52134598 72.91327048 1 P 0
L 105.47458712 80.44244262 105.5486713 80.29956762 1 P 0
L 105.47458712 80.44244262 105.73222694 80.76644756 1 P 0
L 105.50809988 75.58821306 105.63774402 75.39153832 1 P 0
L 105.51691876 77.76838142 105.60511518 77.95358806 1 P 0
L 105.52134598 72.91327048 105.57338042 72.82948604 1 P 0
L 105.52507978 74.29253112 105.56870682 74.31045844 1 P 0
L 105.52573764 78.8002615 105.7356407 79.28533038 1 P 0
L 105.53103354 73.92310082 105.75328354 73.86489164 1 P 0
L 105.5431595 74.54895682 105.58571212 74.35261482 1 P 0
L 105.54514578 68.87131768 105.54514578 69.46560402 1 P 0
L 105.5486713 80.29956762 105.72858712 80.08260844 1 P 0
L 105.56870682 74.31045844 105.58571212 74.35261482 1 P 0
L 105.57338042 72.82948604 105.57338042 72.82948858 1 P 0
L 105.57338042 72.82948858 105.61317714 72.60271738 1 P 0
L 105.58747742 68.67023858 106.03087506 68.67928098 1 P 0
L 105.60511518 77.95358806 105.71447488 78.27638142 1 P 0
L 105.61317714 72.60271738 105.6347011 72.18797094 1 P 0
L 105.63686772 67.88354216 105.94378354 67.93204854 1 P 0
L 105.63774402 75.39153832 105.75680906 75.05199112 1 P 0
L 105.67302462 73.26604854 105.87675294 73.38687634 1 P 0
L 105.70036772 67.51665948 106.04355474 67.53065996 1 P 0
L 105.71447488 78.27638142 105.8864532 78.7376378 1 P 0
L 105.72858712 80.08260844 105.975531 79.8003865 1 P 0
L 105.73222694 80.76644756 106.30802462 81.36231124 1 P 0
L 105.7356407 79.28533038 105.975531 79.8003865 1 P 0
L 105.75328354 73.86489164 105.89086772 73.711435 1 P 0
L 105.75680906 75.05199112 105.9358435 74.55986612 1 P 0
L 105.7568116 69.42165186 105.7806241 69.00272712 1 P 0
L 105.7806241 69.00272712 105.82527222 68.9404387 1 P 0
L 105.82527222 68.9404387 105.90497742 68.92776156 1 P 0
L 105.82738042 72.19448604 105.84501818 72.37793246 1 P 0
L 105.84501818 72.37793246 105.8838243 72.45554216 1 P 0
L 105.86969428 80.43538142 106.1307504 80.15315948 1 P 0
L 105.86969428 80.43538142 106.55408458 81.11977172 1 P 0
L 105.87675294 73.38687634 105.94047392 73.4673537 1 P 0
L 105.8838243 72.45554216 106.20838042 72.18037634 1 P 0
L 105.8864532 78.7376378 106.1166407 79.25710336 1 P 0
L 105.89086518 73.71143246 105.89086772 73.711435 1 P 0
L 105.89086518 73.71143246 105.96318406 73.5332794 1 P 0
L 105.90497742 68.92776156 106.12017384 68.9535578 1 P 0
L 105.9358435 74.55986612 106.15191876 74.09949112 1 P 0
L 105.94025294 72.949435 106.166031 73.16815694 1 P 0
L 105.94025294 72.949435 106.63875294 72.24387888 1 P 0
L 105.94047392 73.4673537 105.96318406 73.5332794 1 P 0
L 105.94378354 67.93204854 106.0059602 67.9877228 1 P 0
L 106.0059602 67.9877228 106.03903354 68.08109828 1 P 0
L 106.03087506 68.67928098 106.37769936 68.758435 1 P 0
L 106.03903354 68.08109828 106.12458074 68.22397328 1 P 0
L 106.04355474 67.53065996 106.25511134 67.58104086 1 P 0
L 106.1166407 79.25710336 106.39180652 79.83565948 1 P 0
L 106.12017384 68.9535578 106.3618269 69.02301156 1 P 0
L 106.12458074 68.22397328 106.30008966 68.31393246 1 P 0
L 106.1307504 80.15315948 106.39180652 79.83565948 1 P 0
L 106.13076564 77.1025636 106.13076818 76.44187912 1 P 0
L 106.13076564 77.1025636 106.21014064 77.71099266 1 P 0
L 106.13076818 76.44187912 106.17304648 75.9670058 1 P 0
L 106.15191876 74.09949112 106.32213686 73.75288526 1 P 0
L 106.166031 73.16815694 106.3265463 73.36394776 1 P 0
L 106.17304648 75.9670058 106.25335874 75.5189244 1 P 0
L 106.20838042 72.18037634 106.39623374 71.94666078 1 P 0
L 106.21014064 77.71099266 106.37682814 78.30222592 1 P 0
L 106.25335874 75.5189244 106.37335596 75.09399256 1 P 0
L 106.25511134 67.58104086 106.3621571 67.6803701 1 P 0
L 106.30008966 68.31393246 106.48177078 68.41800134 1 P 0
L 106.30802462 81.36231124 106.906314 81.93568576 1 P 0
L 106.32213686 73.75288526 106.39180906 73.52799112 1 P 0
L 106.3265463 73.36394776 106.39180906 73.52799112 1 P 0
L 106.3618269 69.02301156 106.59554246 69.12421532 1 P 0
L 106.3621571 67.6803701 106.3918116 67.8412156 1 P 0
L 106.37335596 75.09399256 106.53469676 74.688573 1 P 0
L 106.37682814 78.30222592 106.63876818 78.91131792 1 P 0
L 106.37769936 68.758435 106.63875548 68.85721306 1 P 0
L 106.3918116 67.8412156 106.42102668 67.9654597 1 P 0
L 106.4050577 76.89431408 106.41178108 76.1970282 1 P 0
L 106.4050577 76.89431408 106.46579926 77.59292584 1 P 0
L 106.41178108 76.1970282 106.4906049 75.6234327 1 P 0
L 106.42102668 67.9654597 106.50911134 68.03083422 1 P 0
L 106.46579926 77.59292584 106.58938296 78.1704939 1 P 0
L 106.48177078 68.41800134 106.58936772 68.61732276 1 P 0
L 106.4906049 75.6234327 106.67256288 75.05722352 1 P 0
L 106.50911134 68.03083422 106.65672598 68.03667622 1 P 0
L 106.53469676 74.688573 106.73903468 74.29902844 1 P 0
L 106.55408458 81.11977172 107.23847488 81.79710336 1 P 0
L 106.58087904 67.29198378 106.5823116 67.13565948 1 P 0
L 106.58087904 67.29198378 106.61318022 67.39142224 1 P 0
L 106.5823116 67.13565948 106.6143918 66.9128583 1 P 0
L 106.58936772 68.61732276 106.63875548 68.85721306 1 P 0
L 106.58938296 78.1704939 106.72226814 78.52183686 1 P 0
L 106.59554246 69.12421532 106.78692384 69.24526156 1 P 0
L 106.61245124 69.8340107 106.99153608 69.40753962 1 P 0
L 106.61318022 67.39142224 106.70236724 67.46705074 1 P 0
L 106.6143918 66.9128583 106.69078992 66.77141586 1 P 0
L 106.63875294 72.24387888 107.34430906 71.53832276 1 P 0
L 106.63876818 78.91131792 106.89990558 79.37560706 1 P 0
L 106.65672598 68.03667622 106.86453354 67.98232784 1 P 0
L 106.67256288 75.05722352 106.92364188 74.521441 1 P 0
L 106.68813816 70.00726156 106.92097234 69.76737126 1 P 0
L 106.69078992 66.77141586 106.82936724 66.69215008 1 P 0
L 106.70236724 67.46705074 106.87158966 67.55193754 1 P 0
L 106.7093243 68.8572029 106.92099012 68.8572029 1 P 0
L 106.7093243 68.8572029 106.92099012 69.0335932 1 P 0
L 106.72226814 78.52183686 106.88648676 78.86458446 1 P 0
L 106.73903468 74.29902844 106.98801818 73.92171906 1 P 0
L 106.78692384 69.24526156 106.99153608 69.40753962 1 P 0
L 106.82936724 66.69215008 107.04797742 66.65588142 1 P 0
L 106.86453354 67.98232784 107.0710203 67.88531254 1 P 0
L 106.87158966 67.55193754 107.07388542 67.6727628 1 P 0
L 106.87246342 68.44446814 106.88526502 68.38598464 1 P 0
L 106.87246342 68.44446814 106.89967952 68.49633748 1 P 0
L 106.88526502 68.38598464 106.93849834 68.32320092 1 P 0
L 106.88569174 67.09332784 106.89803868 67.02067876 1 P 0
L 106.88569174 67.09332784 106.9020087 67.1637722 1 P 0
L 106.88648676 78.86458446 107.07964868 79.19542454 1 P 0
L 106.89803868 67.02067876 106.94742644 66.9777934 1 P 0
L 106.89967952 68.49633748 106.9664993 68.53927872 1 P 0
L 106.89990558 79.37560706 107.2051958 79.80384852 1 P 0
L 106.9020087 67.1637722 106.9527198 67.22826534 1 P 0
L 106.906314 81.93568576 107.2314213 82.19222068 1 P 0
L 106.92097234 69.76737126 107.07619428 69.96492738 1 P 0
L 106.92099012 68.8572029 107.10234104 68.8748432 1 P 0
L 106.92099012 69.0335932 107.0775354 69.15067196 1 P 0
L 106.92364188 74.521441 107.23822088 74.0220389 1 P 0
L 106.93068022 66.0394031 106.93277318 65.90193068 1 P 0
L 106.93068022 66.0394031 107.00663638 66.1570305 1 P 0
L 106.93277318 65.90193068 107.00564324 65.71749366 1 P 0
L 106.93849834 68.32320092 107.16791368 68.1939962 1 P 0
L 106.94742644 66.9777934 107.23141368 66.9522156 1 P 0
L 106.9527198 67.22826534 107.16791368 67.34732784 1 P 0
L 106.95625548 71.4324835 106.95625802 71.43248604 1 P 0
L 106.95625802 71.43248604 107.16571912 71.25786104 1 P 0
L 106.9664993 68.53927872 107.21730398 68.58910844 1 P 0
L 106.97742892 76.08204748 106.99253176 75.84623642 1 P 0
L 106.97742892 76.08204748 107.11413172 76.17906024 1 P 0
L 106.98801818 73.92171906 107.28330334 73.55300758 1 P 0
L 106.99253176 75.84623642 107.10883836 75.44969162 1 P 0
L 107.00564324 65.71749366 107.10453306 65.5420965 1 P 0
L 107.00663638 66.1570305 107.1679213 66.28193754 1 P 0
L 107.0180486 70.83478594 107.62652592 70.82570798 1 P 0
L 107.04797742 66.65588142 107.26317384 66.61332626 1 P 0
L 107.0710203 67.88531254 107.14058328 67.78300642 1 P 0
L 107.07388542 67.6727628 107.14058328 67.78300642 1 P 0
L 107.07619428 69.96492738 107.16968152 70.07087078 1 P 0
L 107.0775354 69.15067196 107.17851818 69.19763402 1 P 0
L 107.07964868 79.19542454 107.29934852 79.51105002 1 P 0
L 107.09736518 77.88825926 107.10453052 77.80204912 1 P 0
L 107.09736518 77.88825926 107.1789449 78.2053173 1 P 0
L 107.10234104 68.8748432 107.22878986 68.9242335 1 P 0
L 107.10453052 77.80204912 107.13881544 77.75949396 1 P 0
L 107.10453306 65.5420965 107.2093741 65.4520281 1 P 0
L 107.10883836 75.44969162 107.2899683 74.99361684 1 P 0
L 107.11413172 76.17906024 107.39370698 76.28665972 1 P 0
L 107.13881544 77.75949396 107.36547742 77.76831538 1 P 0
L 107.16571912 71.25786104 107.35137026 71.19965186 1 P 0
L 107.16791368 67.34732784 107.3251219 67.4164514 1 P 0
L 107.16791368 68.1939962 107.32511936 68.12487264 1 P 0
L 107.1679213 66.28193754 107.32578992 66.41974016 1 P 0
L 107.16968152 70.07087078 107.25258458 70.11926794 1 P 0
L 107.17851818 69.19763402 107.24246014 69.17845194 1 P 0
L 107.1789449 78.2053173 107.3901713 78.64143784 1 P 0
L 107.2051958 79.80384852 107.55182706 80.19372328 1 P 0
L 107.2093741 65.4520281 107.34993262 65.434718 1 P 0
L 107.21730398 68.58910844 107.40152002 68.60773934 1 P 0
L 107.22878986 68.9242335 107.29306202 69.00008044 1 P 0
L 107.23141368 66.9522156 107.42940922 66.94780616 1 P 0
L 107.2314213 82.19222068 107.38311772 82.1181365 1 P 0
L 107.23822088 74.0220389 107.61067378 73.56496844 1 P 0
L 107.23847488 81.79710336 107.47130906 81.5713253 1 P 0
L 107.24246014 69.17845194 107.28788042 69.0970932 1 P 0
L 107.25258458 70.11926794 107.36194428 70.11871676 1 P 0
L 107.26233818 65.87231682 107.2702198 65.82068116 1 P 0
L 107.26233818 65.87231682 107.29182758 65.94338094 1 P 0
L 107.26317384 66.61332626 107.35665854 66.53240948 1 P 0
L 107.26628026 69.64359706 107.2702198 69.695949 1 P 0
L 107.26628026 69.64359706 107.2995441 69.57545394 1 P 0
L 107.2702198 65.82068116 107.31514478 65.78922072 1 P 0
L 107.2702198 69.695949 107.3112027 69.73209574 1 P 0
L 107.28330334 73.55300758 107.62654624 73.18925926 1 P 0
L 107.28788042 69.0970932 107.29306202 69.00008044 1 P 0
L 107.2899683 74.99361684 107.49954116 74.5792133 1 P 0
L 107.29182758 65.94338094 107.46424786 66.14082784 1 P 0
L 107.29934852 79.51105002 107.5431936 79.80815382 1 P 0
L 107.2995441 69.57545394 107.47835756 69.39344262 1 P 0
L 107.3112027 69.73209574 107.38906132 69.75162072 1 P 0
L 107.31514478 65.78922072 107.39677784 65.77867718 1 P 0
L 107.31608966 71.03737126 107.76147104 71.0735307 1 P 0
L 107.31796926 75.85418662 107.33637918 75.94006656 1 P 0
L 107.31796926 75.85418662 107.33726056 75.70811376 1 P 0
L 107.32511936 68.12487264 107.40956674 68.05376534 1 P 0
L 107.3251219 67.4164514 107.40956674 67.48755616 1 P 0
L 107.32578992 66.41974016 107.35665854 66.53240948 1 P 0
L 107.33637918 75.94006656 107.41167494 75.99287316 1 P 0
L 107.33726056 75.70811376 107.42121264 75.3940707 1 P 0
L 107.34430906 71.53832276 107.57714324 71.78526664 1 P 0
L 107.34993262 65.434718 107.55597742 65.47760336 1 P 0
L 107.35137026 71.19965186 107.53172804 71.25786104 1 P 0
L 107.36194428 70.11871676 107.53480652 70.07781768 1 P 0
L 107.36547742 77.76831538 108.08514578 77.88120314 1 P 0
L 107.38311772 82.1181365 107.5983116 81.93822068 1 P 0
L 107.38906132 69.75162072 107.65474786 69.73916456 1 P 0
L 107.3901713 78.64143784 107.6807727 79.10666424 1 P 0
L 107.39370444 76.28665718 107.39370698 76.28665972 1 P 0
L 107.39370444 76.28665718 107.92794518 76.3934845 1 P 0
L 107.39677784 65.77867718 107.6688601 65.82332784 1 P 0
L 107.40152002 68.60773934 107.51099148 68.648199 1 P 0
L 107.40956674 67.48755616 107.44374244 67.59438348 1 P 0
L 107.40956674 68.05376534 107.44374244 67.94694056 1 P 0
L 107.41167494 75.99287316 107.56303862 76.039726 1 P 0
L 107.42121264 75.3940707 107.57097866 75.05844526 1 P 0
L 107.42940922 66.94780616 107.5400948 66.91694008 1 P 0
L 107.44374244 67.59438348 107.45013562 67.77066202 1 P 0
L 107.44374244 67.94694056 107.45013562 67.77066202 1 P 0
L 107.45014324 78.14931284 107.53569298 78.1131534 1 P 0
L 107.45014324 78.14931284 107.53657436 78.36119964 1 P 0
L 107.46424786 66.14082784 107.6070111 66.2830399 1 P 0
L 107.47130906 81.5713253 107.66324162 81.41764768 1 P 0
L 107.47835756 69.39344262 107.73941368 69.17472068 1 P 0
L 107.49954116 74.5792133 107.82409728 74.12732698 1 P 0
L 107.51099148 68.648199 107.5794521 68.73496032 1 P 0
L 107.53172804 71.25786104 107.72531414 71.43248604 1 P 0
L 107.53480652 70.07781768 107.76852208 70.0354835 1 P 0
L 107.53569298 78.1131534 107.75353354 78.1352006 1 P 0
L 107.53657436 78.36119964 107.75000548 78.7067006 1 P 0
L 107.5400948 66.91694008 107.6005087 66.8331531 1 P 0
L 107.5431936 79.80815382 107.80878108 80.0834314 1 P 0
L 107.55182706 80.19372328 107.93698758 80.5429174 1 P 0
L 107.55597742 65.47760336 107.76356654 65.51188828 1 P 0
L 107.56303862 76.039726 107.86598696 76.0980444 1 P 0
L 107.57097866 75.05844526 107.77630464 74.71405936 1 P 0
L 107.57714324 71.78526664 107.77734604 71.95900772 1 P 0
L 107.5794521 68.73496032 107.64063562 68.89249874 1 P 0
L 107.5983116 81.93822068 107.85936772 81.68422068 1 P 0
L 107.6005087 66.8331531 107.64769174 66.66999366 1 P 0
L 107.6070111 66.2830399 107.6750323 66.38953448 1 P 0
L 107.61067378 73.56496844 108.03538464 73.15618846 1 P 0
L 107.62652592 70.82570798 107.7958601 70.47292992 1 P 0
L 107.62654624 73.18925926 107.9864744 72.86475902 1 P 0
L 107.64063562 68.89249874 107.73941368 69.17472068 1 P 0
L 107.64769174 66.66999366 107.68352098 66.5039691 1 P 0
L 107.65474786 69.73916456 107.83301014 69.7194313 1 P 0
L 107.66324162 81.41764768 107.8426088 81.35789672 1 P 0
L 107.6688601 65.82332784 107.8383035 65.86466888 1 P 0
L 107.67239578 64.85351774 107.6953269 64.73235974 1 P 0
L 107.67239578 64.85351774 107.71825802 64.97665948 1 P 0
L 107.6750323 66.38953448 107.68352098 66.5039691 1 P 0
L 107.6807727 79.10666424 108.00047742 79.51103732 1 P 0
L 107.6953269 64.73235974 107.78969552 64.60458758 1 P 0
L 107.71825802 64.97665948 107.88758966 65.25888142 1 P 0
L 107.72531414 71.43248604 107.94403608 71.67942992 1 P 0
L 107.7323601 67.83415948 107.74944922 67.37510782 1 P 0
L 107.7323601 67.83415948 107.75192826 68.16951568 1 P 0
L 107.74944922 67.37510782 107.8055629 66.98749112 1 P 0
L 107.75000548 78.7067006 108.02164324 79.0839541 1 P 0
L 107.75192826 68.16951568 107.80688624 68.51016524 1 P 0
L 107.75353354 78.1352006 108.77658966 78.24103478 1 P 0
L 107.76147104 71.0735307 108.02164578 71.13614932 1 P 0
L 107.76356654 65.51188828 107.8937644 65.4820128 1 P 0
L 107.76852208 70.0354835 107.90169682 70.05664932 1 P 0
L 107.77630464 74.71405936 108.02694422 74.37372222 1 P 0
L 107.77734604 71.95900772 107.9299213 72.03221052 1 P 0
L 107.78969552 64.60458758 107.95814578 64.46160336 1 P 0
L 107.7958601 70.47292992 107.79586264 70.47292738 1 P 0
L 107.79586264 70.47292738 107.896406 70.20128962 1 P 0
L 107.8055629 66.98749112 107.90797824 66.63162696 1 P 0
L 107.80688624 68.51016524 107.89160794 68.8422169 1 P 0
L 107.80878108 80.0834314 108.09372082 80.33357314 1 P 0
L 107.82409728 74.12732698 108.23331922 73.70520438 1 P 0
L 107.83301014 69.7194313 107.95372618 69.72946176 1 P 0
L 107.8383035 65.86466888 107.94490984 65.86830616 1 P 0
L 107.8426088 81.35789672 108.03387842 81.39074908 1 P 0
L 107.85936772 81.68422068 108.17686772 81.86766456 1 P 0
L 107.86598696 76.0980444 108.1609978 76.11469156 1 P 0
L 107.88758966 65.25888142 107.93797056 65.39525148 1 P 0
L 107.89160794 68.8422169 108.00047234 69.1517794 1 P 0
L 107.8937644 65.4820128 107.93797056 65.39525148 1 P 0
L 107.896406 70.20128962 107.90169682 70.05664932 1 P 0
L 107.90797824 66.63162696 108.06397234 66.2678253 1 P 0
L 107.92794518 76.3934845 108.40265086 76.38455386 1 P 0
L 107.9299213 72.03221052 108.15305522 71.96253578 1 P 0
L 107.93698758 80.5429174 108.35786558 80.84911694 1 P 0
L 107.94403608 71.67942992 108.36031414 71.47481768 1 P 0
L 107.94490984 65.86830616 108.02108698 65.82828846 1 P 0
L 107.95372618 69.72946176 108.04666224 69.77785892 1 P 0
L 107.95814578 64.46160336 108.06916156 64.38255856 1 P 0
L 107.97974594 67.61967172 107.9802006 68.00877686 1 P 0
L 107.97974594 67.61967172 108.0274954 67.22825264 1 P 0
L 107.9802006 68.00877686 108.02861046 68.39060236 1 P 0
L 107.9864744 72.86475902 108.36285922 72.58424396 1 P 0
L 108.00047234 69.1517794 108.12785842 69.42495894 1 P 0
L 108.00047742 79.51103732 108.37431208 79.87164112 1 P 0
L 108.02108698 65.82828846 108.0992504 65.73865948 1 P 0
L 108.02164324 79.0839541 108.28269936 79.3910909 1 P 0
L 108.02164578 71.13614932 108.09661134 71.16756912 1 P 0
L 108.02309866 64.81030218 108.0364108 64.89199112 1 P 0
L 108.02309866 64.81030218 108.04104122 64.75440948 1 P 0
L 108.02694422 74.37372222 108.31263834 74.05025576 1 P 0
L 108.0274954 67.22825264 108.12369536 66.83948024 1 P 0
L 108.02861046 68.39060236 108.12472914 68.76019268 1 P 0
L 108.03387842 81.39074908 108.261531 81.51488142 1 P 0
L 108.03538464 73.15618846 108.5067299 72.8016451 1 P 0
L 108.0364108 64.89199112 108.1627504 65.1248253 1 P 0
L 108.04104122 64.75440948 108.08875004 64.72629676 1 P 0
L 108.04666224 69.77785892 108.14158204 69.87322068 1 P 0
L 108.04897618 70.71723982 108.06827002 70.80179642 1 P 0
L 108.04897618 70.71723982 108.07598654 70.59167238 1 P 0
L 108.06397234 66.2678253 108.22878532 65.98251472 1 P 0
L 108.06827002 70.80179642 108.13452592 70.8327768 1 P 0
L 108.06916156 64.38255856 108.15305776 64.35841586 1 P 0
L 108.07598654 70.59167238 108.14863816 70.43766456 1 P 0
L 108.08514578 77.88120314 108.88947996 77.95881538 1 P 0
L 108.08875004 64.72629676 108.16473414 64.7279503 1 P 0
L 108.09372082 80.33357314 108.39560744 80.55527196 1 P 0
L 108.09661134 71.16756912 108.18215854 71.16525518 1 P 0
L 108.0992504 65.73865948 108.21731976 65.56337408 1 P 0
L 108.12369536 66.83948024 108.26859728 66.45831514 1 P 0
L 108.12472914 68.76019268 108.26830772 69.11258212 1 P 0
L 108.12785842 69.42495894 108.26814262 69.64787188 1 P 0
L 108.13452592 70.8327768 108.42380398 70.67755232 1 P 0
L 108.14158204 69.87322068 108.24884878 70.01300704 1 P 0
L 108.14863816 70.43766456 108.2517139 70.25025066 1 P 0
L 108.15305522 71.96253578 108.50847742 71.79232022 1 P 0
L 108.15305776 64.35841586 108.24885894 64.39115646 1 P 0
L 108.1609978 76.11469156 108.43219614 76.09032788 1 P 0
L 108.1627504 65.1248253 108.24708602 65.27630074 1 P 0
L 108.16473414 64.7279503 108.39558204 64.82849112 1 P 0
L 108.17686772 81.86766456 108.56315854 82.05904848 1 P 0
L 108.18215854 71.16525518 108.43792384 71.0514835 1 P 0
L 108.21731976 65.56337408 108.2659379 65.41586866 1 P 0
L 108.22878532 65.98251472 108.39822872 65.77922836 1 P 0
L 108.23331922 73.70520438 108.70604116 73.33203266 1 P 0
L 108.24708602 65.27630074 108.2659379 65.41586866 1 P 0
L 108.24884878 70.01300704 108.28533842 70.12369262 1 P 0
L 108.24885894 64.39115646 108.3955922 64.48276918 1 P 0
L 108.2517139 70.25025066 108.28533842 70.12369262 1 P 0
L 108.261531 81.51488142 108.61607436 81.69832784 1 P 0
L 108.26814262 69.64787188 108.41570392 69.80662188 1 P 0
L 108.26830772 69.11258212 108.45909728 69.44281514 1 P 0
L 108.26859728 66.45831514 108.45501804 66.08084066 1 P 0
L 108.28269936 79.3910909 108.58619888 79.67849444 1 P 0
L 108.31263834 74.05025576 108.6231381 73.75647174 1 P 0
L 108.35786558 80.84911694 108.81165436 81.11000796 1 P 0
L 108.36031414 71.47481768 108.619163 71.32180046 1 P 0
L 108.36285922 72.58424396 108.75627728 72.34738642 1 P 0
L 108.37431208 79.87164112 108.7792338 80.17337534 1 P 0
L 108.39558204 64.82849112 108.58773812 64.9343253 1 P 0
L 108.3955922 64.48276918 108.5870828 64.57063286 1 P 0
L 108.39560744 80.55527196 108.85560906 80.83173572 1 P 0
L 108.39822872 65.77922836 108.56105796 65.66854278 1 P 0
L 108.40265086 76.38455386 108.6197472 76.33606018 1 P 0
L 108.41570392 69.80662188 108.56491622 69.88732022 1 P 0
L 108.42380398 70.67755232 108.42380652 70.67753962 1 P 0
L 108.42380652 70.67753962 108.56580014 70.59364596 1 P 0
L 108.43219614 76.09032788 108.66370698 76.0256163 1 P 0
L 108.43792384 71.0514835 108.67075802 70.9465307 1 P 0
L 108.45501804 66.08084066 108.53363612 65.98553732 1 P 0
L 108.45909728 69.44281514 108.56581284 69.57775264 1 P 0
L 108.5067299 72.8016451 109.01908346 72.5072972 1 P 0
L 108.50847742 71.79232022 108.98472742 71.57624242 1 P 0
L 108.53363612 65.98553732 108.6169659 65.9520779 1 P 0
L 108.56105796 65.66854278 108.70602846 65.66104724 1 P 0
L 108.56315854 82.05904848 109.0447019 82.25572068 1 P 0
L 108.56491622 69.88732022 108.66931784 69.88753866 1 P 0
L 108.56580014 70.59364596 108.66545958 70.56200518 1 P 0
L 108.56581284 69.57775264 108.63548504 69.63331514 1 P 0
L 108.58619888 79.67849444 108.87977716 79.9070284 1 P 0
L 108.5870828 64.57063286 108.74219552 64.5930128 1 P 0
L 108.58773812 64.9343253 108.73160372 64.9660753 1 P 0
L 108.61607436 81.69832784 109.12936518 81.90293754 1 P 0
L 108.6169659 65.9520779 108.71584048 65.98013474 1 P 0
L 108.619163 71.32180046 108.78011772 71.18201156 1 P 0
L 108.6197472 76.33606018 108.82444072 76.25788406 1 P 0
L 108.6231381 73.75647174 108.94818952 73.50518446 1 P 0
L 108.63548504 69.63331514 109.2281534 69.09003708 1 P 0
L 108.66370698 76.0256036 108.66370698 76.0256163 1 P 0
L 108.66370698 76.0256036 108.8747124 75.90554796 1 P 0
L 108.66545958 70.56200518 108.75718152 70.57931274 1 P 0
L 108.66931784 69.88753866 108.80215984 69.82029216 1 P 0
L 108.67075802 70.9465307 108.74947008 70.93539788 1 P 0
L 108.70602846 65.66104724 108.92386902 65.81979724 1 P 0
L 108.70604116 73.33203266 109.22109728 73.02698882 1 P 0
L 108.71584048 65.98013474 108.84109042 66.06937764 1 P 0
L 108.73160372 64.9660753 108.8609202 64.92374112 1 P 0
L 108.74219552 64.5930128 108.83512904 64.55321608 1 P 0
L 108.74947008 70.93539788 108.79775802 70.95270544 1 P 0
L 108.75542384 64.10176918 108.8400922 64.45454724 1 P 0
L 108.75627728 72.34738642 109.1673077 72.1538562 1 P 0
L 108.75718152 70.57931274 108.87536264 70.64226156 1 P 0
L 108.77658966 78.24103478 109.41423634 78.31776564 1 P 0
L 108.7792338 80.17337534 109.21987554 80.42087294 1 P 0
L 108.78011772 71.18201156 108.84053162 71.05809766 1 P 0
L 108.79775802 70.95270544 108.84053162 71.05809766 1 P 0
L 108.80215984 69.82029216 109.27752846 69.39342992 1 P 0
L 108.81165436 81.11000796 109.29553706 81.32327398 1 P 0
L 108.82444072 76.25788406 109.01755946 76.14977658 1 P 0
L 108.83512904 64.55321608 108.8400922 64.45454724 1 P 0
L 108.84109042 66.06937764 109.2140437 66.4300932 1 P 0
L 108.85560906 80.83173572 109.32528554 81.05246934 1 P 0
L 108.8609202 64.92374112 109.00941622 64.8073253 1 P 0
L 108.8747124 75.90554796 109.08175034 75.73720692 1 P 0
L 108.87536264 70.64226156 109.0058907 70.69958936 1 P 0
L 108.87977716 79.9070284 109.19055124 80.09455152 1 P 0
L 108.88947996 77.95881538 109.26684268 77.98692556 1 P 0
L 108.92386902 65.81979724 109.28458458 66.14788142 1 P 0
L 108.93180906 70.2259835 108.97325932 70.34769268 1 P 0
L 108.93180906 70.2259835 109.07027208 70.00285212 1 P 0
L 108.9417303 65.26362106 108.98648764 65.41145668 1 P 0
L 108.9417303 65.26362106 108.9882504 65.138935 1 P 0
L 108.94818952 73.50518446 109.27754116 73.30921584 1 P 0
L 108.97325932 70.34769268 109.07291876 70.4799835 1 P 0
L 108.98472742 71.57624242 109.48214578 71.39720798 1 P 0
L 108.98648764 65.41145668 109.14501666 65.62411564 1 P 0
L 108.9882504 65.138935 109.18702064 64.98724112 1 P 0
L 109.0058907 70.69958936 109.03411264 70.6988172 1 P 0
L 109.00941622 64.8073253 109.11139214 64.70490996 1 P 0
L 109.01755946 76.14977658 109.19992892 76.01149136 1 P 0
L 109.01908346 72.5072972 109.5668243 72.27909344 1 P 0
L 109.02000294 70.62815186 109.03058458 70.67753962 1 P 0
L 109.02000294 70.62815186 109.09408458 70.64226156 1 P 0
L 109.03058458 70.67753962 109.03411264 70.6988172 1 P 0
L 109.0447019 82.25572068 109.6020922 82.46033292 1 P 0
L 109.07027208 70.00285212 109.404531 69.62626156 1 P 0
L 109.07291876 70.4799835 109.20520958 70.64578962 1 P 0
L 109.08175034 75.73720692 109.26497324 75.53843922 1 P 0
L 109.09408458 70.64226156 109.18007628 70.66453228 1 P 0
L 109.10382802 64.37811102 109.15846596 64.61770668 1 P 0
L 109.11139214 64.70490996 109.15846596 64.61770668 1 P 0
L 109.12936518 81.90293754 109.61289228 82.07855568 1 P 0
L 109.14501666 65.62411564 109.43980652 65.94326918 1 P 0
L 109.1673077 72.1538562 109.59652452 72.00331802 1 P 0
L 109.17876564 70.20481768 109.37632176 70.37415186 1 P 0
L 109.17876564 70.20481768 109.75026564 69.62626156 1 P 0
L 109.18007628 70.66453228 109.20520958 70.64578962 1 P 0
L 109.18702064 64.98724112 109.55710626 64.7879197 1 P 0
L 109.19055124 80.09455152 109.54564578 80.25892508 1 P 0
L 109.19992892 76.01149136 109.48193242 75.72552038 1 P 0
L 109.2140437 66.4300932 109.84045088 67.04866956 1 P 0
L 109.21987554 80.42087294 109.70086772 80.61875926 1 P 0
L 109.22109728 73.02698882 109.72457862 72.79647112 1 P 0
L 109.2281534 69.09003708 109.77143146 68.5397029 1 P 0
L 109.25019552 71.00915186 109.27047996 70.95976156 1 P 0
L 109.25019552 71.00915186 109.3622019 70.99503962 1 P 0
L 109.25208528 65.28256946 109.27490464 65.38145674 1 P 0
L 109.25208528 65.28256946 109.31988296 65.20947842 1 P 0
L 109.26497324 75.53843922 109.40454116 75.3271036 1 P 0
L 109.26684268 77.98692556 109.59062664 78.07787788 1 P 0
L 109.27047996 70.95976156 109.3463269 70.92007406 1 P 0
L 109.27490464 65.38145674 109.74321714 65.88681006 1 P 0
L 109.27752846 69.39342992 109.8631407 68.85720798 1 P 0
L 109.27754116 73.30921584 109.72909728 73.07638166 1 P 0
L 109.28458458 66.14788142 109.66734988 66.48125642 1 P 0
L 109.29553706 81.32327398 109.80670698 81.48659852 1 P 0
L 109.31988296 65.20947842 109.77482998 64.96505422 1 P 0
L 109.32528554 81.05246934 109.80438796 81.21731026 1 P 0
L 109.3463269 70.92007406 109.43275802 70.91742992 1 P 0
L 109.3622019 70.99503962 109.45304246 70.95358936 1 P 0
L 109.37632176 70.37415186 109.54631634 70.50115186 1 P 0
L 109.404531 69.62626156 109.73966876 69.24085212 1 P 0
L 109.40454116 75.3271036 109.49361642 74.96462274 1 P 0
L 109.41423634 78.31776564 109.60506654 78.3809329 1 P 0
L 109.43275802 70.91742992 109.45304246 70.95358936 1 P 0
L 109.43980652 65.94326918 109.82698126 66.37365948 1 P 0
L 109.48193242 75.72552038 109.66736004 75.40647606 1 P 0
L 109.48214578 71.39720798 109.82169552 71.27814548 1 P 0
L 109.49361642 74.96462274 109.56681922 74.3746036 1 P 0
L 109.54564578 80.25892508 109.91826632 80.39584632 1 P 0
L 109.54631634 70.50115186 109.6726534 70.54348604 1 P 0
L 109.56681922 74.3746036 109.67970698 73.35154748 1 P 0
L 109.5668243 72.27909344 109.91089524 72.17369868 1 P 0
L 109.59062664 78.07787788 109.88662808 78.2415885 1 P 0
L 109.59652452 72.00331802 110.04451194 71.89544676 1 P 0
L 109.6020922 82.46033292 109.62325802 82.81311098 1 P 0
L 109.60506654 78.3809329 109.77142384 78.47386896 1 P 0
L 109.61289228 82.07855568 109.85961518 82.20720922 1 P 0
L 109.62325802 82.81311098 109.66647358 83.08651404 1 P 0
L 109.66647358 83.08651404 109.73614832 83.24350128 1 P 0
L 109.66734988 66.48125642 109.77670958 66.53681892 1 P 0
L 109.66736004 75.40647606 109.7813527 74.9895376 1 P 0
L 109.6726534 70.54348604 109.751368 70.50115186 1 P 0
L 109.67970698 73.35154748 109.72909728 73.07638166 1 P 0
L 109.70086772 80.61875926 109.70087026 80.6187618 1 P 0
L 109.70087026 80.6187618 110.08947756 80.73870568 1 P 0
L 109.72457862 72.79647112 109.885988 72.74905186 1 P 0
L 109.73614832 83.24350128 110.10127332 83.30347322 1 P 0
L 109.73966876 69.24085212 109.88430906 68.99831768 1 P 0
L 109.74321714 65.88681006 110.32882938 66.4583126 1 P 0
L 109.75026564 69.62626156 110.37889278 69.04472602 1 P 0
L 109.751368 70.50115186 109.77848758 70.37415186 1 P 0
L 109.77142384 78.47386896 109.95253854 78.61473228 1 P 0
L 109.77670958 66.53681892 109.84902846 66.52888142 1 P 0
L 109.77848758 70.37415186 109.81288426 70.23524434 1 P 0
L 109.7813527 74.9895376 109.84904116 74.40987912 1 P 0
L 109.80438796 81.21731026 110.2926674 81.32609338 1 P 0
L 109.80669428 81.4865909 109.80670698 81.48659852 1 P 0
L 109.80669428 81.4865909 110.33421164 81.58040834 1 P 0
L 109.81288426 70.23524434 109.91607176 70.13602686 1 P 0
L 109.82169552 71.27814548 110.01836772 71.1484988 1 P 0
L 109.82698126 66.37365948 109.87537842 66.47508168 1 P 0
L 109.84902846 66.52888142 109.87537842 66.47508168 1 P 0
L 109.84904116 74.40987912 109.9248881 73.74489188 1 P 0
L 109.85961518 82.20720922 109.92022212 82.2756292 1 P 0
L 109.8631407 68.85720798 109.88430906 68.89865824 1 P 0
L 109.88430906 68.89865824 109.88430906 68.99831768 1 P 0
L 109.885988 72.74905186 109.99456284 72.74917632 1 P 0
L 109.88662808 78.2415885 110.18064832 78.48798374 1 P 0
L 109.91089524 72.17369868 110.20799904 72.11328732 1 P 0
L 109.91607176 70.13602686 110.08805008 70.07649434 1 P 0
L 109.91826632 80.39584632 110.1400769 80.41767508 1 P 0
L 109.92022212 82.2756292 109.95288144 82.35835192 1 P 0
L 109.9248881 73.74489188 110.01131922 73.259823 1 P 0
L 109.95253854 78.61473228 110.1038057 78.77659632 1 P 0
L 109.95288144 82.35835192 109.97603354 82.60143754 1 P 0
L 109.97603354 82.60143754 109.99719936 82.96127172 1 P 0
L 109.99456284 72.74917632 110.05584542 72.79857932 1 P 0
L 109.99719936 82.96127172 110.92853354 82.98243754 1 P 0
L 110.01131922 73.259823 110.0753704 72.89899568 1 P 0
L 110.01836772 71.1484988 110.10920828 70.96858298 1 P 0
L 110.04451194 71.89544676 110.51184654 71.8299046 1 P 0
L 110.05584542 72.79857932 110.0753704 72.89899568 1 P 0
L 110.08805008 70.07649434 110.32882176 70.05665186 1 P 0
L 110.08947756 80.73870568 110.3226394 80.7475271 1 P 0
L 110.10127332 83.30347322 110.87914832 83.34227934 1 P 0
L 110.1038057 78.77659632 110.2244811 78.95731224 1 P 0
L 110.10920828 70.96858298 110.13125802 70.69870798 1 P 0
L 110.13125802 70.40942992 110.13125802 70.69870798 1 P 0
L 110.13125802 70.40942992 110.97087026 70.40942992 1 P 0
L 110.1400769 80.41767508 110.21096322 80.38170868 1 P 0
L 110.18064832 78.48798374 110.35735358 78.68292112 1 P 0
L 110.20799904 72.11328732 111.0132146 72.0744812 1 P 0
L 110.21096322 80.38170868 110.26398826 80.31250384 1 P 0
L 110.2244811 78.95731224 110.31381798 79.15472866 1 P 0
L 110.26398826 80.31250384 110.34292384 80.06842508 1 P 0
L 110.2926674 81.32609338 110.78987748 81.37865106 1 P 0
L 110.31381798 79.15472866 110.3710772 79.36669928 1 P 0
L 110.3226394 80.7475271 110.40015512 80.70447664 1 P 0
L 110.32882176 70.05665186 110.60398758 70.05665186 1 P 0
L 110.32882938 66.4583126 110.49110744 66.38070036 1 P 0
L 110.33421164 81.58040834 110.94705522 81.61800034 1 P 0
L 110.34292384 80.06842508 110.38637308 79.8256976 1 P 0
L 110.35735358 78.68292112 110.4962738 78.88331442 1 P 0
L 110.3710772 79.36669928 110.39550946 79.59107272 1 P 0
L 110.38637308 79.8256976 110.39550946 79.59107272 1 P 0
L 110.40015512 80.70447664 110.46187712 80.6266993 1 P 0
L 110.46187712 80.6266993 110.56870444 80.35770568 1 P 0
L 110.4911049 66.38070036 110.49110744 66.38070036 1 P 0
L 110.4911049 66.38070036 110.55937248 66.3269057 1 P 0
L 110.4962738 78.88331442 110.59798556 79.09197796 1 P 0
L 110.51184654 71.8299046 110.9991049 71.80636896 1 P 0
L 110.5495884 65.70934026 110.55593586 65.7061297 1 P 0
L 110.5495884 65.70934026 110.55937248 66.3269057 1 P 0
L 110.56870444 80.35770568 110.68567144 79.7956875 1 P 0
L 110.59741914 69.14161178 110.61809728 69.6403738 1 P 0
L 110.59798556 79.09197796 110.66307052 79.31171844 1 P 0
L 110.60398758 70.05665186 110.61809728 69.6403738 1 P 0
L 110.66307052 79.31171844 110.69210526 79.54535272 1 P 0
L 110.68567144 79.7956875 110.69210526 79.54535272 1 P 0
L 110.78987748 81.37865106 111.29576928 81.37482074 1 P 0
L 110.8368116 69.19681614 110.8368116 69.6685932 1 P 0
L 110.8368116 69.6685932 110.8368116 70.05664932 1 P 0
L 110.8368116 70.05664932 111.12608966 70.05664932 1 P 0
L 110.83682938 65.94237256 110.83682938 66.24664424 1 P 0
L 110.83682938 66.24664424 111.07671968 66.24664424 1 P 0
L 110.87914832 83.34227934 110.87915848 83.34228442 1 P 0
L 110.87915848 83.34228442 111.98688042 83.37756248 1 P 0
L 110.92853354 82.98243754 111.60145828 82.98861228 1 P 0
L 110.94705522 81.61800034 111.57180378 81.59870904 1 P 0
L 110.97087026 70.40942992 111.59793276 70.42265824 1 P 0
L 110.9991049 71.80636896 111.42924882 71.82240144 1 P 0
L 111.0132146 72.0744812 111.8087299 72.10887788 1 P 0
L 111.12608966 70.05664932 111.41536772 70.05664932 1 P 0
L 111.29576928 81.37482074 111.81009388 81.31443478 1 P 0
L 111.31444844 69.15274714 111.37303354 69.68976156 1 P 0
L 111.37303354 69.68976156 111.41536772 70.05664932 1 P 0
L 111.3809685 74.06855392 111.40863926 73.57631716 1 P 0
L 111.3809685 74.06855392 111.41099384 74.27767212 1 P 0
L 111.40863926 73.57631716 111.54941876 72.93525418 1 P 0
L 111.41099384 74.27767212 111.4710369 74.47215484 1 P 0
L 111.42924882 71.82240144 111.84832088 71.87244706 1 P 0
L 111.4710369 74.47215484 111.68347488 74.8473103 1 P 0
L 111.54941876 72.93525418 111.6276914 72.75170108 1 P 0
L 111.57180378 81.59870904 112.13503608 81.52186896 1 P 0
L 111.59793276 70.42265824 111.92337026 70.4517641 1 P 0
L 111.60145828 82.98861228 111.90925548 82.96832784 1 P 0
L 111.61292892 69.60509574 111.620427 69.8702311 1 P 0
L 111.61292892 69.60509574 111.65363242 69.06146462 1 P 0
L 111.620427 69.8702311 111.65702586 70.011671 1 P 0
L 111.6276914 72.75170108 111.68559832 72.69973522 1 P 0
L 111.65702586 70.011671 111.74389894 70.0644776 1 P 0
L 111.68347488 74.8473103 111.96371308 75.15521926 1 P 0
L 111.68559832 72.69973522 111.76284988 72.67331668 1 P 0
L 111.68718836 73.70074414 111.69637808 74.09512486 1 P 0
L 111.68718836 73.70074414 111.7610922 73.25981284 1 P 0
L 111.69637808 74.09512486 111.78577338 74.43940154 1 P 0
L 111.74389894 70.0644776 111.90220698 70.06370798 1 P 0
L 111.74934978 69.00326052 112.40315086 69.61215186 1 P 0
L 111.7610922 73.25981284 111.85369552 73.00669422 1 P 0
L 111.76284988 72.67331668 111.9959025 72.69415484 1 P 0
L 111.78577338 74.43940154 111.95247358 74.73001564 1 P 0
L 111.8087299 72.10887788 112.1006521 72.16675432 1 P 0
L 111.81009388 81.31443478 112.33260744 81.19732808 1 P 0
L 111.84832088 71.87244706 112.25501298 71.95546188 1 P 0
L 111.85369552 73.00669422 111.91091156 72.97703718 1 P 0
L 111.90220698 70.06370798 112.08245554 70.0745106 1 P 0
L 111.90925548 82.96832784 111.94982436 82.84132784 1 P 0
L 111.91091156 72.97703718 111.99392638 72.9917006 1 P 0
L 111.92337026 70.4517641 112.00627332 70.54348604 1 P 0
L 111.94982436 82.84132784 111.9798116 82.58732784 1 P 0
L 111.95247358 74.73001564 112.19358816 74.9634137 1 P 0
L 111.96371308 75.15521926 112.12177474 75.27035492 1 P 0
L 111.9798116 82.58732784 111.97981414 82.58733546 1 P 0
L 111.97981414 82.58733546 111.99976838 82.36298996 1 P 0
L 111.98688042 83.37756248 112.0982264 83.34669386 1 P 0
L 111.99392638 72.9917006 112.398048 73.1355535 1 P 0
L 111.9959025 72.69415484 112.36786264 72.80825418 1 P 0
L 111.99976838 82.36298996 112.02930096 82.28806504 1 P 0
L 112.00627332 70.54348604 112.03625802 70.71987634 1 P 0
L 112.02930096 82.28806504 112.0865297 82.2266199 1 P 0
L 112.03625802 70.71987634 112.05345636 70.99989356 1 P 0
L 112.05345636 70.99989356 112.13680138 71.17672328 1 P 0
L 112.05831284 80.40181532 112.06448758 80.61171838 1 P 0
L 112.05831284 80.40181532 112.09976564 80.05432808 1 P 0
L 112.06448504 80.61172092 112.06448758 80.61171838 1 P 0
L 112.06448504 80.61172092 112.118394 80.6767627 1 P 0
L 112.08245554 70.0745106 112.23822866 70.13955492 1 P 0
L 112.0865297 82.2266199 112.32807354 82.11009232 1 P 0
L 112.0982264 83.34669386 112.2056049 83.21528442 1 P 0
L 112.09976564 80.05432808 112.24087534 78.94660614 1 P 0
L 112.1006521 72.16675432 112.42432684 72.2649812 1 P 0
L 112.118394 80.6767627 112.23117254 80.67698368 1 P 0
L 112.12177474 75.27035492 112.30083712 75.36325034 1 P 0
L 112.13503608 81.52186896 112.64157812 81.37957816 1 P 0
L 112.13680138 71.17672328 112.33391554 71.30328386 1 P 0
L 112.19358816 74.9634137 112.50622406 75.13603972 1 P 0
L 112.20559474 68.92069782 112.22676056 68.82897334 1 P 0
L 112.20559474 68.92069782 112.23205138 69.0088917 1 P 0
L 112.2056049 83.21528442 112.28652168 83.02037498 1 P 0
L 112.22676056 68.82897334 112.35376056 68.90658558 1 P 0
L 112.23117254 80.67698368 112.7841534 80.45649898 1 P 0
L 112.23205138 69.0088917 112.31142638 69.01241976 1 P 0
L 112.23822866 70.13955492 112.34770012 70.2442842 1 P 0
L 112.24087534 78.94660614 112.3292902 78.3279231 1 P 0
L 112.25501298 71.95546188 112.64801194 72.07040196 1 P 0
L 112.28652168 83.02037498 112.31849266 82.79900636 1 P 0
L 112.30083712 75.36325034 112.74908616 75.49322722 1 P 0
L 112.31142638 69.01241976 112.37316362 69.00536364 1 P 0
L 112.31849266 82.48856248 112.31849266 82.79900636 1 P 0
L 112.31849266 82.48856248 112.7912146 82.333338 1 P 0
L 112.32807354 82.11009232 112.81237026 81.94527934 1 P 0
L 112.3292902 78.3279231 112.401858 78.08439552 1 P 0
L 112.33260744 81.19732046 112.33260744 81.19732808 1 P 0
L 112.33260744 81.19732046 112.79154988 81.03952296 1 P 0
L 112.33391554 71.30328386 112.69242638 71.43248858 1 P 0
L 112.34770012 70.2442842 112.38904116 70.37415186 1 P 0
L 112.35376056 68.90658558 112.96053862 69.47808558 1 P 0
L 112.36081668 69.06180752 112.36831222 69.1313705 1 P 0
L 112.36081668 69.06180752 112.37316362 69.00536364 1 P 0
L 112.36786264 72.80825418 112.76625402 72.9748604 1 P 0
L 112.36831222 69.1313705 112.44195444 69.25319144 1 P 0
L 112.38904116 70.37415186 112.39929514 70.49475614 1 P 0
L 112.38904878 68.5397029 112.50899266 68.1728126 1 P 0
L 112.38904878 68.5397029 112.93232684 69.08298096 1 P 0
L 112.398048 73.1355535 112.77422454 73.30776804 1 P 0
L 112.39929514 70.49475614 112.44460366 70.53995798 1 P 0
L 112.39962788 80.20955256 112.41726564 80.02610614 1 P 0
L 112.39962788 80.20955256 112.42432176 80.28716226 1 P 0
L 112.401858 78.08439552 112.4984034 77.87592502 1 P 0
L 112.40315086 69.61215186 112.95348504 70.2118738 1 P 0
L 112.41726564 80.02610614 112.501934 79.15827196 1 P 0
L 112.42432176 80.28716226 112.91115594 80.0613842 1 P 0
L 112.42432684 72.2649812 112.9108867 72.45520688 1 P 0
L 112.44195444 69.25319144 112.77709474 69.64036364 1 P 0
L 112.44460366 70.53995798 112.54679802 70.5110731 1 P 0
L 112.45958712 70.89626156 112.48163432 70.8609835 1 P 0
L 112.45958712 70.89626156 112.48163432 70.95094268 1 P 0
L 112.48163432 70.8609835 112.5301407 70.86803962 1 P 0
L 112.48163432 70.95094268 112.5301407 70.9738738 1 P 0
L 112.4984034 77.87592502 112.62273132 77.69589998 1 P 0
L 112.501934 79.15827196 112.54625192 78.69183398 1 P 0
L 112.50622406 75.13603972 112.88748568 75.2443377 1 P 0
L 112.50899266 68.1728126 112.56852518 67.96224914 1 P 0
L 112.5301407 70.86803962 112.60069682 70.94565186 1 P 0
L 112.5301407 70.9738738 112.60069682 70.94565186 1 P 0
L 112.54625192 78.69183398 112.613059 78.3530564 1 P 0
L 112.54679802 70.5110731 112.72770698 70.40942992 1 P 0
L 112.613059 78.3530564 112.71426276 78.09762384 1 P 0
L 112.62273132 77.69589998 112.7786416 77.53770116 1 P 0
L 112.64157812 81.37957816 113.1353846 81.17328952 1 P 0
L 112.64801194 72.07040196 113.02600204 72.21622336 1 P 0
L 112.67444826 70.95998254 112.70741238 70.9721085 1 P 0
L 112.67444826 70.95998254 112.71358458 70.91742992 1 P 0
L 112.69242638 71.43248858 113.22423888 71.63709828 1 P 0
L 112.70741238 70.9721085 112.87586264 70.9103738 1 P 0
L 112.71358458 70.91742992 112.833531 70.74809574 1 P 0
L 112.71426276 78.09762384 112.86176818 77.88121584 1 P 0
L 112.72770698 70.40942738 112.72770698 70.40942992 1 P 0
L 112.72770698 70.40942738 112.8855756 70.29477686 1 P 0
L 112.74908616 75.49322722 113.36269936 75.56697866 1 P 0
L 112.76625402 72.9748604 113.1486053 73.1859471 1 P 0
L 112.77422454 73.30776804 113.12228836 73.50825786 1 P 0
L 112.77709474 69.64036364 113.0504978 69.93372094 1 P 0
L 112.7786416 77.53770116 113.20043146 77.26032808 1 P 0
L 112.7841534 80.45649898 113.19271494 80.2316023 1 P 0
L 112.7912146 82.333338 113.6802146 81.97350382 1 P 0
L 112.79154988 81.03952296 113.23792186 80.82392776 1 P 0
L 112.81237026 81.94527934 113.31419806 81.7565421 1 P 0
L 112.833531 70.74809574 112.88468152 70.65813656 1 P 0
L 112.86176818 77.88121584 113.01375162 77.72821386 1 P 0
L 112.87586264 70.9103738 112.95137938 70.83243136 1 P 0
L 112.88468152 70.65813656 112.94641876 70.62109574 1 P 0
L 112.8855756 70.29477686 112.95348504 70.2118738 1 P 0
L 112.88748568 75.2443377 113.3344825 75.28475164 1 P 0
L 112.9108867 72.45520688 113.36405318 72.69009338 1 P 0
L 112.91115594 80.0613842 113.36601914 79.76416864 1 P 0
L 112.93232684 69.08298096 113.53204878 69.63331514 1 P 0
L 112.94641876 70.62109574 112.99393454 70.65538066 1 P 0
L 112.95137938 70.83243136 112.99316238 70.73663018 1 P 0
L 112.96053862 69.47808558 113.32500322 69.79889266 1 P 0
L 112.99316238 70.73663018 112.99393454 70.65538066 1 P 0
L 113.01375162 77.72821386 113.1873149 77.60307314 1 P 0
L 113.02600204 72.21622336 113.38767518 72.39188468 1 P 0
L 113.0504978 69.93372094 113.18102586 70.1298445 1 P 0
L 113.10694168 70.57809354 113.12105392 70.6122667 1 P 0
L 113.10694168 70.57809354 113.1298728 70.50819782 1 P 0
L 113.12105392 70.6122667 113.31331668 70.59991976 1 P 0
L 113.12228836 73.50825786 113.44207436 73.73694422 1 P 0
L 113.1298728 70.50819782 113.19778224 70.29818554 1 P 0
L 113.1353846 81.17328952 113.6096788 80.90845896 1 P 0
L 113.1486053 73.1859471 113.51012096 73.43705404 1 P 0
L 113.18102586 70.1298445 113.19778224 70.29818554 1 P 0
L 113.1873149 77.60307314 113.37956496 77.50654298 1 P 0
L 113.19271494 80.2316023 113.61318146 79.93262144 1 P 0
L 113.20043146 77.26032808 113.49323758 77.15471488 1 P 0
L 113.22423888 71.63709828 113.70842638 71.86287634 1 P 0
L 113.23792186 80.82392776 113.6651143 80.55624478 1 P 0
L 113.31331668 70.59991976 113.53733198 70.59286364 1 P 0
L 113.31419806 81.7565421 113.67314832 81.57838904 1 P 0
L 113.31475178 71.0715495 113.36270698 70.95976156 1 P 0
L 113.31475178 71.0715495 113.37064448 71.20317992 1 P 0
L 113.32500322 69.79889266 113.45985944 69.87768854 1 P 0
L 113.3344825 75.28475164 114.0470922 75.34119806 1 P 0
L 113.36269936 75.56697866 114.00828354 75.63047866 1 P 0
L 113.36270698 70.95976156 113.41352984 70.93319316 1 P 0
L 113.36405318 72.69009338 113.7821829 72.9660085 1 P 0
L 113.36601914 79.76416864 113.79839318 79.37170562 1 P 0
L 113.37064448 71.20317992 113.52840388 71.35068534 1 P 0
L 113.37956496 77.50654298 113.5876062 77.43936252 1 P 0
L 113.38767518 72.39188468 113.7317131 72.59633944 1 P 0
L 113.41352984 70.93319316 113.48353478 70.93771436 1 P 0
L 113.44207436 73.73694422 113.73341998 73.99374076 1 P 0
L 113.45985944 69.87768854 113.5743728 69.90141976 1 P 0
L 113.48353478 70.93771436 113.69431922 71.0373738 1 P 0
L 113.49323758 77.15471488 113.84425288 77.11392502 1 P 0
L 113.51012096 73.43705404 113.84600294 73.72371336 1 P 0
L 113.52840388 71.35068534 113.78604116 71.51009574 1 P 0
L 113.53204878 69.63331514 113.61759852 69.5557029 1 P 0
L 113.53733198 70.59286364 113.72959474 70.6916417 1 P 0
L 113.5743728 69.90141976 113.67698372 69.86958594 1 P 0
L 113.5876062 77.43936252 113.8085481 77.40228106 1 P 0
L 113.6096788 80.90845896 114.05768146 80.59054494 1 P 0
L 113.61318146 79.93262144 113.99660716 79.59924644 1 P 0
L 113.6651143 80.55624478 114.06650796 80.24217632 1 P 0
L 113.67314832 81.57838904 113.9118245 81.45811496 1 P 0
L 113.67698372 69.86958594 113.77611992 69.78169432 1 P 0
L 113.6802146 81.97350382 114.10354878 81.75478188 1 P 0
L 113.69431922 71.0373738 113.92097866 71.1405613 1 P 0
L 113.70842638 71.86287634 114.05062026 72.03309444 1 P 0
L 113.72959474 70.6916417 113.864644 70.78303344 1 P 0
L 113.7317131 72.59633944 114.0568077 72.8285437 1 P 0
L 113.73341998 73.99374076 113.99615758 74.2785662 1 P 0
L 113.7821829 72.9660085 114.16363248 73.2793302 1 P 0
L 113.78604116 71.51009574 114.18820698 71.7358738 1 P 0
L 113.79839318 79.37170562 114.17520218 78.9183842 1 P 0
L 113.8085481 77.40228106 114.03949252 77.39603774 1 P 0
L 113.83542384 70.13426156 113.91403176 70.03421858 1 P 0
L 113.83542384 70.13426156 113.9977019 70.41648604 1 P 0
L 113.84425288 77.11392502 114.2402465 77.13928184 1 P 0
L 113.84600294 73.72371336 114.15145826 74.04146228 1 P 0
L 113.864644 70.78303344 113.97389448 70.82481644 1 P 0
L 113.9118245 81.45811496 114.11147612 81.42581124 1 P 0
L 113.92097866 71.1405613 114.11059728 71.18553962 1 P 0
L 113.97389448 70.82481644 114.05800912 70.8176511 1 P 0
L 113.99615758 74.2785662 114.23011952 74.5913418 1 P 0
L 113.99660716 79.59924644 114.2940437 79.2711648 1 P 0
L 113.9977019 70.41648604 114.10000802 70.63432406 1 P 0
L 114.00828354 75.63047866 114.39986772 75.69397866 1 P 0
L 114.03949252 77.39603774 114.27754894 77.42137932 1 P 0
L 114.0470922 75.34119806 114.48189194 75.4091075 1 P 0
L 114.05062026 72.03309444 114.24464832 72.10276664 1 P 0
L 114.0568077 72.8285437 114.3616458 73.08745606 1 P 0
L 114.05768146 80.59054494 114.47260824 80.22500592 1 P 0
L 114.05800912 70.8176511 114.11765086 70.76219782 1 P 0
L 114.06650796 80.24217632 114.43549122 79.88742722 1 P 0
L 114.10000802 70.63432406 114.11764832 70.76220798 1 P 0
L 114.10354878 81.75478188 114.35754878 82.00878188 1 P 0
L 114.11059728 71.18553962 114.2587631 71.22258298 1 P 0
L 114.11147612 81.42581124 114.29128272 81.4821459 1 P 0
L 114.11764832 70.76220798 114.11765086 70.76219782 1 P 0
L 114.15145826 74.04146228 114.4216914 74.38583548 1 P 0
L 114.16363248 73.2793302 114.50675854 73.62642628 1 P 0
L 114.17520218 78.9183842 114.46338042 78.43860614 1 P 0
L 114.18820698 71.7358738 114.34342892 71.58770798 1 P 0
L 114.23011952 74.5913418 114.43514578 74.93197866 1 P 0
L 114.2402465 77.13928184 114.66798758 77.23210614 1 P 0
L 114.24464832 72.10276664 114.37870444 72.02956638 1 P 0
L 114.2587631 71.22258298 114.3857631 71.31253962 1 P 0
L 114.27754894 77.42137932 114.5198243 77.47905002 1 P 0
L 114.29128272 81.4821459 114.47042638 81.6277768 1 P 0
L 114.2940437 79.2711648 114.55179274 78.88200632 1 P 0
L 114.34342892 71.58770798 114.4651381 71.44483298 1 P 0
L 114.35754878 82.00878188 114.57362404 82.18870024 1 P 0
L 114.3616458 73.08745606 114.64491168 73.3720275 1 P 0
L 114.37870444 72.02956638 114.57626056 71.85582276 1 P 0
L 114.3857631 71.31253962 114.3857631 71.31254216 1 P 0
L 114.3857631 71.31254216 114.4486027 71.38728674 1 P 0
L 114.3998601 75.69398374 114.39986772 75.69397866 1 P 0
L 114.3998601 75.69398374 114.80908204 75.76453986 1 P 0
L 114.4216914 74.38583548 114.6519043 74.75236764 1 P 0
L 114.43514578 74.93197866 114.6468116 75.37647866 1 P 0
L 114.43549122 79.88742722 114.76544738 79.49770486 1 P 0
L 114.4486027 71.38728674 114.4651381 71.44483298 1 P 0
L 114.46338042 78.43860614 114.75265848 77.74010614 1 P 0
L 114.47042638 81.6277768 114.71737026 81.83944516 1 P 0
L 114.47260824 80.22500592 114.84768496 79.81729782 1 P 0
L 114.48189194 75.4091075 114.60371034 75.40568866 1 P 0
L 114.50675854 73.62642628 114.8099177 74.00366962 1 P 0
L 114.5198243 77.47905002 114.66633658 77.52678678 1 P 0
L 114.55179274 78.88200632 114.77911258 78.44919032 1 P 0
L 114.57362404 82.18870024 114.73149266 82.26278188 1 P 0
L 114.57626056 71.85582276 114.73883326 71.68846978 1 P 0
L 114.60371034 75.40568866 114.64681414 75.37647612 1 P 0
L 114.64491168 73.3720275 114.90529724 73.6812217 1 P 0
L 114.6468116 75.37647866 114.64681414 75.37647612 1 P 0
L 114.6519043 74.75236764 114.83730398 75.13659598 1 P 0
L 114.66633658 77.52678678 114.74472098 77.57518394 1 P 0
L 114.66798758 77.23210614 115.08426564 77.34499644 1 P 0
L 114.71737026 81.83944516 115.4440922 81.1832768 1 P 0
L 114.73149266 82.26278188 114.85934864 82.19633294 1 P 0
L 114.74472098 77.57518394 114.76886368 77.6407769 1 P 0
L 114.75265848 77.74010614 114.76886368 77.6407769 1 P 0
L 114.76544738 79.49770486 115.04976482 79.07871408 1 P 0
L 114.77911258 78.44919032 114.95087246 78.02696104 1 P 0
L 114.80908204 75.76453986 114.9454521 75.74381346 1 P 0
L 114.8099177 74.00366962 115.07146912 74.40743564 1 P 0
L 114.83730398 75.13659598 114.9589014 75.45894484 1 P 0
L 114.84768496 79.81729782 115.17612474 79.37288164 1 P 0
L 114.85934864 82.19633294 115.08228698 82.01958704 1 P 0
L 114.90529724 73.6812217 115.14148676 74.01398964 1 P 0
L 114.9454521 75.74381346 114.9951726 75.6516521 1 P 0
L 114.95087246 78.02696104 115.041934 77.66955256 1 P 0
L 114.9589014 75.45894484 114.9951726 75.6516521 1 P 0
L 115.041934 77.66955256 115.08426564 77.34499644 1 P 0
L 115.04976482 79.07871408 115.28182684 78.63615972 1 P 0
L 115.07146912 74.40743564 115.28976434 74.83409468 1 P 0
L 115.08228698 82.01958704 115.67517378 81.47079718 1 P 0
L 115.14148676 74.01398964 115.3521696 74.36928738 1 P 0
L 115.17612474 79.37288164 115.45115594 78.89720822 1 P 0
L 115.28182684 78.63615972 115.46871496 78.15696078 1 P 0
L 115.28976434 74.83409468 115.46316506 75.28001708 1 P 0
L 115.3521696 74.36928738 115.53603258 74.74607352 1 P 0
L 115.4440922 81.1832768 116.1284825 80.52005486 1 P 0
L 115.45115594 78.89720822 115.61335018 78.5228808 1 P 0
L 115.46316506 75.28001708 115.59002536 75.74157572 1 P 0
L 115.46871496 78.15696078 115.59920238 77.67163028 1 P 0
L 115.53603258 74.74607352 115.69176252 75.14330158 1 P 0
L 115.59002536 75.74157572 115.6687044 76.21514348 1 P 0
L 115.59920238 77.67163028 115.67493502 77.18380042 1 P 0
L 115.61335018 78.5228808 115.74462246 78.1158077 1 P 0
L 115.6687044 76.21514348 115.69755372 76.69709578 1 P 0
L 115.6698728 80.00499874 115.7192631 79.76334568 1 P 0
L 115.6698728 80.00499874 115.75894806 80.14522706 1 P 0
L 115.67493502 77.18380042 115.69755372 76.69709578 1 P 0
L 115.67517378 81.47079718 116.23366644 80.88761064 1 P 0
L 115.69176252 75.14330158 115.81804624 75.55992762 1 P 0
L 115.7192631 79.76334568 115.89565086 79.36294262 1 P 0
L 115.74462246 78.1158077 115.84381454 77.68624544 1 P 0
L 115.75894806 80.14522706 115.91681668 80.32249874 1 P 0
L 115.81804624 75.55992762 115.89662114 75.94814884 1 P 0
L 115.84381454 77.68624544 115.90976818 77.24444546 1 P 0
L 115.89565086 79.36294262 116.13642254 78.83730232 1 P 0
L 115.89662114 75.94814884 115.93732972 76.36514572 1 P 0
L 115.90976818 77.24444546 115.94132514 76.80066174 1 P 0
L 115.91681668 80.32249874 116.1284825 80.52005486 1 P 0
L 115.93732972 76.36514572 115.94132514 76.80066174 1 P 0
L 116.0711674 79.88329718 116.10589428 79.72101912 1 P 0
L 116.0711674 79.88329718 116.12507636 80.0217602 1 P 0
L 116.10589428 79.72101912 116.22727072 79.4899477 1 P 0
L 116.12507636 80.0217602 116.2696049 80.18139412 1 P 0
L 116.13642254 78.83730232 116.3941538 78.17233032 1 P 0
L 116.22727072 79.4899477 116.40189826 79.12041326 1 P 0
L 116.23366644 80.88761064 116.4136102 80.66786762 1 P 0
L 116.2696049 80.18139412 116.4204174 80.37189412 1 P 0
L 116.40189826 79.12041326 116.4477859 79.00394664 1 P 0
L 116.4136102 80.66786762 116.48127072 80.54122576 1 P 0
L 116.4204174 80.37189412 116.48127072 80.54122576 1 P 0
S P 0
OB 82.8847466 79.11290756 I
OS 82.8790316 79.1032962
OS 82.86915608 79.09376104
OS 82.8551683 79.08706814
OS 82.85378146 79.08709354
OS 82.8468244 79.08582862
OS 82.83709366 79.08460942
OS 82.82181556 79.08348928
OS 82.80099264 79.08246566
OS 82.7760092 79.0815157
OS 82.7607565 79.0817824
OS 82.74409156 79.08068512
OS 82.72745202 79.08097468
OS 82.7080388 79.08131504
OS 82.52361956 79.08453322
OS 82.51864624 79.1969714
OS 82.51949206 79.24550318
OS 82.5226061 79.26486814
OS 82.52705618 79.28143402
OS 82.52997464 79.2897068
OS 82.53284484 79.29520336
OS 82.53709934 79.3006796
OS 82.54130812 79.30337962
OS 82.54133352 79.30476646
OS 82.54274322 79.3061279
OS 82.54843536 79.31434988
OS 82.55420116 79.32673492
OS 82.56412494 79.33904376
OS 82.57268474 79.35276484
OS 82.5839725 79.36366398
OS 82.59379976 79.370428
OS 82.59800854 79.37312802
OS 82.60216906 79.3730569
OS 82.6035559 79.3730315
OS 82.60630418 79.3715964
OS 82.61318758 79.36870334
OS 82.6214121 79.3630112
OS 82.6323341 79.35311028
OS 82.64600692 79.3417768
OS 82.6623569 79.32484516
OS 82.6718692 79.3135828
OS 82.6813815 79.30232044
OS 82.68274548 79.30091074
OS 82.6868552 79.2980634
OS 82.69374114 79.29517034
OS 82.70060168 79.29089044
OS 82.71709644 79.28227984
OS 82.72400524 79.28077108
OS 82.7295272 79.27928772
OS 82.73091404 79.27926486
OS 82.73227548 79.27785262
OS 82.73779744 79.27636926
OS 82.74604482 79.27206396
OS 82.75840446 79.26491386
OS 82.77626066 79.25489102
OS 82.78584662 79.24778918
OS 82.79820626 79.24063908
OS 82.81190194 79.2306899
OS 82.82698446 79.22071786
OS 82.82834844 79.21930562
OS 82.8324607 79.21646082
OS 82.83652216 79.21084234
OS 82.84335984 79.20517306
OS 82.85970728 79.18824396
OS 82.87459676 79.16717974
OS 82.87995108 79.1559885
OS 82.88530286 79.1447998
OS 82.8878835 79.13365682
OS 82.88769046 79.12256464
OS 82.8847466 79.11290756
OE
OB 83.69567462 79.72015044 I
OS 83.68460276 79.48315828
OS 83.4142096 79.4878776
OS 83.41282276 79.487903
OS 83.40727794 79.48799952
OS 83.39757006 79.48816716
OS 83.38509104 79.4883856
OS 83.36983834 79.4886523
OS 83.35042512 79.48899012
OS 83.32826362 79.49076558
OS 83.30330304 79.49119992
OS 83.27420988 79.49309476
OS 83.24370448 79.49362816
OS 83.20906142 79.49561952
OS 83.17303406 79.49763628
OS 83.13423302 79.4997013
OS 83.0926583 79.50181204
OS 83.04969674 79.50395072
OS 83.0039869 79.50752196
OS 83.00121322 79.50757022
OS 82.99289218 79.507715
OS 82.9818254 79.50929488
OS 82.96520872 79.51097382
OS 82.94720774 79.51267308
OS 82.92504624 79.51444854
OS 82.9028822 79.51622146
OS 82.8807461 79.51938122
OS 82.85722062 79.52256638
OS 82.83508452 79.52572868
OS 82.81435558 79.53024988
OS 82.79499316 79.53336138
OS 82.77983698 79.53917544
OS 82.76742908 79.54355186
OS 82.7592071 79.549244
OS 82.75786852 79.55204308
OS 82.75652994 79.55483962
OS 82.75650454 79.55345278
OS 82.75509484 79.55209134
OS 82.75368514 79.55072736
OS 82.74808952 79.54805274
OS 82.74115532 79.54817212
OS 82.73006314 79.5483677
OS 82.7148587 79.55140554
OS 82.70517622 79.55296256
OS 82.6941323 79.55592928
OS 82.69274546 79.55595214
OS 82.69138148 79.55736438
OS 82.68308584 79.558896
OS 82.67068048 79.56327242
OS 82.66150092 79.56713322
OS 82.66377168 79.56478118
OS 82.6691006 79.55220564
OS 82.67022074 79.53692754
OS 82.67009882 79.52999334
OS 82.66718036 79.5217231
OS 82.6642619 79.51345286
OS 82.65856976 79.50522834
OS 82.65010648 79.49705462
OS 82.6375284 79.4917257
OS 82.62225284 79.49060556
OS 82.620866 79.49062842
OS 82.61531864 79.49072494
OS 82.6070484 79.4936434
OS 82.59877562 79.49656186
OS 82.59055364 79.502254
OS 82.58237738 79.51071982
OS 82.57704846 79.52329536
OS 82.57592832 79.53857346
OS 82.57595372 79.5399603
OS 82.57743708 79.54548226
OS 82.5789687 79.5537779
OS 82.58188716 79.56204814
OS 82.5875793 79.57027266
OS 82.59604512 79.57844638
OS 82.60862066 79.5837753
OS 82.62354316 79.58487004
OS 82.61294882 79.59340952
OS 82.60202682 79.60331044
OS 82.60066284 79.60472014
OS 82.59932426 79.60751668
OS 82.5952628 79.6131377
OS 82.59124706 79.62152986
OS 82.58324352 79.63970102
OS 82.57925318 79.64948002
OS 82.57805938 79.6605976
OS 82.57813304 79.66475558
OS 82.57684272 79.67032834
OS 82.57557526 79.6772854
OS 82.57165858 79.69122238
OS 82.56900682 79.69820484
OS 82.56632966 79.70380046
OS 82.56496822 79.70521016
OS 82.56226566 79.70941894
OS 82.5596139 79.7164014
OS 82.55567182 79.72895408
OS 82.5518034 79.74566474
OS 82.55058674 79.75539548
OS 82.5494158 79.7678999
OS 82.5482474 79.78040432
OS 82.5492888 79.84002828
OS 82.55079756 79.84693708
OS 82.55247396 79.86355376
OS 82.55558546 79.88291618
OS 82.55874522 79.90505482
OS 82.5646304 79.92437152
OS 82.57185416 79.94088914
OS 82.5761366 79.94774968
OS 82.58036824 79.95183654
OS 82.58178048 79.95320052
OS 82.58596386 79.9545137
OS 82.59153408 79.95580402
OS 82.60123942 79.95563384
OS 82.61230874 79.95405396
OS 82.62612634 79.95103898
OS 82.64123426 79.94245124
OS 82.64945878 79.93676164
OS 82.6590422 79.92965726
OS 82.66179302 79.92822216
OS 82.66728958 79.92535196
OS 82.67419838 79.92384574
OS 82.68524484 79.92087902
OS 82.70183612 79.91781578
OS 82.7115186 79.91625876
OS 82.72258538 79.91467888
OS 82.73506694 79.91446044
OS 82.7489074 79.9128323
OS 82.75029424 79.9128069
OS 82.75306792 79.91275864
OS 82.75861528 79.91266212
OS 82.76552408 79.9111559
OS 82.77522942 79.91098572
OS 82.78909528 79.91074442
OS 82.80432512 79.90909088
OS 82.82373834 79.90875052
OS 82.8459227 79.90836444
OS 82.87224472 79.90651786
OS 82.90136582 79.90600986
OS 82.9346449 79.9054282
OS 82.9720591 79.90338858
OS 83.01365668 79.90266214
OS 83.05941732 79.90186458
OS 83.10933594 79.90099336
OS 83.53641662 79.89353846
OS 83.56898704 79.9318061
OS 83.57037388 79.93178324
OS 83.57180898 79.93453152
OS 83.57886256 79.9413438
OS 83.59009952 79.94946926
OS 83.60413556 79.9589333
OS 83.62094528 79.96834908
OS 83.63768134 79.97360688
OS 83.64602524 79.97484894
OS 83.65436914 79.97608846
OS 83.66127794 79.97458224
OS 83.66955072 79.97166378
OS 83.67091216 79.97025154
OS 83.67366044 79.96881644
OS 83.67497616 79.96463306
OS 83.67906302 79.96040142
OS 83.68171478 79.95341896
OS 83.68431828 79.94366536
OS 83.68828576 79.93249952
OS 83.6908156 79.91858286
OS 83.69329972 79.90189506
OS 83.69571018 79.88104928
OS 83.69806984 79.85742728
OS 83.69897408 79.82967016
OS 83.6977879 79.76172516
OS 83.69567462 79.72015044
OE
OB 83.68969546 79.3776543 I
OS 83.68811558 79.36658498
OS 83.6851006 79.35276738
OS 83.68060226 79.33342528
OS 83.67323372 79.30858916
OS 83.66440468 79.27961538
OS 83.65273084 79.24652934
OS 83.65270798 79.2451425
OS 83.65124748 79.24100738
OS 83.64837728 79.23550828
OS 83.64548422 79.22862488
OS 83.64115352 79.21899066
OS 83.63679996 79.2079696
OS 83.6252963 79.18459144
OS 83.6124058 79.16123614
OS 83.59535478 79.1379545
OS 83.5868407 79.12700456
OS 83.57835202 79.117444
OS 83.56849936 79.10929314
OS 83.5586975 79.10391596
OS 83.55589842 79.10257738
OS 83.5489185 79.09992562
OS 83.53636582 79.09598354
OS 83.51962976 79.09072828
OS 83.49875604 79.08693098
OS 83.4723375 79.0832302
OS 83.4404224 79.08240216
OS 83.40439504 79.08441638
OS 83.4030082 79.08444178
OS 83.40023452 79.08449004
OS 83.39471256 79.0859734
OS 83.3891652 79.08606992
OS 83.37257392 79.08913316
OS 83.35464406 79.09499548
OS 83.33535276 79.1022675
OS 83.3188834 79.11226494
OS 83.31345796 79.11929312
OS 83.30803252 79.12632384
OS 83.30540362 79.13469314
OS 83.30418696 79.14442388
OS 83.30428348 79.1499687
OS 83.30579224 79.1568775
OS 83.3087107 79.16515028
OS 83.31162916 79.17342052
OS 83.31734416 79.18302934
OS 83.324446 79.1926153
OS 83.33429866 79.20076616
OS 83.33570836 79.2021276
OS 83.33989174 79.20344332
OS 83.34551276 79.20750478
OS 83.35251808 79.21154338
OS 83.36231994 79.21692056
OS 83.37212434 79.22229774
OS 83.39445602 79.23023016
OS 83.39584286 79.2302073
OS 83.40002624 79.23152048
OS 83.40562186 79.23419764
OS 83.41401402 79.23821338
OS 83.42379302 79.24220372
OS 83.43362028 79.2489652
OS 83.44485724 79.2570932
OS 83.45750644 79.2665801
OS 83.45891868 79.26794408
OS 83.46315032 79.27203094
OS 83.4687942 79.27747924
OS 83.47726002 79.2856555
OS 83.4857487 79.29521606
OS 83.49428564 79.3075503
OS 83.50425768 79.32263536
OS 83.51284542 79.33774074
OS 83.51286828 79.33912758
OS 83.51428052 79.34049156
OS 83.51860868 79.35012578
OS 83.52437194 79.36250828
OS 83.53295968 79.3776162
OS 83.54295712 79.39408556
OS 83.55292916 79.40916808
OS 83.5629012 79.42425314
OS 83.57418896 79.43515228
OS 83.57559866 79.43651372
OS 83.57980744 79.43921374
OS 83.58540306 79.4418909
OS 83.59379522 79.44590664
OS 83.60493566 79.44848474
OS 83.61746294 79.45103998
OS 83.63133134 79.45079868
OS 83.64653578 79.4477583
OS 83.64928406 79.4463232
OS 83.65339632 79.4434784
OS 83.66164116 79.4391731
OS 83.66984028 79.43209412
OS 83.67801654 79.42363084
OS 83.686142 79.41239134
OS 83.69008408 79.39983866
OS 83.69122962 79.38594994
OS 83.69118136 79.38317626
OS 83.68969546 79.3776543
OE
OB 83.32551026 79.25362864 I
OS 83.31989178 79.24956464
OS 83.3142733 79.24550064
OS 83.30726798 79.24146204
OS 83.29748898 79.2374717
OS 83.28770998 79.23348136
OS 83.27518016 79.23092612
OS 83.27240902 79.23097438
OS 83.26406512 79.22973232
OS 83.25017386 79.22858932
OS 83.23073778 79.2275403
OS 83.2057518 79.22659034
OS 83.17661038 79.2257115
OS 83.14053222 79.22495458
OS 83.10032148 79.22565562
OS 83.09893464 79.22568102
OS 83.09477412 79.22575214
OS 83.08784246 79.22587406
OS 83.07952142 79.22601884
OS 83.06981608 79.22618902
OS 83.05733452 79.22640746
OS 83.0296282 79.2282769
OS 83.0005071 79.2287849
OS 82.9700271 79.23070514
OS 82.94372794 79.23393856
OS 82.93127432 79.2355413
OS 82.920205 79.23712118
OS 82.91743132 79.23716944
OS 82.91190936 79.2386528
OS 82.90363658 79.2415738
OS 82.89400236 79.24590196
OS 82.88441894 79.2530038
OS 82.87624268 79.26146962
OS 82.87091376 79.27404516
OS 82.86838392 79.28796182
OS 82.86840678 79.28934612
OS 82.86989268 79.29487062
OS 82.87281114 79.30314086
OS 82.87716216 79.31416192
OS 82.88567624 79.32510932
OS 82.896964 79.33600846
OS 82.91377372 79.34542424
OS 82.92493702 79.34939172
OS 82.93610286 79.35335666
OS 83.05737008 79.38730376
OS 83.05875692 79.38727836
OS 83.06155346 79.38861694
OS 83.06573684 79.38993266
OS 83.0713096 79.39122044
OS 83.08522372 79.39375282
OS 83.10047642 79.39348612
OS 83.10186326 79.39346326
OS 83.1032501 79.39343786
OS 83.11154574 79.39190624
OS 83.12122822 79.39034922
OS 83.12949846 79.38743076
OS 83.13224674 79.38599566
OS 83.13502042 79.3859474
OS 83.13913268 79.3831026
OS 83.14465464 79.38161924
OS 83.15154058 79.37872364
OS 83.16117226 79.37439548
OS 83.17219332 79.37004192
OS 83.17358016 79.37001652
OS 83.17769242 79.36717172
OS 83.18460122 79.36566296
OS 83.19423544 79.3613348
OS 83.20527936 79.35836808
OS 83.21907156 79.35396626
OS 83.23422774 79.3481522
OS 83.25079616 79.34370212
OS 83.2521576 79.34229242
OS 83.25767956 79.34080906
OS 83.2645401 79.33652662
OS 83.27415146 79.33081162
OS 83.29609452 79.31655714
OS 83.30565508 79.30806846
OS 83.31521818 79.29957978
OS 83.3233665 79.28972712
OS 83.32876908 79.2813121
OS 83.33137258 79.27155596
OS 83.3312024 79.26185062
OS 83.32551026 79.25362864
OE
OB 82.66150092 79.56713322 H
OS 82.65559542 79.573247
OS 82.64737344 79.57893914
OS 82.6391032 79.5818576
OS 82.63080756 79.58338922
OS 82.62528306 79.58487258
OS 82.62389876 79.58489544
OS 82.62354316 79.58487004
OS 82.6252602 79.58348574
OS 82.64039098 79.57628484
OS 82.65691114 79.56906108
OS 82.66150092 79.56713322
OE
SE
S P 0
OB 83.94841732 82.3095636 I
OS 83.93810746 82.28366576
OS 83.93772392 82.28233226
OS 83.93486134 82.2773818
OS 83.93295126 82.27071684
OS 83.9285596 82.26043492
OS 83.92416794 82.250153
OS 83.91767824 82.23758508
OS 83.90527034 82.20940378
OS 83.89019544 82.18198702
OS 83.88370574 82.1694191
OS 83.87588254 82.15723472
OS 83.86844288 82.14638384
OS 83.86138676 82.13686646
OS 83.85509264 82.13001354
OS 83.8482321 82.12621116
OS 83.8465176 82.12525866
OS 83.8421361 82.12507324
OS 83.83603756 82.12393532
OS 83.8276581 82.12489798
OS 83.81737364 82.1292871
OS 83.80480826 82.1357768
OS 83.79072142 82.147029
OS 83.78253754 82.15370412
OS 83.77511566 82.16304624
OS 83.7728322 82.16514428
OS 83.76902982 82.17200482
OS 83.76294144 82.18096594
OS 83.75628664 82.19297252
OS 83.74906034 82.20802964
OS 83.74450358 82.22231968
OS 83.74299228 82.23718122
OS 83.74453152 82.25260918
OS 83.74396256 82.25565718
OS 83.74282464 82.26175572
OS 83.7394058 82.26994976
OS 83.733132 82.28328984
OS 83.72362224 82.300445
OS 83.7182984 82.31207058
OS 83.7116436 82.32407716
OS 83.70308634 82.33951528
OS 83.69319558 82.35533694
OS 83.69224308 82.35705144
OS 83.69129312 82.35876594
OS 83.6884407 82.36391198
OS 83.68425478 82.36944156
OS 83.67436402 82.38526322
OS 83.6635233 82.40279938
OS 83.65001558 82.42110008
OS 83.63612432 82.43806728
OS 83.62318556 82.45331744
OS 83.61728514 82.45789706
OS 83.61138218 82.46247414
OS 83.61005122 82.46285514
OS 83.60776522 82.46495318
OS 83.60376726 82.46610126
OS 83.5988168 82.4689613
OS 83.58853488 82.47335296
OS 83.58453438 82.47450104
OS 83.58186738 82.47526558
OS 83.58015288 82.47431308
OS 83.57881938 82.47469662
OS 83.57577138 82.47412766
OS 83.56967538 82.47298974
OS 83.56357684 82.47185436
OS 83.55443284 82.47014748
OS 83.5426193 82.46920768
OS 83.54128834 82.46958868
OS 83.5365233 82.46806976
OS 83.5290938 82.46731538
OS 83.5189973 82.467323
OS 83.5071863 82.4663832
OS 83.4930893 82.4675389
OS 83.4772778 82.46774464
OS 83.46013534 82.46833138
OS 83.45880184 82.46871492
OS 83.45308684 82.4689105
OS 83.44470484 82.46987062
OS 83.43499188 82.47121428
OS 83.42261192 82.47332248
OS 83.40889846 82.47581168
OS 83.378421 82.48022112
OS 83.34661258 82.4850141
OS 83.33118462 82.48655334
OS 83.31880466 82.488659
OS 83.30604116 82.4894337
OS 83.2963282 82.49077736
OS 83.28832974 82.49307098
OS 83.28394824 82.49288302
OS 83.2835647 82.49155206
OS 83.2818502 82.49059956
OS 83.27460612 82.48546368
OS 83.2639305 82.47842534
OS 83.24982588 82.46948454
OS 83.2334378 82.46264432
OS 83.21647822 82.45884956
OS 83.19761872 82.45848634
OS 83.18790576 82.45983
OS 83.1785738 82.46250462
OS 83.1772403 82.46288816
OS 83.17190884 82.46441724
OS 83.16391038 82.46671086
OS 83.15324492 82.46976902
OS 83.1385815 82.47397272
OS 83.120484 82.4762765
OS 83.10536846 82.47863616
OS 83.11285892 82.46980712
OS 83.11704484 82.46427754
OS 83.11913272 82.4564645
OS 83.11893714 82.45075204
OS 83.11797702 82.44237004
OS 83.11625998 82.44142008
OS 83.11339994 82.43646962
OS 83.10577232 82.43000024
OS 83.0947157 82.4216284
OS 83.07966112 82.41440464
OS 83.05927 82.40870742
OS 83.0484115 82.40605058
OS 83.03488346 82.40415828
OS 83.02135542 82.40226598
OS 83.00554392 82.40247172
OS 83.00421296 82.40285526
OS 83.00116242 82.4022863
OS 82.99678092 82.40210088
OS 82.99106592 82.40229646
OS 82.97697146 82.40345216
OS 82.9588765 82.40575594
OS 82.94078154 82.40805972
OS 82.92211762 82.4134115
OS 82.90517074 82.41971324
OS 82.8991992 82.42404902
OS 82.89697416 82.41629186
OS 82.89296604 82.40734344
OS 82.88857438 82.39705898
OS 82.88037018 82.3835411
OS 82.86988252 82.37212126
OS 82.8574924 82.36413296
OS 82.84148532 82.3586237
OS 82.83310332 82.35958382
OS 82.82339036 82.36092748
OS 82.82072336 82.36169202
OS 82.8157729 82.3645546
OS 82.80815798 82.36818172
OS 82.8003551 82.37619034
OS 82.79426672 82.38514892
OS 82.79104092 82.39905796
OS 82.79124666 82.41486946
OS 82.79430482 82.42553492
OS 82.79529034 82.42784124
OS 82.79373586 82.42858292
OS 82.78783544 82.43316
OS 82.78193502 82.43773708
OS 82.77679914 82.44498116
OS 82.77623018 82.44802916
OS 82.7745233 82.4571757
OS 82.77434804 82.4716537
OS 82.77664166 82.47965216
OS 82.78064978 82.48860058
OS 82.78141432 82.49126758
OS 82.78351236 82.49355104
OS 82.78657052 82.5042165
OS 82.79019764 82.51183396
OS 82.79669496 82.53449584
OS 82.8026157 82.55011176
OS 82.80758394 82.56744218
OS 82.8123693 82.5891541
OS 82.82727656 82.64114536
OS 82.83473654 82.67218924
OS 82.84334206 82.70723108
OS 82.85175962 82.74665696
OS 82.8685795 82.80531318
OS 82.88213548 82.83749498
OS 82.89702496 82.86929324
OS 82.9056127 82.88414462
OS 82.91476686 82.895948
OS 82.92354002 82.90641534
OS 82.93421564 82.91345368
OS 82.94374318 82.91649406
OS 82.95517064 82.91610036
OS 82.95650414 82.91571936
OS 82.96050464 82.91457128
OS 82.9654551 82.9117087
OS 82.97268902 82.90675062
OS 82.98125644 82.901409
OS 82.99039282 82.89301684
OS 83.00142912 82.88119568
OS 83.01170342 82.86670752
OS 83.01265338 82.86499302
OS 83.01360334 82.86327852
OS 83.01645576 82.85813248
OS 83.02102522 82.8539364
OS 83.02559214 82.84974032
OS 83.03149256 82.84516324
OS 83.03949102 82.84286962
OS 83.04787302 82.8419095
OS 83.04920652 82.84152596
OS 83.05358802 82.84171392
OS 83.05796952 82.84189934
OS 83.06368452 82.84170376
OS 83.07111402 82.84245814
OS 83.07949602 82.84149802
OS 83.09130702 82.84244036
OS 83.10273702 82.84204666
OS 83.11854852 82.84184092
OS 83.13474102 82.84296868
OS 83.15493402 82.8429509
OS 83.17646052 82.84254958
OS 83.20236598 82.84233368
OS 83.22998848 82.84307028
OS 83.23170552 82.84402024
OS 83.23875402 82.84344112
OS 83.24751702 82.8438145
OS 83.25932802 82.84475684
OS 83.27418702 82.8462656
OS 83.29171556 82.84700982
OS 83.31057506 82.84737304
OS 83.32943456 82.84773626
OS 83.36981802 82.84769816
OS 83.40848952 82.8467101
OS 83.42525098 82.84478732
OS 83.44201244 82.84286708
OS 83.4553449 82.83904438
OS 83.46600782 82.83598622
OS 83.46734132 82.83560522
OS 83.46867482 82.83522168
OS 83.47095828 82.83312364
OS 83.47590874 82.83026106
OS 83.48180916 82.82568398
OS 83.48771212 82.8211069
OS 83.495896 82.81443178
OS 83.50503238 82.80604216
OS 83.51550226 82.797269
OS 83.52787206 82.7850643
OS 83.54119436 82.7711451
OS 83.55546662 82.7555114
OS 83.57202234 82.73777966
OS 83.58953056 82.71833088
OS 83.6076052 82.69583664
OS 83.6275823 82.66990832
OS 83.6285348 82.66819382
OS 83.63271818 82.66266678
OS 83.6391901 82.65503916
OS 83.64794294 82.64531604
OS 83.65859824 82.63216138
OS 83.66925354 82.61900672
OS 83.69513106 82.58850386
OS 83.72101112 82.55799846
OS 83.73433088 82.54407926
OS 83.74765318 82.53016006
OS 83.75907302 82.5196724
OS 83.7695429 82.51089924
OS 83.77772678 82.50422412
OS 83.78401074 82.50098054
OS 83.78534424 82.500597
OS 83.7893422 82.49945146
OS 83.7963907 82.49887234
OS 83.80553724 82.50057922
OS 83.81601474 82.50190256
OS 83.82992378 82.50512836
OS 83.84459736 82.51101862
OS 83.86175252 82.52052838
OS 83.86346702 82.52147834
OS 83.8703301 82.52528072
OS 83.87928868 82.5313691
OS 83.88958076 82.53707394
OS 83.90120634 82.54239778
OS 83.91283192 82.54771908
OS 83.92540746 82.55132588
OS 83.93417046 82.55169926
OS 83.93550396 82.55131826
OS 83.93817096 82.55055372
OS 83.94178792 82.54807214
OS 83.94806934 82.54482856
OS 83.95492226 82.53853444
OS 83.9623416 82.52919486
OS 83.96899894 82.51718574
OS 83.9771752 82.50041412
OS 83.97679166 82.49908062
OS 83.97774162 82.49736612
OS 83.97926308 82.49260362
OS 83.9790675 82.48688862
OS 83.97943834 82.47812562
OS 83.97981172 82.46936262
OS 83.97942056 82.45793262
OS 83.97997936 82.44478812
OS 83.97882112 82.43069112
OS 83.97556738 82.41431066
OS 83.97326614 82.3962157
OS 83.96924532 82.37717078
OS 83.95663168 82.33317798
OS 83.94841732 82.3095636
OE
OB 84.098257 82.82204924 I
OS 84.08469086 82.77977094
OS 84.0816327 82.76910802
OS 84.07800558 82.76149056
OS 84.07532842 82.7521586
OS 84.0709393 82.74187668
OS 84.0610079 82.71731234
OS 84.05107904 82.69274546
OS 84.03886672 82.67027916
OS 84.03276056 82.65904728
OS 84.02741894 82.65047986
OS 84.02074382 82.64229344
OS 84.01483324 82.63677402
OS 84.0131162 82.63582406
OS 84.00758916 82.63163814
OS 84.00072608 82.62783576
OS 83.9917675 82.62174738
OS 83.98185642 82.61737604
OS 83.97194788 82.6130047
OS 83.96318488 82.61263132
OS 83.95480288 82.61359144
OS 83.95346938 82.61397498
OS 83.95118592 82.61607048
OS 83.94756896 82.61855206
OS 83.94300204 82.6227456
OS 83.93614912 82.62903972
OS 83.92872978 82.63838184
OS 83.92169144 82.64905492
OS 83.91313418 82.66449304
OS 83.91218168 82.66621008
OS 83.91161272 82.66925808
OS 83.9087603 82.67440412
OS 83.90495792 82.68126466
OS 83.89430262 82.69441932
OS 83.88783324 82.70204694
OS 83.87926582 82.70738856
OS 83.87793232 82.70776956
OS 83.87431536 82.71025114
OS 83.8663169 82.71254476
OS 83.85470148 82.71731742
OS 83.84670302 82.71961104
OS 83.83775206 82.72361916
OS 83.8270866 82.72667732
OS 83.81375668 82.73050002
OS 83.80080776 82.73565622
OS 83.78481084 82.74024346
OS 83.76748042 82.74521424
OS 83.747483 82.75094702
OS 83.7461495 82.75133056
OS 83.7434825 82.7520951
OS 83.73815104 82.75362418
OS 83.73015258 82.7559178
OS 83.72215412 82.75821142
OS 83.71148866 82.76126704
OS 83.68920778 82.7691004
OS 83.66292894 82.7780793
OS 83.6370311 82.78838916
OS 83.61018076 82.80041606
OS 83.58599996 82.81167842
OS 83.58466646 82.81206196
OS 83.58333296 82.81244296
OS 83.5757155 82.81607008
OS 83.56714808 82.8214117
OS 83.5559162 82.82751786
OS 83.54373182 82.83534106
OS 83.5338309 82.84106622
OS 83.52697798 82.8473578
OS 83.52469452 82.84945584
OS 83.52374456 82.85117034
OS 83.52279206 82.85288738
OS 83.5218421 82.85460188
OS 83.51955864 82.85669992
OS 83.51594168 82.85917896
OS 83.51099122 82.86204154
OS 83.50299276 82.86433516
OS 83.4940418 82.86834328
OS 83.49271084 82.86872682
OS 83.48871034 82.86987236
OS 83.48204538 82.87178498
OS 83.47232988 82.87312864
OS 83.45861642 82.87561784
OS 83.44185496 82.87753808
OS 83.4224265 82.88022286
OS 83.39823554 82.88138872
OS 83.39690204 82.88177226
OS 83.39252054 82.8815843
OS 83.38413854 82.88254696
OS 83.37575908 82.88350708
OS 83.36471008 82.88523174
OS 83.35194912 82.88600644
OS 83.3228077 82.89003488
OS 83.29404728 82.89539428
OS 83.26662036 82.90037522
OS 83.2546214 82.90381438
OS 83.24395594 82.90687254
OS 83.23634102 82.91049966
OS 83.23005706 82.91374324
OS 83.22872356 82.91412678
OS 83.2251066 82.91660582
OS 83.21920618 82.9211829
OS 83.21025522 82.92519356
OS 83.19768984 82.93168072
OS 83.18340742 82.93722046
OS 83.16646054 82.9435222
OS 83.14551062 82.95097202
OS 83.14284616 82.95173656
OS 83.13617866 82.95364664
OS 83.12551574 82.9567048
OS 83.11313578 82.958813
OS 83.08437536 82.96417494
OS 83.07027836 82.96533064
OS 83.05846736 82.9643883
OS 83.05713386 82.96477184
OS 83.05275236 82.96458388
OS 83.04570386 82.965163
OS 83.0373244 82.96612312
OS 83.01866048 82.9714749
OS 83.00837856 82.97586656
OS 83.0011421 82.98082718
OS 82.99981114 82.98120818
OS 82.99790868 82.98463972
OS 82.99505626 82.98978576
OS 82.99258484 82.9962653
OS 82.98859704 83.00750734
OS 82.98575224 83.02274988
OS 82.98538902 83.04160938
OS 82.98484038 83.06485038
OS 82.98522392 83.06618388
OS 82.98370246 83.07094892
OS 82.98428158 83.07799488
OS 82.98467274 83.08942488
OS 82.99805346 83.13608468
OS 83.00282612 83.1477001
OS 83.00836332 83.16198252
OS 83.01561756 83.1772149
OS 83.0160011 83.1785484
OS 83.0180966 83.18083186
OS 83.01924468 83.18483236
OS 83.02248826 83.19111378
OS 83.02706534 83.19701674
OS 83.031076 83.20596516
OS 83.0334001 83.20984374
OS 83.03050704 83.20901316
OS 83.01641004 83.2101714
OS 83.00974508 83.21208148
OS 83.00346112 83.21532506
OS 82.9975607 83.21990468
OS 82.99242482 83.22714876
OS 82.98805348 83.2370573
OS 82.98406314 83.24830188
OS 82.98444414 83.24963284
OS 82.98387772 83.25268338
OS 82.98502326 83.25668134
OS 82.98560238 83.26372984
OS 82.9865625 83.27211184
OS 82.98962066 83.28277476
OS 82.99172632 83.29515472
OS 82.99822618 83.31781914
OS 83.00146976 83.3241031
OS 83.00777404 83.34104998
OS 83.01750732 83.35989932
OS 83.0289551 83.37970116
OS 83.04363884 83.39568792
OS 83.05088292 83.40082634
OS 83.05945796 83.40557868
OS 83.06898804 83.40861906
OS 83.07775104 83.40899244
OS 83.079082 83.4086089
OS 83.0830825 83.40746336
OS 83.08803296 83.40460078
OS 83.09393338 83.40002116
OS 83.09906926 83.39277962
OS 83.10554118 83.385152
OS 83.10952898 83.37390996
OS 83.11275478 83.36000092
OS 83.11237378 83.35866742
OS 83.11332374 83.35695038
OS 83.11350916 83.35256888
OS 83.11331358 83.34685642
OS 83.11215788 83.33275942
OS 83.1094731 83.31333096
OS 83.10620412 83.30193906
OS 83.09249574 83.28934574
OS 83.07323492 83.26745602
OS 83.0570221 83.24613526
OS 83.04214278 83.2244335
OS 83.0334001 83.20984374
OS 83.04308258 83.2126225
OS 83.05299366 83.21699384
OS 83.0611877 83.22041522
OS 83.06328574 83.22269868
OS 83.0737734 83.23411852
OS 83.0815966 83.2463029
OS 83.09552342 83.2697217
OS 83.10335678 83.29200258
OS 83.10620412 83.30193906
OS 83.11404002 83.30913488
OS 83.11575452 83.31008738
OS 83.11918606 83.31198984
OS 83.12471564 83.31617322
OS 83.13157618 83.31997814
OS 83.14148726 83.32434948
OS 83.15367926 83.32662278
OS 83.1672073 83.32851508
OS 83.1830188 83.32830934
OS 83.18568326 83.3275448
OS 83.1887338 83.32811376
OS 83.19273176 83.32696822
OS 83.19978026 83.3263891
OS 83.20777872 83.32409548
OS 83.21749168 83.32275436
OS 83.22987418 83.32064616
OS 83.2449186 83.31777342
OS 83.26129906 83.31451968
OS 83.28034652 83.3105014
OS 83.3033894 83.30533504
OS 83.32776832 83.29978768
OS 83.35614774 83.29309478
OS 83.38719162 83.2856348
OS 83.42223346 83.27702928
OS 83.42356696 83.27664828
OS 83.42889842 83.2751192
OS 83.43823038 83.27244204
OS 83.44927938 83.27071738
OS 83.4639428 83.26651114
OS 83.47993972 83.2619239
OS 83.49898718 83.25790562
OS 83.51764856 83.25255384
OS 83.53936048 83.24777102
OS 83.5624059 83.2426072
OS 83.60944924 83.23055998
OS 83.65649004 83.21851276
OS 83.70258088 83.20818258
OS 83.70524534 83.20741804
OS 83.71191284 83.20550796
OS 83.7212448 83.2028308
OS 83.73495826 83.2003416
OS 83.75228868 83.19537336
OS 83.7700001 83.19173608
OS 83.79037852 83.18733426
OS 83.81170944 83.18121794
OS 83.85646678 83.1712713
OS 83.8781787 83.16648848
OS 83.89989062 83.16170566
OS 83.91893808 83.15768484
OS 83.9366495 83.1540501
OS 83.95207746 83.15251086
OS 83.96445996 83.15040266
OS 83.96712442 83.14963812
OS 83.97417292 83.14906154
OS 83.98426942 83.14905138
OS 83.99836388 83.14789568
OS 84.01322542 83.14940444
OS 84.02808442 83.1509132
OS 84.04332696 83.153758
OS 84.05800054 83.15964826
OS 84.05971758 83.16060076
OS 84.06353012 83.16383418
OS 84.07000966 83.1663056
OS 84.0782037 83.16972698
OS 84.08944828 83.17371478
OS 84.10125928 83.17465712
OS 84.11440378 83.17521592
OS 84.12945074 83.17234318
OS 84.13078424 83.17196218
OS 84.1357347 83.1690996
OS 84.14201612 83.16585602
OS 84.15020254 83.1591809
OS 84.15667192 83.15155328
OS 84.16332672 83.1395467
OS 84.16788602 83.12525412
OS 84.16824924 83.10639462
OS 84.16710116 83.10239666
OS 84.16690558 83.09668166
OS 84.16556446 83.08696616
OS 84.16174176 83.07363624
OS 84.1603981 83.06392074
OS 84.15772094 83.05458878
OS 84.15561528 83.04220882
OS 84.15274254 83.02716186
OS 84.14853884 83.01249844
OS 84.14490156 82.99478702
OS 84.14222694 82.98545506
OS 84.14126428 82.97707306
OS 84.1355315 82.95707564
OS 84.1334233 82.94469568
OS 84.12042612 82.89936938
OS 84.11105606 82.86166054
OS 84.098257 82.82204924
OE
SE
S P 0
OB 84.86305354 74.3069888 I
OS 84.87301542 74.28561978
OS 84.88172254 74.26366656
OS 84.8910164 74.24045604
OS 84.90708698 74.19286406
OS 84.9145368 74.1703241
OS 84.92140242 74.14904144
OS 84.92583726 74.12968664
OS 84.92725712 74.113517
OS 84.92691676 74.10111672
OS 84.92431834 74.09684444
OS 84.92297722 74.0931589
OS 84.92230666 74.09131486
OS 84.91728 74.08897044
OS 84.91032294 74.08419778
OS 84.89968288 74.08076624
OS 84.88468418 74.07683178
OS 84.8654132 74.07549828
OS 84.85427022 74.07642284
OS 84.84128574 74.07801796
OS 84.82771452 74.08087038
OS 84.81229926 74.08439336
OS 84.75633798 74.10267628
OS 84.3679542 73.9215692
OS 84.3666969 73.92098246
OS 84.3641823 73.91981152
OS 84.35789834 73.91688036
OS 84.35161438 73.9139492
OS 84.34281582 73.9098471
OS 84.33275996 73.90515826
OS 84.32019204 73.89929848
OS 84.30762158 73.89343616
OS 84.27745654 73.87936964
OS 84.24536364 73.86287488
OS 84.2101694 73.84646394
OS 84.17430714 73.82820896
OS 84.1378556 73.81121128
OS 84.1032481 73.79354558
OS 84.0698979 73.77646408
OS 84.04090634 73.75988296
OS 84.02707858 73.75343644
OS 84.0150974 73.74631682
OS 84.00437098 73.73978648
OS 83.99615916 73.73442708
OS 83.9892021 73.72965188
OS 83.98350488 73.72546596
OS 83.98031972 73.72245098
OS 83.97839186 73.7200202
OS 83.9789786 73.7187629
OS 83.97705074 73.71633466
OS 83.97570962 73.71264912
OS 83.9736954 73.70711954
OS 83.96791436 73.69983228
OS 83.96154404 73.69380232
OS 83.95081762 73.68726944
OS 83.93757914 73.67956562
OS 83.93632184 73.67897888
OS 83.93254994 73.6772212
OS 83.92693654 73.67613408
OS 83.92132314 73.67504696
OS 83.906995 73.67295654
OS 83.89962392 73.67563878
OS 83.8947649 73.6794945
OS 83.89417816 73.6807518
OS 83.89233666 73.68142236
OS 83.88881876 73.68896362
OS 83.88170168 73.70094734
OS 83.87718302 73.7172008
OS 83.87600954 73.7197154
OS 83.87492242 73.7253288
OS 83.87391912 73.73404354
OS 83.87107432 73.7434263
OS 83.86990084 73.7459409
OS 83.8699872 73.74904224
OS 83.86764278 73.7540689
OS 83.86655566 73.7596823
OS 83.86429506 73.7678103
OS 83.86203446 73.7759383
OS 83.85860292 73.78657836
OS 83.85801618 73.78783566
OS 83.8575158 73.79219176
OS 83.85517138 73.79722096
OS 83.85291078 73.80534896
OS 83.84654808 73.82227298
OS 83.839685 73.84355564
OS 83.83499616 73.8536115
OS 83.83273556 73.8617395
OS 83.82863346 73.87053806
OS 83.82578866 73.87992082
OS 83.81716536 73.90497538
OS 83.8114783 73.9212263
OS 83.80753368 73.91578562
OS 83.80183646 73.9115997
OS 83.7955525 73.90866854
OS 83.7942952 73.9080818
OS 83.78809506 73.90825198
OS 83.78072144 73.91093422
OS 83.76966482 73.91496012
OS 83.75810528 73.92334212
OS 83.74478806 73.93549348
OS 83.73817136 73.94311856
OS 83.73038118 73.95325824
OS 83.72385084 73.96398466
OS 83.71329968 73.98660844
OS 83.71104162 73.99473644
OS 83.70467892 74.011663
OS 83.70150138 74.03160454
OS 83.6989944 74.05338758
OS 83.70050316 74.06327326
OS 83.70201446 74.07315894
OS 83.7072113 74.0817035
OS 83.71299488 74.08899076
OS 83.7206225 74.09560746
OS 83.73067582 74.1002963
OS 83.73319042 74.10146978
OS 83.73880382 74.1025569
OS 83.7486895 74.1010456
OS 83.75488964 74.10087542
OS 83.76226072 74.09819318
OS 83.76410476 74.09752262
OS 83.76896378 74.0936669
OS 83.77625104 74.08788332
OS 83.78403868 74.07774364
OS 83.79358654 74.06383206
OS 83.8017501 74.04899084
OS 83.7978512 74.03827712
OS 83.7957557 74.02964874
OS 83.79491496 74.0216071
OS 83.79415804 74.01666426
OS 83.79348748 74.01482022
OS 83.79524008 73.98809434
OS 83.80067822 73.9600248
OS 83.80795786 73.9312847
OS 83.8114783 73.9212263
OS 83.81591568 73.92734516
OS 83.82061214 73.94024582
OS 83.82220726 73.95323284
OS 83.82321564 73.96747462
OS 83.82288544 73.97803086
OS 83.82121158 73.98490156
OS 83.82188214 73.9867456
OS 83.8212954 73.9880029
OS 83.81677674 74.00425636
OS 83.81284228 74.01925506
OS 83.80765306 74.03366702
OS 83.80363478 74.04556438
OS 83.8017501 74.04899084
OS 83.8018771 74.04933628
OS 83.80590046 74.06039544
OS 83.81244096 74.07262554
OS 83.82140716 74.08292778
OS 83.82266446 74.08351452
OS 83.82392176 74.08409872
OS 83.82836168 74.08770044
OS 83.83531874 74.0924731
OS 83.84729992 74.09959272
OS 83.86179824 74.10788328
OS 83.87126736 74.11382688
OS 83.88257798 74.11910246
OS 83.8933044 74.12563534
OS 83.90780272 74.1339259
OS 83.9222985 74.14221392
OS 83.93805158 74.15109122
OS 83.956906 74.15988216
OS 83.97768828 74.17110388
OS 83.99972532 74.1829098
OS 84.02243546 74.19655976
OS 84.0482444 74.2101259
OS 84.0765654 74.22486298
OS 84.10740354 74.240771
OS 84.13949644 74.2572683
OS 84.17410394 74.27493654
OS 84.21063676 74.29503302
OS 84.25153076 74.31562988
OS 84.29367698 74.33681602
OS 84.3377536 74.36042786
OS 84.38618886 74.38454262
OS 84.38744362 74.38512936
OS 84.39247282 74.38747378
OS 84.40001408 74.39099168
OS 84.4094832 74.39693528
OS 84.42205112 74.4027976
OS 84.43587888 74.40924412
OS 84.46487044 74.42582524
OS 84.49570858 74.44173326
OS 84.52654418 74.45764382
OS 84.5385279 74.4647609
OS 84.55050908 74.47188052
OS 84.5599782 74.47782666
OS 84.56693526 74.48259932
OS 84.56819256 74.48318606
OS 84.57263248 74.48678778
OS 84.57707494 74.49038696
OS 84.58344272 74.49641946
OS 84.59500988 74.51099398
OS 84.60020672 74.519536
OS 84.60230476 74.52816692
OS 84.60423262 74.53059516
OS 84.60691486 74.53796624
OS 84.61094076 74.5490254
OS 84.61932022 74.56058494
OS 84.62837278 74.57398598
OS 84.63985612 74.5854617
OS 84.65376516 74.59500956
OS 84.66130642 74.59852492
OS 84.66943442 74.60078552
OS 84.67069172 74.60137226
OS 84.67563456 74.60061534
OS 84.683092 74.6010319
OS 84.69356442 74.59826584
OS 84.70336374 74.5936532
OS 84.71618058 74.58585794
OS 84.7276563 74.57437714
OS 84.7396324 74.5585377
OS 84.74256356 74.55225374
OS 84.74616274 74.54781128
OS 84.7490939 74.54152732
OS 84.75386656 74.5345728
OS 84.7579712 74.52577424
OS 84.76450154 74.51504782
OS 84.77739712 74.48739738
OS 84.78568768 74.47289906
OS 84.79447862 74.45404718
OS 84.8051136 74.4345222
OS 84.8561041 74.32517012
OS 84.86305354 74.3069888
OE
SE
S P 0
OB 84.49315588 85.81045322 I
OS 84.48452242 85.80540624
OS 84.48266822 85.8047687
OS 84.47956688 85.80473822
OS 84.47461134 85.80406766
OS 84.46591692 85.80522336
OS 84.4572225 85.80637652
OS 84.44600332 85.81185022
OS 84.43539374 85.81856598
OS 84.422869 85.83084942
OS 84.42162186 85.83145648
OS 84.4190971 85.83577194
OS 84.41158886 85.84252072
OS 84.40657236 85.84805538
OS 84.39970166 85.85294996
OS 84.39219088 85.8596962
OS 84.3834355 85.86705458
OS 84.37343298 85.87501748
OS 84.36093872 85.88419958
OS 84.34595018 85.8945958
OS 84.3297145 85.90559908
OS 84.31159414 85.91906616
OS 84.29161958 85.93189316
OS 84.29037498 85.93250276
OS 84.28724316 85.93557362
OS 84.28101 85.93861146
OS 84.27289216 85.94411564
OS 84.26477432 85.94961728
OS 84.25416474 85.95633558
OS 84.23105836 85.97223344
OS 84.2060673 85.9905951
OS 84.18357052 86.00773756
OS 84.17232086 86.01631006
OS 84.16231834 86.0242755
OS 84.15417002 86.03287848
OS 84.14790638 86.0390202
OS 84.14666178 86.03962726
OS 84.14228282 86.04330518
OS 84.13726632 86.0488373
OS 84.13039562 86.05373188
OS 84.11726128 86.06476818
OS 84.11102812 86.06780602
OS 84.10728924 86.06963228
OS 84.10543504 86.0689922
OS 84.1023337 86.06896172
OS 84.0967711 86.06704656
OS 84.0893543 86.06449132
OS 84.08008076 86.06129854
OS 84.06649176 86.05558354
OS 84.05104856 86.04922846
OS 84.04919436 86.04859092
OS 84.04734016 86.04795084
OS 84.03621242 86.04412052
OS 84.01952462 86.0383725
OS 83.9990954 86.03445074
OS 83.97927324 86.03177358
OS 83.95881354 86.03095316
OS 83.94887198 86.03271592
OS 83.94078462 86.03511622
OS 83.93330686 86.03876366
OS 83.92704322 86.04490538
OS 83.92640314 86.04675958
OS 83.92448798 86.05232218
OS 83.92381996 86.05727772
OS 83.923759 86.0634804
OS 83.92491216 86.07217482
OS 83.92482072 86.0814763
OS 83.92719308 86.092665
OS 83.93016996 86.1050983
OS 83.93436604 86.12002588
OS 83.93977624 86.1374452
OS 83.94640056 86.1573588
OS 83.95424408 86.17976668
OS 83.96454886 86.2040567
OS 83.98886682 86.2539169
OS 83.99558512 86.26452648
OS 84.00166334 86.27699026
OS 84.01814032 86.30444512
OS 84.0358619 86.33129038
OS 84.04565106 86.34503178
OS 84.05422356 86.35628144
OS 84.0634336 86.36567436
OS 84.07203658 86.37382268
OS 84.08006298 86.37762506
OS 84.08872692 86.3795707
OS 84.08997406 86.3789611
OS 84.09556714 86.37777746
OS 84.10304744 86.37413002
OS 84.11365702 86.36741172
OS 84.12432756 86.35449074
OS 84.13122874 86.34649482
OS 84.13752286 86.3372543
OS 84.14384746 86.32491244
OS 84.15017206 86.31257058
OS 84.15652714 86.29712484
OS 84.1629127 86.27858284
OS 84.16355024 86.2767261
OS 84.16418778 86.2748719
OS 84.16610548 86.2693093
OS 84.16865818 86.2618925
OS 84.17689794 86.2439855
OS 84.18705286 86.2205159
OS 84.2009492 86.19522512
OS 84.21794434 86.16996228
OS 84.23679368 86.14533698
OS 84.25871388 86.12384604
OS 84.25996102 86.12323644
OS 84.2606011 86.12138224
OS 84.26433998 86.11955852
OS 84.2687164 86.1158806
OS 84.279359 86.10606096
OS 84.29313088 86.093173
OS 84.31064164 86.07845878
OS 84.33003962 86.0612833
OS 84.35132228 86.04164656
OS 84.37260494 86.02200728
OS 84.41644534 85.97902286
OS 84.43587126 85.95874604
OS 84.45529972 85.93846922
OS 84.4722339 85.91940906
OS 84.48482214 85.90092548
OS 84.49613276 85.88615284
OS 84.49868546 85.8787335
OS 84.50184776 85.87256384
OS 84.50187824 85.8694625
OS 84.50318634 85.86265276
OS 84.50327778 85.85334874
OS 84.5040093 85.84219306
OS 84.50288408 85.8303973
OS 84.49926712 85.8198182
OS 84.49315588 85.81045322
OE
OB 84.82088192 85.28337782 I
OS 84.81291648 85.2733753
OS 84.8024593 85.2645869
OS 84.79136458 85.25765524
OS 84.7789897 85.25443198
OS 84.7771355 85.25379444
OS 84.77278956 85.25437102
OS 84.76594934 85.25616426
OS 84.75786198 85.2585671
OS 84.74852748 85.26157446
OS 84.74040964 85.2670761
OS 84.73165426 85.27443448
OS 84.72536014 85.283675
OS 84.7247226 85.2855292
OS 84.72469212 85.28863054
OS 84.72468196 85.28972528
OS 84.72961718 85.2923999
OS 84.74746068 85.30684234
OS 84.7554566 85.31374352
OS 84.76098872 85.31876002
OS 84.76466664 85.32313898
OS 84.76527624 85.32438612
OS 84.78242124 85.3468829
OS 84.79707196 85.37059634
OS 84.805266 85.38526738
OS 84.79941384 85.38488638
OS 84.7882861 85.38105352
OS 84.77718884 85.37412186
OS 84.76919546 85.36722068
OS 84.7618066 85.36156664
OS 84.75812868 85.35718768
OS 84.75566742 85.355303
OS 84.743417 85.33967438
OS 84.73487498 85.32532592
OS 84.73064842 85.31349968
OS 84.72703146 85.30292058
OS 84.72463116 85.29483322
OS 84.72468196 85.28972528
OS 84.71912952 85.28671538
OS 84.70739472 85.28163792
OS 84.70554052 85.28099784
OS 84.70183212 85.27972276
OS 84.69502238 85.27841466
OS 84.6845017 85.27582894
OS 84.67149182 85.27445988
OS 84.65537806 85.27306034
OS 84.6361655 85.27163032
OS 84.61321152 85.27202402
OS 84.61196438 85.27263362
OS 84.61011018 85.27199354
OS 84.60576424 85.27257266
OS 84.59956156 85.2725117
OS 84.59086714 85.27366486
OS 84.58156312 85.27357342
OS 84.5697699 85.27469864
OS 84.55547986 85.27703798
OS 84.54058276 85.27813272
OS 84.52319392 85.28044158
OS 84.50270374 85.28271996
OS 84.48096642 85.28560794
OS 84.45798196 85.28910044
OS 84.43250576 85.29381214
OS 84.40392822 85.29849336
OS 84.37410608 85.30378164
OS 84.37285894 85.3043887
OS 84.36726586 85.30557488
OS 84.3585689 85.30672804
OS 84.34677314 85.30785326
OS 84.33433984 85.31083014
OS 84.3181956 85.31253194
OS 84.30141382 85.31608794
OS 84.28277784 85.3190064
OS 84.24489882 85.32359364
OS 84.2070198 85.32818342
OS 84.18962842 85.33049228
OS 84.17287712 85.33094694
OS 84.15798256 85.33204168
OS 84.14433006 85.33252682
OS 84.14308546 85.33313388
OS 84.13998412 85.3331034
OS 84.13563564 85.33367998
OS 84.1312897 85.3342591
OS 84.12444948 85.33605234
OS 84.11699966 85.33659844
OS 84.1058135 85.33896826
OS 84.0946248 85.34134062
OS 84.07909016 85.34428702
OS 84.06106124 85.34845262
OS 84.04178772 85.35322274
OS 84.01816572 85.35857198
OS 83.99204944 85.36513788
OS 83.96158722 85.37228036
OS 83.96034008 85.37288742
OS 83.954747 85.3740736
OS 83.94480544 85.37583636
OS 83.93361928 85.37820618
OS 83.9199363 85.38179266
OS 83.90440166 85.3847416
OS 83.88576568 85.38766006
OS 83.8671297 85.39057598
OS 83.82550926 85.39698948
OS 83.7845289 85.40154624
OS 83.76403872 85.40382462
OS 83.74418608 85.4042488
OS 83.72558058 85.40406592
OS 83.70946936 85.40266638
OS 83.70636802 85.4026359
OS 83.69770408 85.40069026
OS 83.6859388 85.39871414
OS 83.67043464 85.39856174
OS 83.65368334 85.3990164
OS 83.6381487 85.4019628
OS 83.62258104 85.40801308
OS 83.61571034 85.41290766
OS 83.61069384 85.41843978
OS 83.6100563 85.42029398
OS 83.61002582 85.42339532
OS 83.60999534 85.42649666
OS 83.60993438 85.4326968
OS 83.61233468 85.44078416
OS 83.61409744 85.45072572
OS 83.61707686 85.46315902
OS 83.6212704 85.4780866
OS 83.6272902 85.49675306
OS 83.63637832 85.51855134
OS 83.64543596 85.54345096
OS 83.65756446 85.5714824
OS 83.67212374 85.60449732
OS 83.68911634 85.6425008
OS 83.727417 85.72102998
OS 83.73717568 85.73787272
OS 83.74690134 85.7578168
OS 83.75848374 85.77839842
OS 83.7706732 85.80022718
OS 83.79505212 85.8438847
OS 83.80788166 85.86385926
OS 83.8201016 85.88258668
OS 83.83174496 85.89696562
OS 83.84217166 85.90885536
OS 83.85077464 85.91700114
OS 83.85448304 85.91827876
OS 83.85819144 85.91955638
OS 83.85943858 85.91894932
OS 83.86503166 85.91776314
OS 83.87311902 85.91536284
OS 83.8843382 85.90988914
OS 83.89683246 85.90070958
OS 83.9093572 85.88842868
OS 83.92319258 85.86933804
OS 83.93012424 85.85824078
OS 83.93769598 85.84529186
OS 83.93833352 85.84343766
OS 83.93897106 85.84158092
OS 83.94280392 85.83045572
OS 83.94973558 85.81935846
OS 83.9522578 85.815043
OS 83.95538962 85.81197214
OS 83.9578839 85.81075548
OS 83.96037564 85.80954136
OS 83.96536166 85.80710804
OS 83.97220188 85.8053148
OS 83.98028924 85.8029145
OS 83.99147794 85.80054468
OS 84.00576544 85.7982028
OS 84.00701258 85.79759574
OS 84.01321526 85.7976567
OS 84.02066254 85.7971106
OS 84.03182076 85.79783958
OS 84.05349458 85.80115428
OS 84.06462232 85.80498714
OS 84.07386284 85.81128126
OS 84.07447244 85.81252586
OS 84.0787879 85.81505062
OS 84.08307542 85.82067418
OS 84.0898242 85.82818496
OS 84.0983967 85.83943208
OS 84.10693872 85.85378308
OS 84.11915866 85.8725105
OS 84.13435548 85.90367376
OS 84.13803594 85.90805018
OS 84.1453613 85.9199069
OS 84.15703514 85.93118704
OS 84.17056318 85.94310472
OS 84.18600638 85.9494598
OS 84.19467032 85.95140544
OS 84.2039718 85.95149688
OS 84.21391336 85.94973412
OS 84.2238854 85.94487256
OS 84.22637968 85.9436559
OS 84.2307561 85.93997798
OS 84.23826688 85.9332292
OS 84.24519854 85.92213194
OS 84.25216068 85.90793588
OS 84.25535346 85.89866488
OS 84.25854624 85.88939134
OS 84.25927776 85.87823312
OS 84.26064428 85.86522324
OS 84.26015914 85.85157328
OS 84.25845734 85.83542904
OS 84.25785028 85.8341819
OS 84.25788076 85.8310831
OS 84.25794172 85.82488042
OS 84.25614848 85.8180402
OS 84.25499278 85.80934578
OS 84.25198542 85.80001128
OS 84.24411142 85.78070728
OS 84.2422877 85.77696586
OS 84.24110406 85.77137278
OS 84.23623996 85.76140074
OS 84.2331691 85.75826892
OS 84.23195244 85.75577718
OS 84.23009824 85.7551371
OS 84.23134538 85.75453004
OS 84.23259252 85.75392298
OS 84.2344772 85.75145918
OS 84.23946322 85.7490284
OS 84.24444924 85.74659508
OS 84.25253406 85.74419478
OS 84.2625061 85.73933068
OS 84.27433234 85.73510666
OS 84.2899 85.72905638
OS 84.30856646 85.72303912
OS 84.3309718 85.71519814
OS 84.35587142 85.70613796
OS 84.38572658 85.69775088
OS 84.41871102 85.6862904
OS 84.45789814 85.67489342
OS 84.45914528 85.67428382
OS 84.4647409 85.67310018
OS 84.47158112 85.67130694
OS 84.48091308 85.66829704
OS 84.49334638 85.66531762
OS 84.50702936 85.66173114
OS 84.5219544 85.6575376
OS 84.53752206 85.65148732
OS 84.57360784 85.64005986
OS 84.6121879 85.62741574
OS 84.6495513 85.61227734
OS 84.6838159 85.59710846
OS 84.68630764 85.59589434
OS 84.69129366 85.59346102
OS 84.70001856 85.58920652
OS 84.7118448 85.58497996
OS 84.73674442 85.57592232
OS 84.74917772 85.5729429
OS 84.76036642 85.57057308
OS 84.76161356 85.56996602
OS 84.7647149 85.5699965
OS 84.77526352 85.56948088
OS 84.78766634 85.5696028
OS 84.79323148 85.57151796
OS 84.7962998 85.57464978
OS 84.798154 85.57528732
OS 84.80125534 85.5753178
OS 84.80499422 85.57349408
OS 84.81308158 85.57109378
OS 84.82119942 85.56559214
OS 84.83430328 85.55765718
OS 84.85053896 85.5466539
OS 84.8511765 85.5447997
OS 84.85245412 85.54108876
OS 84.85500682 85.53367196
OS 84.8563454 85.52376088
OS 84.85586026 85.51011092
OS 84.85415846 85.49396668
OS 84.8475316 85.47405562
OS 84.83969062 85.45164774
OS 84.82023676 85.41176212
OS 84.80926142 85.3924251
OS 84.805266 85.38526738
OS 84.81056952 85.38561536
OS 84.82300282 85.38263594
OS 84.82424996 85.38202888
OS 84.82862892 85.37835096
OS 84.83425248 85.37406344
OS 84.83866192 85.36728418
OS 84.84310184 85.35740612
OS 84.84446836 85.3443937
OS 84.84337616 85.3294966
OS 84.8373589 85.31083014
OS 84.82884736 85.29338034
OS 84.82088192 85.28337782
OE
SE
S P 0
OB 86.06728024 71.80156328 I
OS 86.07546158 71.78199004
OS 86.07701352 71.77969134
OS 86.07859086 71.77239138
OS 86.08249738 71.7616421
OS 86.08487736 71.7481928
OS 86.09196396 71.71784234
OS 86.09282248 71.70169302
OS 86.09212652 71.6878424
OS 86.09175314 71.68591708
OS 86.09100384 71.68206644
OS 86.08988116 71.67629048
OS 86.08723448 71.6678145
OS 86.08266248 71.6597119
OS 86.0769424 71.65083206
OS 86.06736914 71.64270406
OS 86.0558731 71.63494944
OS 86.05472248 71.6341722
OS 86.05012254 71.63107086
OS 86.04359982 71.6283429
OS 86.03592394 71.62484024
OS 86.01520262 71.61588166
OS 85.99407998 71.60999648
OS 85.99292936 71.60922178
OS 85.98985342 71.60882046
OS 85.98370408 71.60801782
OS 85.97640412 71.60644048
OS 85.96680546 71.6033112
OS 85.95528148 71.6005553
OS 85.94260688 71.5970247
OS 85.92878166 71.5927194
OS 85.92763358 71.5919447
OS 85.92340702 71.59076614
OS 85.9168843 71.58804072
OS 85.90728564 71.58491144
OS 85.88886302 71.57750226
OS 85.87083918 71.56701968
OS 85.86854048 71.56546774
OS 85.86394054 71.5623664
OS 85.85511912 71.5580865
OS 85.84436984 71.55418252
OS 85.82976992 71.55102784
OS 85.81517 71.54787062
OS 85.79824344 71.54816272
OS 85.77976748 71.55075606
OS 85.77784216 71.55112944
OS 85.7712915 71.55340274
OS 85.7639636 71.55682412
OS 85.75393568 71.56177204
OS 85.74350644 71.56979336
OS 85.7323025 71.57896276
OS 85.72262256 71.59083472
OS 85.71561724 71.60618394
OS 85.71599062 71.60810926
OS 85.7148146 71.61233328
OS 85.71438534 71.62040794
OS 85.71625732 71.63003454
OS 85.71850268 71.64158646
OS 85.72267336 71.65276246
OS 85.72991744 71.66434232
OS 85.73908938 71.67554626
OS 85.74138808 71.6770982
OS 85.74521078 71.68135016
OS 85.75441066 71.68755284
OS 85.76628262 71.69723278
OS 85.78160136 71.70923936
OS 85.80229728 71.7231992
OS 85.82566782 71.7406363
OS 85.85441046 71.76002412
OS 85.85556108 71.76079882
OS 85.86015848 71.76390016
OS 85.86705712 71.76855344
OS 85.87625446 71.77475866
OS 85.88775304 71.78251328
OS 85.9011744 71.78989452
OS 85.92839558 71.80657978
OS 85.95676484 71.82404228
OS 85.97096344 71.83027544
OS 85.9843848 71.83765414
OS 85.9962847 71.84233536
OS 86.00625674 71.84738996
OS 86.01548202 71.84859392
OS 86.02048328 71.84861932
OS 86.0224086 71.84824594
OS 86.02703394 71.84634856
OS 86.03243652 71.84330056
OS 86.0401632 71.83680324
OS 86.04944182 71.82800722
OS 86.05834706 71.81728334
OS 86.06728024 71.80156328
OE
OB 86.40660138 71.36297894 I
OS 86.40817872 71.35567898
OS 86.4082346 71.345679
OS 86.40636262 71.3360524
OS 86.40181856 71.32294854
OS 86.39419856 71.3094459
OS 86.38235454 71.2947647
OS 86.3800533 71.29321276
OS 86.37507998 71.2881861
OS 86.36743458 71.27968218
OS 86.35633732 71.26885162
OS 86.34101604 71.25684504
OS 86.32532138 71.24291314
OS 86.3054027 71.22780522
OS 86.28355616 71.21307068
OS 86.28240808 71.21229344
OS 86.28125746 71.21151874
OS 86.27780814 71.2091921
OS 86.2732082 71.20609076
OS 86.26171216 71.19833614
OS 86.24561618 71.18747764
OS 86.22721896 71.17506974
OS 86.20459772 71.16148582
OS 86.1816031 71.14597404
OS 86.15668316 71.13083818
OS 86.15553508 71.13006348
OS 86.15323384 71.12851154
OS 86.14978452 71.1261849
OS 86.14518712 71.12308356
OS 86.13866186 71.1203556
OS 86.13176322 71.11570232
OS 86.11374192 71.10521974
OS 86.0922713 71.09241052
OS 86.06735136 71.07727466
OS 86.04013018 71.06058686
OS 86.01098622 71.04427498
OS 86.0098356 71.04350028
OS 86.0075369 71.04194834
OS 86.00408758 71.0396217
OS 85.99756486 71.03689374
OS 85.98491566 71.02836442
OS 85.96804498 71.01865654
OS 85.95002368 71.00817396
OS 85.93277708 70.99654076
OS 85.91590386 70.98683288
OS 85.9032572 70.97830102
OS 85.90210912 70.97752632
OS 85.89750918 70.97442498
OS 85.88983584 70.97092232
OS 85.88178658 70.9654918
OS 85.87066392 70.9596625
OS 85.85839064 70.9530585
OS 85.832696 70.93907072
OS 85.80544942 70.92738418
OS 85.7923989 70.92192826
OS 85.78050154 70.91724958
OS 85.77012564 70.91526838
OS 85.7609029 70.91406442
OS 85.75397632 70.9144124
OS 85.74972436 70.9182351
OS 85.7512763 70.9159364
OS 85.75170302 70.90786174
OS 85.75173096 70.90286048
OS 85.74790826 70.89860852
OS 85.74293494 70.89358186
OS 85.73488568 70.88815388
OS 85.73373506 70.88737918
OS 85.73143636 70.88582724
OS 85.72606172 70.88387398
OS 85.7203137 70.87999794
OS 85.7045911 70.87106476
OS 85.68849512 70.8602088
OS 85.6873445 70.85943156
OS 85.6850458 70.85788216
OS 85.67814716 70.85322888
OS 85.67124852 70.8485756
OS 85.66817258 70.84817428
OS 85.6662498 70.84854766
OS 85.6677992 70.84624896
OS 85.66975246 70.84087432
OS 85.67095642 70.83164904
OS 85.67063638 70.81972374
OS 85.66836308 70.81317308
OS 85.6649417 70.80584518
OS 85.6603697 70.79774258
OS 85.65464708 70.78886528
OS 85.64662576 70.77843604
OS 85.63590442 70.7695308
OS 85.62480716 70.75870278
OS 85.6098618 70.74861898
OS 85.60871118 70.74784428
OS 85.60411378 70.74474294
OS 85.59836322 70.74086436
OS 85.59146458 70.73621108
OS 85.58341786 70.7307831
OS 85.57766984 70.72690452
OS 85.5722952 70.7249538
OS 85.57114458 70.7241791
OS 85.5730699 70.72380318
OS 85.57576992 70.72227918
OS 85.5811725 70.71923118
OS 85.5827219 70.71693248
OS 85.5885258 70.71080854
OS 85.6017084 70.69126324
OS 85.60716432 70.67821526
OS 85.61147216 70.66439258
OS 85.61192682 70.65131666
OS 85.60660552 70.63936342
OS 85.60545744 70.63858872
OS 85.60278282 70.63511146
OS 85.5978095 70.6300848
OS 85.59053748 70.6235062
OS 85.57941482 70.6176769
OS 85.5663643 70.61222098
OS 85.551391 70.60713844
OS 85.53294044 70.60473052
OS 85.53101512 70.60510644
OS 85.5267911 70.60392788
OS 85.52101514 70.60505056
OS 85.51331386 70.60654916
OS 85.50561258 70.60804522
OS 85.4971366 70.6106919
OS 85.49018462 70.6160386
OS 85.48438072 70.62216254
OS 85.48360602 70.62331062
OS 85.4832047 70.62638656
OS 85.48087806 70.62983588
OS 85.48007542 70.63598522
OS 85.47884606 70.65021176
OS 85.4776421 70.65943704
OS 85.47951154 70.66906364
OS 85.47988746 70.67098896
OS 85.47948614 70.67406236
OS 85.48060882 70.67983832
OS 85.47902894 70.68713828
OS 85.4766769 70.69558886
OS 85.4708476 70.70671152
OS 85.46309044 70.71820756
OS 85.45148518 70.73045544
OS 85.45071048 70.73160352
OS 85.44645852 70.73542876
OS 85.44065462 70.74155016
OS 85.43407856 70.74882218
OS 85.4240227 70.75876882
OS 85.41319214 70.76986608
OS 85.40158688 70.78211142
OS 85.38920692 70.79550738
OS 85.36134058 70.8268967
OS 85.33192738 70.86058726
OS 85.30365972 70.89505252
OS 85.27731992 70.9291444
OS 85.26258538 70.9509884
OS 85.25753078 70.96096298
OS 85.2462735 70.98013236
OS 85.23576298 71.00315492
OS 85.22640308 71.02695218
OS 85.2220419 71.05077738
OS 85.22121386 71.06192798
OS 85.2223086 71.07270266
OS 85.22345922 71.0734799
OS 85.2230579 71.0765533
OS 85.2276299 71.0846559
OS 85.2337259 71.09545852
OS 85.24482062 71.10628908
OS 85.25056864 71.11016766
OS 85.2593926 71.11444502
OS 85.26861788 71.11564898
OS 85.27976848 71.11647956
OS 85.2905457 71.11538228
OS 85.30479764 71.11161292
OS 85.3186762 71.10592078
OS 85.33487886 71.09677678
OS 85.35958798 71.07998484
OS 86.19895384 71.63610768
OS 86.30313956 71.50396926
OS 86.3070156 71.4982187
OS 86.31204226 71.49324538
OS 86.31747278 71.48519866
OS 86.32482608 71.47677602
OS 86.3325807 71.46527744
OS 86.35039118 71.44383476
OS 86.36860044 71.41931614
OS 86.3852603 71.39709622
OS 86.40542536 71.36720296
OS 86.40660138 71.36297894
OE
OB 86.49107924 71.24765786 I
OS 86.49262864 71.24535662
OS 86.4938072 71.2411326
OS 86.49653262 71.23460734
OS 86.50081252 71.22578592
OS 86.50549374 71.21388602
OS 86.50626844 71.2127354
OS 86.5082217 71.20736076
OS 86.51209774 71.20161274
OS 86.51637764 71.19278878
OS 86.52143224 71.18281674
OS 86.52763492 71.17361686
OS 86.54044414 71.15214624
OS 86.54432272 71.14639822
OS 86.54627598 71.14102358
OS 86.55210528 71.12990092
OS 86.55796252 71.113777
OS 86.56189444 71.098029
OS 86.5623745 71.07995182
OS 86.55823176 71.06377456
OS 86.55481038 71.0564492
OS 86.54831306 71.04871998
OS 86.54601436 71.04716804
OS 86.54104104 71.04214138
OS 86.53184116 71.0359387
OS 86.5168958 71.0258549
OS 86.4988745 71.01537232
OS 86.47355324 71.0033124
OS 86.44323072 70.99122454
OS 86.40675886 70.97833404
OS 86.40368292 70.97793272
OS 86.39753358 70.97713008
OS 86.3883083 70.97592612
OS 86.37600962 70.97432084
OS 86.34563376 70.97223296
OS 86.32985782 70.9733023
OS 86.31522996 70.97514634
OS 86.30097802 70.9789157
OS 86.28902478 70.98423446
OS 86.27974616 70.99303302
OS 86.27469156 71.00300506
OS 86.27311422 71.01030502
OS 86.2734622 71.0172316
OS 86.27303294 71.02530626
OS 86.27683024 71.03455694
OS 86.280625 71.04381016
OS 86.2859463 71.0557634
OS 86.29319292 71.06734072
OS 86.30158762 71.07969528
OS 86.3027357 71.08046998
OS 86.30656094 71.08472194
OS 86.31075702 71.09089922
OS 86.31610626 71.0978512
OS 86.32832366 71.11445772
OS 86.33404628 71.12333502
OS 86.33861828 71.13143762
OS 86.33821696 71.13451356
OS 86.33971302 71.14221484
OS 86.34118368 71.15491484
OS 86.34417834 71.1703174
OS 86.34869446 71.18841998
OS 86.35628906 71.20692388
OS 86.36543052 71.22312908
OS 86.37842516 71.23858498
OS 86.3807264 71.24013692
OS 86.38569972 71.24516358
OS 86.39374644 71.25059156
OS 86.4048691 71.25642086
OS 86.41791962 71.26187678
OS 86.43289292 71.26695932
OS 86.44941816 71.26974062
OS 86.46634218 71.26944852
OS 86.46711942 71.2682979
OS 86.46981944 71.2667739
OS 86.47869674 71.26105128
OS 86.48642596 71.2545565
OS 86.48990068 71.25188188
OS 86.49145262 71.24958318
OS 86.49107924 71.24765786
OE
OB 86.30902982 70.91241596 I
OS 86.3113844 70.90396538
OS 86.31258836 70.8947401
OS 86.31149362 70.88396542
OS 86.30769632 70.8747122
OS 86.29927368 70.8673589
OS 86.29812306 70.8665842
OS 86.29467374 70.86425756
OS 86.2885244 70.86345492
OS 86.28122444 70.86187504
OS 86.27122446 70.8618217
OS 86.26159786 70.86369368
OS 86.24849654 70.86823774
OS 86.23614198 70.87663244
OS 86.22683542 70.89042972
OS 86.22333276 70.89810306
OS 86.2213541 70.90847896
OS 86.22244884 70.91925364
OS 86.22739422 70.92928156
OS 86.23734086 70.93933742
OS 86.23849148 70.94011212
OS 86.24386612 70.94206538
OS 86.25038884 70.94479334
OS 86.25999004 70.94792262
OS 86.26999002 70.94797596
OS 86.28039132 70.9449559
OS 86.29196864 70.93770928
OS 86.30165112 70.92583732
OS 86.30552716 70.9200893
OS 86.30902982 70.91241596
OE
SE
S P 0
OB 86.54887186 88.6709301 I
OS 86.5371523 88.65715822
OS 86.52298672 88.64002338
OS 86.50637766 88.6195205
OS 86.5031163 88.61503232
OS 86.49791946 88.6102368
OS 86.49221208 88.60238312
OS 86.48456922 88.5942221
OS 86.47529568 88.58381826
OS 86.45593326 88.5618879
OS 86.431882 88.53822018
OS 86.40783074 88.51455246
OS 86.3831648 88.49476078
OS 86.3716459 88.48598762
OS 86.3598222 88.47914994
OS 86.35900686 88.47802726
OS 86.35707138 88.47771992
OS 86.34962918 88.47455762
OS 86.33749814 88.46965542
OS 86.32312174 88.46638644
OS 86.30538238 88.46556348
OS 86.28539512 88.46636866
OS 86.2656136 88.47217002
OS 86.25500656 88.47644738
OS 86.24490752 88.48378544
OS 86.24378738 88.48460078
OS 86.23736118 88.4875548
OS 86.225126 88.4895868
OS 86.21676178 88.49223348
OS 86.20676942 88.49263734
OS 86.20483394 88.49233
OS 86.2006531 88.49365334
OS 86.19341156 88.49548722
OS 86.18168438 88.50057738
OS 86.1668965 88.50618062
OS 86.1571048 88.51157812
OS 86.14731564 88.51697816
OS 86.13527858 88.52400888
OS 86.12324406 88.53103706
OS 86.10896672 88.53969846
OS 86.0943795 88.55029534
OS 86.09325936 88.55111068
OS 86.091014 88.55273882
OS 86.08652582 88.55600018
OS 86.08203764 88.55926154
OS 86.0677603 88.5679204
OS 86.0512376 88.57821248
OS 86.03553024 88.5896247
OS 86.02012768 88.5990989
OS 86.01434664 88.60175828
OS 86.01482416 88.60123758
OS 86.02298518 88.59359472
OS 86.03033086 88.58482918
OS 86.03604586 88.57382082
OS 86.04013018 88.5605671
OS 86.03840552 88.5463939
OS 86.03657164 88.53915236
OS 86.0267901 88.52569036
OS 86.02159326 88.52089484
OS 86.01364306 88.51467184
OS 86.00538552 88.51038432
OS 85.99600784 88.50691468
OS 85.98601548 88.507316
OS 85.97622378 88.51271604
OS 85.9751011 88.51353138
OS 85.9717356 88.5159774
OS 85.96643208 88.51811608
OS 85.96000842 88.5210701
OS 85.95276688 88.52290144
OS 85.94471254 88.5236101
OS 85.93584032 88.52319862
OS 85.92727798 88.52084912
OS 85.92533996 88.52054178
OS 85.92095846 88.51686894
OS 85.91320892 88.51564212
OS 85.90383124 88.51217248
OS 85.89332834 88.50951564
OS 85.88252318 88.50879682
OS 85.87252828 88.50920068
OS 85.86110844 88.51235536
OS 85.85998576 88.5131707
OS 85.85580492 88.51449404
OS 85.85019406 88.51857074
OS 85.84122024 88.52509092
OS 85.82887838 88.53405712
OS 85.81622918 88.54496134
OS 85.7990918 88.55912692
OS 85.77940426 88.57685866
OS 85.77828412 88.577674
OS 85.77716144 88.57848934
OS 85.7734886 88.58287084
OS 85.76981576 88.58725488
OS 85.76502024 88.59245172
OS 85.7579819 88.59927924
OS 85.75063622 88.60804478
OS 85.74104772 88.618441
OS 85.73033654 88.62965256
OS 85.71931802 88.6427996
OS 85.70717682 88.65676198
OS 85.69360814 88.67347772
OS 85.67973212 88.69212894
OS 85.66279794 88.7112907
OS 85.64637176 88.73351062
OS 85.6288229 88.75654588
OS 85.62770022 88.75736122
OS 85.62402738 88.76174272
OS 85.6200472 88.76806478
OS 85.6138242 88.77601498
OS 85.60617372 88.786716
OS 85.5985207 88.79741956
OS 85.57984916 88.82127016
OS 85.56005748 88.84593356
OS 85.55240446 88.85663712
OS 85.5436313 88.86815348
OS 85.5374083 88.87610368
OS 85.53118276 88.88405388
OS 85.52750992 88.88843792
OS 85.52414442 88.89088394
OS 85.52302174 88.89169674
OS 85.5185361 88.8949581
OS 85.5126179 88.90097028
OS 85.50415208 88.91055116
OS 85.49506904 88.92400554
OS 85.48150036 88.94072128
OS 85.46813234 88.9624332
OS 85.4530295 88.98883396
OS 85.45190936 88.9896493
OS 85.45160202 88.99158732
OS 85.44986466 88.99627616
OS 85.44700716 89.00178034
OS 85.44098736 89.01472672
OS 85.43465768 89.02961112
OS 85.428836 89.04755368
OS 85.42525968 89.06386556
OS 85.42403286 89.0716151
OS 85.42474406 89.07966944
OS 85.42688274 89.08497296
OS 85.42902142 89.09027648
OS 85.42983676 89.09139916
OS 85.43421826 89.09506946
OS 85.44053778 89.09904964
OS 85.44961066 89.1044573
OS 85.46204904 89.10742148
OS 85.4797884 89.10824444
OS 85.48947596 89.1097786
OS 85.50058846 89.10856194
OS 85.51282618 89.1065274
OS 85.52618404 89.10368006
OS 85.52730672 89.10286472
OS 85.52924474 89.10317206
OS 85.53342558 89.10184872
OS 85.53872656 89.09971004
OS 85.55432978 89.09522948
OS 85.57492918 89.0905508
OS 85.60001422 89.08260822
OS 85.62815996 89.07416018
OS 85.6593664 89.0652016
OS 85.69281566 89.05461234
OS 85.6939358 89.053797
OS 85.6969965 89.053289
OS 85.70117734 89.05196566
OS 85.707601 89.04901164
OS 85.72320422 89.04453362
OS 85.74298828 89.03873226
OS 85.76389248 89.03211302
OS 85.78479922 89.02549632
OS 85.80458328 89.01969242
OS 85.81182228 89.01786108
OS 85.81906382 89.01602974
OS 85.8209993 89.01633708
OS 85.8274255 89.01338306
OS 85.8377252 89.01104372
OS 85.85220574 89.0073785
OS 85.87005178 89.0012698
OS 85.89401668 88.99414256
OS 85.92328256 88.98487918
OS 85.95591648 88.97316978
OS 85.95703916 88.97235444
OS 85.96009732 88.97184644
OS 85.96540084 88.96970776
OS 85.97070436 88.96756908
OS 85.9885504 88.96145784
OS 86.00751912 88.9545338
OS 86.029546 88.94710176
OS 86.05045274 88.94048506
OS 86.06941892 88.93356102
OS 86.07666046 88.93172714
OS 86.08389946 88.9298958
OS 86.08583748 88.93020314
OS 86.091141 88.92806446
OS 86.1014407 88.92572512
OS 86.11592124 88.9220599
OS 86.13570276 88.91625854
OS 86.14712514 88.91310132
OS 86.16160568 88.90943864
OS 86.17527088 88.90465328
OS 86.1908741 88.90017526
OS 86.20872014 88.89406402
OS 86.22738152 88.889078
OS 86.2285042 88.88826266
OS 86.23156236 88.88775466
OS 86.23686588 88.88561598
OS 86.24522756 88.8829693
OS 86.25358924 88.88032262
OS 86.26501162 88.8771654
OS 86.28897652 88.8700407
OS 86.31712226 88.86159012
OS 86.345268 88.85314208
OS 86.37616456 88.84612152
OS 86.40400296 88.83960896
OS 86.40512564 88.83879362
OS 86.40706366 88.83910096
OS 86.41624068 88.83757442
OS 86.42847586 88.83554242
OS 86.44489442 88.83218454
OS 86.46294366 88.83107202
OS 86.48099036 88.8299595
OS 86.49873226 88.83078246
OS 86.51535148 88.8324233
OS 86.51728696 88.8327281
OS 86.52228314 88.83252744
OS 86.52921734 88.83263158
OS 86.5392097 88.83223026
OS 86.5495094 88.82988838
OS 86.56062444 88.82867172
OS 86.57204428 88.82551704
OS 86.58295866 88.81930166
OS 86.59193502 88.81277894
OS 86.6000935 88.80513608
OS 86.60468836 88.79494306
OS 86.60683466 88.781382
OS 86.60623014 88.76639346
OS 86.5993061 88.74742474
OS 86.59502874 88.73682024
OS 86.58881336 88.72590586
OS 86.58178518 88.71387134
OS 86.55896074 88.68245662
OS 86.54887186 88.6709301
OE
OB 86.07011234 88.97934198 I
OS 86.06216214 88.97311898
OS 86.05196658 88.96852412
OS 86.0387154 88.9644398
OS 86.03677738 88.96413246
OS 86.03371922 88.96464046
OS 86.02729302 88.96759448
OS 86.01893134 88.97024116
OS 86.0088323 88.97757922
OS 85.9992438 88.98797544
OS 85.9871026 89.00193782
OS 85.97404192 89.02171172
OS 85.97261444 89.02446508
OS 85.96863426 89.0307846
OS 85.96404194 89.04097762
OS 85.95995762 89.05423134
OS 85.95475062 89.0683004
OS 85.95341712 89.0829816
OS 85.95415626 89.08905474
OS 85.95524846 89.0902206
OS 85.95871048 89.09970496
OS 85.95896956 89.10612862
OS 85.957283 89.10245832
OS 85.95514432 89.0971548
OS 85.95415626 89.08905474
OS 85.9476056 89.08206212
OS 85.94566758 89.08175478
OS 85.94097874 89.08001742
OS 85.93210906 89.07960594
OS 85.92017868 89.07970246
OS 85.91100166 89.08122646
OS 85.90182464 89.082753
OS 85.89234028 89.08621502
OS 85.87979776 89.09018504
OS 85.8672527 89.09415506
OS 85.8532827 89.10087844
OS 85.8370648 89.1092325
OS 85.81972676 89.11839936
OS 85.81748394 89.12003004
OS 85.81105774 89.12298406
OS 85.80045324 89.12726142
OS 85.78760338 89.13316946
OS 85.7591503 89.14355552
OS 85.7454851 89.14834088
OS 85.73406272 89.1514981
OS 85.73294004 89.15231344
OS 85.72906654 89.15169876
OS 85.72294768 89.15271476
OS 85.71570868 89.15454864
OS 85.69572396 89.15535382
OS 85.6718632 89.15554686
OS 85.66992772 89.15523952
OS 85.66605168 89.15462484
OS 85.65830468 89.15339802
OS 85.6497398 89.15104852
OS 85.62618892 89.14930354
OS 85.598762 89.14694642
OS 85.57102774 89.14652478
OS 85.55879002 89.14855932
OS 85.54655484 89.15059132
OS 85.53513246 89.15374854
OS 85.52646344 89.1583307
OS 85.5194251 89.16516076
OS 85.51514012 89.17341576
OS 85.51483278 89.17535378
OS 85.5147261 89.18228798
OS 85.51380662 89.1880995
OS 85.51482262 89.19421582
OS 85.51553382 89.2022727
OS 85.51899584 89.21175706
OS 85.52133518 89.22205676
OS 85.5253052 89.23459928
OS 85.53121324 89.24744914
OS 85.53875196 89.26254182
OS 85.54710602 89.27875972
OS 85.55708822 89.2972179
OS 85.56982378 89.31710864
OS 85.59590958 89.35301154
OS 85.60355244 89.36117256
OS 85.61364132 89.37269908
OS 85.6237302 89.3842256
OS 85.64747666 89.4098288
OS 85.67540142 89.43410866
OS 85.68997848 89.44237636
OS 85.70455554 89.45064152
OS 85.71668658 89.45554118
OS 85.7302451 89.45769002
OS 85.74248282 89.45565548
OS 85.75421 89.45056278
OS 85.75533268 89.44974744
OS 85.75788284 89.44618128
OS 85.76380104 89.44016656
OS 85.7692087 89.43109622
OS 85.77410836 89.41896518
OS 85.77880736 89.40183542
OS 85.7841185 89.3808347
OS 85.7872935 89.35453046
OS 85.7875983 89.35259244
OS 85.78821298 89.34871894
OS 85.78913246 89.34290742
OS 85.79036182 89.33515788
OS 85.79424294 89.31690798
OS 85.79853046 89.30865298
OS 85.80281544 89.30039544
OS 85.80393812 89.2995801
OS 85.80648828 89.29601394
OS 85.81046846 89.28969188
OS 85.8175068 89.28286436
OS 85.82821798 89.27165534
OS 85.84117452 89.2588131
OS 85.85780136 89.24158936
OS 85.86820774 89.23231582
OS 85.87973426 89.22222694
OS 85.88085694 89.2214116
OS 85.88452978 89.2170301
OS 85.8901381 89.2129534
OS 85.89717644 89.20612588
OS 85.90452212 89.19736034
OS 85.91380582 89.18890214
OS 85.93104734 89.16780236
OS 85.94665818 89.1444623
OS 85.95268052 89.13151592
OS 85.9564575 89.12020022
OS 85.95911434 89.10969732
OS 85.95896956 89.10612862
OS 85.96023702 89.10888198
OS 85.96268304 89.11225002
OS 85.9662492 89.11480018
OS 85.97063324 89.11847302
OS 85.9816416 89.12418802
OS 85.98745312 89.1251075
OS 85.99357198 89.1240915
OS 85.99469212 89.12327616
OS 85.9958148 89.12246082
OS 86.00336114 89.11869146
OS 86.01203016 89.11410676
OS 86.01988384 89.10840192
OS 86.0221292 89.10677124
OS 86.02580204 89.10238974
OS 86.0317177 89.09637502
OS 86.03906338 89.08760948
OS 86.04018606 89.08679668
OS 86.0404934 89.08485866
OS 86.04416624 89.08047462
OS 86.0500819 89.07446244
OS 86.05406208 89.06814292
OS 86.05518222 89.06732758
OS 86.05773492 89.06376142
OS 86.06140776 89.05937738
OS 86.06589594 89.05611602
OS 86.06701608 89.05530068
OS 86.07150426 89.05204186
OS 86.07629978 89.04684248
OS 86.0814001 89.03970762
OS 86.08650296 89.03257276
OS 86.0899726 89.02319508
OS 86.09069142 89.01238738
OS 86.08835208 89.00208768
OS 86.08753674 89.000965
OS 86.0862134 88.99678416
OS 86.07806254 88.98556498
OS 86.07011234 88.97934198
OE
OB 86.02392498 87.91064968 I
OS 86.0141409 87.89718514
OS 85.98764362 87.87015446
OS 85.98601548 87.8679091
OS 85.98163144 87.86423626
OS 85.97449658 87.85913594
OS 85.96573104 87.85179026
OS 85.94626448 87.83679156
OS 85.93637626 87.83026122
OS 85.92699858 87.82679158
OS 85.92506056 87.82648424
OS 85.92037172 87.82474688
OS 85.91262218 87.82352006
OS 85.90405984 87.82117056
OS 85.88325978 87.8208556
OS 85.87326488 87.82125946
OS 85.8649032 87.82390614
OS 85.86378306 87.82472148
OS 85.8615377 87.82635216
OS 85.8581722 87.82879564
OS 85.85449936 87.83317968
OS 85.85051918 87.8394992
OS 85.84735434 87.8469414
OS 85.84582018 87.85662642
OS 85.84479656 87.86937214
OS 85.84448922 87.87130762
OS 85.84581256 87.875491
OS 85.8476439 87.88273
OS 85.8491679 87.89190702
OS 85.8537526 87.90057604
OS 85.85752196 87.90812238
OS 85.86434948 87.91516326
OS 85.87179168 87.91832556
OS 85.87260702 87.91944824
OS 85.87566772 87.91894024
OS 85.88310738 87.92210508
OS 85.89024224 87.9272054
OS 85.89268826 87.9305709
OS 85.8940116 87.93475428
OS 85.89482694 87.93587442
OS 85.8942148 87.93975046
OS 85.89247744 87.9444393
OS 85.88656178 87.95045148
OS 85.8854391 87.95126682
OS 85.8820736 87.95371284
OS 85.87758542 87.9569742
OS 85.86973174 87.96267904
OS 85.8596327 87.97001456
OS 85.84423268 87.9794913
OS 85.83525632 87.98601148
OS 85.82515982 87.99334954
OS 85.81394064 88.0015004
OS 85.80078344 88.00934392
OS 85.78619622 88.01994334
OS 85.7707962 88.02941754
OS 85.75284348 88.04246044
OS 85.7348933 88.05550334
OS 85.71388242 88.06905424
OS 85.69062872 88.08423582
OS 85.66706514 88.10135288
OS 85.64044594 88.11898048
OS 85.61158138 88.13823622
OS 85.58159414 88.15830984
OS 85.5482414 88.18082694
OS 85.51376598 88.20415938
OS 85.47704774 88.2291225
OS 85.436964 88.25653164
OS 85.43472118 88.25816232
OS 85.42798764 88.26305436
OS 85.4170758 88.2692672
OS 85.40473394 88.27823594
OS 85.38821124 88.28852548
OS 85.37025852 88.30156838
OS 85.35037032 88.31430394
OS 85.32823676 88.32867018
OS 85.2859102 88.35771
OS 85.26489932 88.3712609
OS 85.24388844 88.3848118
OS 85.22512038 88.39673202
OS 85.20859768 88.40702156
OS 85.19432034 88.41568296
OS 85.18340596 88.4218958
OS 85.18116314 88.42352648
OS 85.17585962 88.42566516
OS 85.16800594 88.43137254
OS 85.15821424 88.43677004
OS 85.14923788 88.44329276
OS 85.1410794 88.45093562
OS 85.1351612 88.4569478
OS 85.13424172 88.46275932
OS 85.13342638 88.46163664
OS 85.13036568 88.46214718
OS 85.12017266 88.45755232
OS 85.10467612 88.45509868
OS 85.08642622 88.45121502
OS 85.06562616 88.45090006
OS 85.04614944 88.4547634
OS 85.03666508 88.45822542
OS 85.02687338 88.46362546
OS 85.0190197 88.46933284
OS 85.01167402 88.47809838
OS 85.01055388 88.47891372
OS 85.0099392 88.48278722
OS 85.0070817 88.4882914
OS 85.00667022 88.49716108
OS 85.0059514 88.50796878
OS 85.0079834 88.5202065
OS 85.0135841 88.53499438
OS 85.02163082 88.55314776
OS 85.02489218 88.5576334
OS 85.02703086 88.56293692
OS 85.0498553 88.59435418
OS 85.05688602 88.6063887
OS 85.09030734 88.6523881
OS 85.10528572 88.67064816
OS 85.1370789 88.71440474
OS 85.15694932 88.7393958
OS 85.17325104 88.76183416
OS 85.18333992 88.77336068
OS 85.20290554 88.80028722
OS 85.2154379 88.81518178
OS 85.23938502 88.84578116
OS 85.2625168 88.8752604
OS 85.27423636 88.88902974
OS 85.28514058 88.90167894
OS 85.29441412 88.91208278
OS 85.30287232 88.92136648
OS 85.304503 88.9236093
OS 85.3088845 88.92728214
OS 85.3168347 88.93350514
OS 85.32590758 88.93891534
OS 85.33803862 88.943815
OS 85.34935432 88.94759198
OS 85.36240484 88.94668012
OS 85.3749499 88.9427101
OS 85.37607004 88.94189476
OS 85.37719272 88.94107942
OS 85.38280358 88.93700526
OS 85.3909646 88.92935986
OS 85.39861508 88.91865884
OS 85.40657544 88.9060198
OS 85.41127444 88.88889258
OS 85.4128086 88.87920502
OS 85.41352742 88.86839732
OS 85.41149288 88.85616214
OS 85.4083382 88.84473976
OS 85.40752286 88.84361708
OS 85.408135 88.83974358
OS 85.40793434 88.8347474
OS 85.40804102 88.8278132
OS 85.41038798 88.81925086
OS 85.41304482 88.8087505
OS 85.41845248 88.79967762
OS 85.42722818 88.78816126
OS 85.42835086 88.78734592
OS 85.43059368 88.78571524
OS 85.43314384 88.78214654
OS 85.43793936 88.7769497
OS 85.44691572 88.77042698
OS 85.45731956 88.76115344
OS 85.4710889 88.74943642
OS 85.48822628 88.73527084
OS 85.50872916 88.71866178
OS 85.53290488 88.69766868
OS 85.54748956 88.6870718
OS 85.56238158 88.6745369
OS 85.57727614 88.662002
OS 85.59522632 88.6489591
OS 85.61348384 88.63398072
OS 85.63480206 88.6184918
OS 85.65530494 88.60188274
OS 85.67805064 88.58364046
OS 85.70273436 88.56570806
OS 85.72772542 88.54583764
OS 85.75465196 88.52627202
OS 85.78300852 88.50395558
OS 85.7841312 88.50314278
OS 85.78525388 88.50232744
OS 85.79198488 88.4974354
OS 85.80208138 88.49009988
OS 85.81473058 88.47919566
OS 85.83043794 88.46778344
OS 85.848698 88.45280252
OS 85.86889354 88.43812894
OS 85.88939388 88.42151988
OS 85.9334578 88.38779122
OS 85.95508336 88.37036682
OS 85.97558624 88.35375522
OS 85.99496644 88.3379615
OS 86.01322396 88.32298058
OS 86.02923866 88.30963288
OS 86.04188786 88.29872866
OS 86.04301054 88.29791332
OS 86.04525336 88.29628264
OS 86.04780352 88.29271394
OS 86.0522917 88.28945512
OS 86.06188274 88.2790589
OS 86.07595942 88.26540132
OS 86.08840542 88.24950346
OS 86.10309678 88.23197238
OS 86.11503478 88.21301128
OS 86.12472996 88.1956834
OS 86.1250373 88.19374538
OS 86.12646732 88.19099456
OS 86.1273868 88.18518304
OS 86.12942896 88.17855618
OS 86.13218994 88.16112162
OS 86.13332024 88.14144424
OS 86.13169972 88.12033684
OS 86.12936038 88.11003714
OS 86.1267137 88.10167546
OS 86.11530148 88.0859681
OS 86.1062286 88.0805579
OS 86.09572824 88.0779036
OS 86.09460556 88.07871894
OS 86.08960938 88.0789196
OS 86.08318318 88.08187362
OS 86.07288602 88.08421296
OS 86.07125534 88.08197014
OS 86.06931732 88.0816628
OS 86.0668713 88.0782973
OS 86.0624898 88.07462446
OS 86.05647762 88.06870626
OS 86.04852742 88.06248326
OS 86.04771208 88.06136312
OS 86.04414338 88.05881042
OS 86.04088202 88.05432224
OS 86.03486984 88.04840658
OS 86.02203014 88.03545004
OS 86.01768166 88.02946834
OS 86.047326 88.01364414
OS 86.04844868 88.0128288
OS 86.05099884 88.0092601
OS 86.05579436 88.00406326
OS 86.0589592 87.99662106
OS 86.06130616 87.98805872
OS 86.06202498 87.97725102
OS 86.05917764 87.96389062
OS 86.05163892 87.94879794
OS 86.04674942 87.9420644
OS 86.04134938 87.93227524
OS 86.03401386 87.9221762
OS 86.02392498 87.91064968
OE
SE
S P 0
OB 90.64843694 68.11449674 I
OS 90.86164708 68.0043344
OS 90.798904 67.88835038
OS 90.79829694 67.88710324
OS 90.79647322 67.88336436
OS 90.7946495 67.87962548
OS 90.79221872 67.87463946
OS 90.7879312 67.86901336
OS 90.78428376 67.8615356
OS 90.77941966 67.85156356
OS 90.77270136 67.84095398
OS 90.76662314 67.82848766
OS 90.75747152 67.81289206
OS 90.74771538 67.79604932
OS 90.73674004 67.7767123
OS 90.72455058 67.75488354
OS 90.7105374 67.7293159
OS 90.70993034 67.72806876
OS 90.70749702 67.72308274
OS 90.70199538 67.71496744
OS 90.69713128 67.7049954
OS 90.68919886 67.69189154
OS 90.68004978 67.67629594
OS 90.66968404 67.65820606
OS 90.6587087 67.63886904
OS 90.64651924 67.61704028
OS 90.63311312 67.59271978
OS 90.61785534 67.5677592
OS 90.60198542 67.54155148
OS 90.58675812 67.5134921
OS 90.56967408 67.48479264
OS 90.53368228 67.4236523
OS 90.53246562 67.42116056
OS 90.53003484 67.41617454
OS 90.5245332 67.4080567
OS 90.5178149 67.39744712
OS 90.510487 67.38558786
OS 90.50133792 67.36999226
OS 90.49218884 67.35439666
OS 90.48179262 67.33940812
OS 90.46103066 67.3063297
OS 90.45002484 67.29009656
OS 90.4451963 67.2819838
OS 90.45382722 67.28207016
OS 90.46440632 67.2784532
OS 90.46939234 67.27601988
OS 90.4731617 67.27109736
OS 90.4781782 67.2655627
OS 90.48197804 67.25753884
OS 90.48517082 67.2482653
OS 90.48529528 67.23586248
OS 90.4829534 67.22157244
OS 90.48234634 67.22032784
OS 90.48116016 67.21473222
OS 90.47875986 67.20664486
OS 90.47389576 67.19667536
OS 90.46967174 67.18484658
OS 90.46359098 67.1723828
OS 90.45626562 67.16052608
OS 90.44833066 67.14742222
OS 90.4477236 67.14617508
OS 90.44404568 67.14179866
OS 90.43975816 67.13617256
OS 90.43425652 67.12805726
OS 90.4201519 67.1117911
OS 90.40294594 67.09549446
OS 90.40109174 67.09485692
OS 90.39677374 67.09233216
OS 90.39309582 67.08795574
OS 90.3912721 67.08421432
OS 90.39251924 67.08360726
OS 90.3944344 67.07804466
OS 90.39571202 67.07433626
OS 90.39948138 67.0694112
OS 90.40328122 67.0613848
OS 90.40663148 67.05646482
OS 90.41507698 67.06025958
OS 90.4262352 67.0609911
OS 90.44116278 67.05679756
OS 90.44365452 67.0555809
OS 90.44678634 67.05251004
OS 90.45365704 67.04761546
OS 90.45870402 67.038982
OS 90.46253688 67.0278568
OS 90.4639034 67.01484438
OS 90.4603474 66.9980626
OS 90.45548584 66.98809056
OS 90.45062174 66.97811852
OS 90.44815794 66.97623384
OS 90.44448002 66.97185488
OS 90.4370937 66.96620084
OS 90.42970738 66.9605468
OS 90.42785318 66.95990672
OS 90.42353518 66.9573845
OS 90.41736298 66.9542222
OS 90.4080615 66.95413076
OS 90.4062073 66.95349068
OS 90.40061168 66.95467686
OS 90.39252686 66.95707716
OS 90.3844395 66.95948
OS 90.37072858 66.96616528
OS 90.3613636 66.97227652
OS 90.35887186 66.97349318
OS 90.35324576 66.97777816
OS 90.34452086 66.9820352
OS 90.33391128 66.9887535
OS 90.331417 66.98996762
OS 90.3245463 66.9948622
OS 90.2148564 67.04836222
OS 90.20178302 67.05319584
OS 90.1880721 67.05988366
OS 90.17250698 67.0659314
OS 90.16502668 67.06957884
OS 90.15693932 67.07198168
OS 90.14572268 67.07745284
OS 90.13140216 67.08289352
OS 90.11583704 67.08894126
OS 90.09717058 67.09496106
OS 90.07911118 67.10222546
OS 90.0753723 67.10404918
OS 90.06977922 67.10523536
OS 90.0560683 67.11192064
OS 90.0467338 67.11493054
OS 90.0274298 67.12280454
OS 90.00563152 67.13189266
OS 89.95203244 67.15803434
OS 89.94890062 67.1611052
OS 89.94452166 67.16478312
OS 89.93886762 67.17216944
OS 89.93321104 67.1795583
OS 89.92938072 67.1906835
OS 89.9255504 67.20181124
OS 89.92354126 67.21667532
OS 89.92475792 67.2191696
OS 89.92655116 67.22600982
OS 89.9308082 67.23473472
OS 89.93752396 67.2453443
OS 89.9479532 67.25723404
OS 89.96087164 67.26790458
OS 89.96889804 67.27170442
OS 89.97877864 67.27614434
OS 89.98990384 67.27997466
OS 90.00166912 67.28195332
OS 90.00291626 67.28134372
OS 90.00537752 67.2832284
OS 90.00908846 67.28450602
OS 90.01525812 67.28766832
OS 90.02264698 67.29332236
OS 90.02939322 67.30083314
OS 90.03735866 67.31083566
OS 90.04714782 67.32457706
OS 90.04775488 67.3258242
OS 90.04836194 67.32707134
OS 90.05079526 67.33205736
OS 90.05508024 67.33768092
OS 90.05933728 67.34640582
OS 90.06480844 67.357625
OS 90.0727434 67.37072886
OS 90.0812524 67.38817866
OS 90.09158766 67.40936988
OS 90.10438672 67.43244324
OS 90.11836942 67.46111222
OS 90.13417584 67.49352262
OS 90.15366018 67.53030944
OS 90.16338838 67.55025098
OS 90.1743307 67.57268934
OS 90.18527556 67.59512516
OS 90.19682494 67.61880812
OS 90.20959352 67.64498536
OS 90.22235956 67.67116006
OS 90.22296662 67.6724072
OS 90.22418328 67.67490148
OS 90.226007 67.67864036
OS 90.22843778 67.68362638
OS 90.23147816 67.689857
OS 90.2351256 67.6973373
OS 90.24424674 67.71603424
OS 90.254582 67.73722546
OS 90.26674098 67.76215302
OS 90.28011408 67.7895774
OS 90.29409678 67.81824638
OS 90.32081758 67.8761914
OS 90.33480028 67.90486038
OS 90.34631918 67.93164468
OS 90.35847816 67.95657478
OS 90.36756882 67.97837306
OS 90.37608036 67.99582286
OS 90.37848066 68.00391022
OS 90.38152104 68.01014338
OS 90.3821281 68.01139052
OS 90.38273516 68.01263512
OS 90.385138 68.02072248
OS 90.38875496 68.03130412
OS 90.3929485 68.04622916
OS 90.3946503 68.0623734
OS 90.39756876 68.08100938
OS 90.39863048 68.09900782
OS 90.3965934 68.11697324
OS 90.39595332 68.11882744
OS 90.39464776 68.12563718
OS 90.39330918 68.13554826
OS 90.39194012 68.14856068
OS 90.3936724 68.16160358
OS 90.39601174 68.17589108
OS 90.4033371 68.1877478
OS 90.40762462 68.1933739
OS 90.41315674 68.1983904
OS 90.41501094 68.19902794
OS 90.41686514 68.19966548
OS 90.42182068 68.20033604
OS 90.42677622 68.20100406
OS 90.4342235 68.20045796
OS 90.44416506 68.1986952
OS 90.45596082 68.19756998
OS 90.46964126 68.1939835
OS 90.48581598 68.1891829
OS 90.50387538 68.18191596
OS 90.52628072 68.17407498
OS 90.55181788 68.16316314
OS 90.61289726 68.13337148
OS 90.64843694 68.11449674
OE
OB 91.05728296 67.91508896 I
OS 91.0579205 67.91323222
OS 91.0616924 67.9083097
OS 91.06859358 67.90031378
OS 91.07677238 67.88860946
OS 91.08683586 67.87444388
OS 91.10063822 67.85845204
OS 91.1157182 67.83875434
OS 91.13329246 67.81783998
OS 91.13453706 67.81723038
OS 91.13517714 67.81537618
OS 91.14207832 67.80738026
OS 91.15086418 67.79692308
OS 91.16092766 67.7827575
OS 91.17348542 67.76737526
OS 91.18418644 67.75135548
OS 91.19552754 67.73347896
OS 91.20312976 67.7174287
OS 91.2037673 67.7155745
OS 91.20568246 67.71000936
OS 91.20887524 67.70073836
OS 91.2120985 67.68836602
OS 91.21596184 67.67413694
OS 91.21924606 67.65556192
OS 91.22006648 67.63510222
OS 91.22152698 67.61278832
OS 91.22091992 67.61154118
OS 91.22034334 67.60719524
OS 91.2204043 67.60099256
OS 91.2192486 67.59229814
OS 91.21687878 67.58110944
OS 91.21389936 67.56867614
OS 91.21091994 67.5562403
OS 91.20547926 67.54192232
OS 91.19277418 67.50954494
OS 91.17696776 67.47713454
OS 91.16596194 67.4609014
OS 91.15310446 67.44402818
OS 91.1396069 67.42900916
OS 91.1236176 67.41520426
OS 91.123008 67.41395966
OS 91.1192996 67.41268204
OS 91.11437454 67.40891268
OS 91.10884242 67.40389618
OS 91.0897213 67.39316214
OS 91.0779865 67.38808468
OS 91.06564464 67.38176008
OS 91.0508085 67.37665214
OS 91.03472776 67.37215126
OS 91.01739734 67.36825998
OS 90.99882232 67.36497576
OS 90.97960976 67.36354574
OS 90.95915006 67.36272278
OS 90.93865988 67.36500116
OS 90.91567542 67.3684962
OS 90.91442828 67.3691058
OS 90.90758806 67.37089904
OS 90.90014078 67.37144514
OS 90.89019922 67.3732079
OS 90.87840346 67.37433058
OS 90.86970904 67.37548628
OS 90.86040502 67.37539484
OS 90.85420488 67.37533388
OS 90.85235068 67.3746938
OS 90.84742562 67.37092444
OS 90.84310762 67.36840222
OS 90.83882264 67.36277612
OS 90.83453512 67.35715256
OS 90.82903348 67.34903472
OS 90.82781682 67.34654298
OS 90.8247485 67.34341116
OS 90.82167764 67.34027934
OS 90.82046098 67.33778506
OS 90.82170812 67.337178
OS 90.82480946 67.33720848
OS 90.8291554 67.3366319
OS 90.83721228 67.3373304
OS 90.84900804 67.33620772
OS 90.86575934 67.33575306
OS 90.87630796 67.3352349
OS 90.88810372 67.33411222
OS 90.88935086 67.33350262
OS 90.89619108 67.33170938
OS 90.90366884 67.32806194
OS 90.91552556 67.32073658
OS 90.92741276 67.31030988
OS 90.94182472 67.29556518
OS 90.95629764 67.27462034
OS 90.96447644 67.26291602
OS 90.97143858 67.24871996
OS 90.97268572 67.24811036
OS 90.9727162 67.24501156
OS 90.97590898 67.23573802
OS 90.98101692 67.22090188
OS 90.98615534 67.20296694
OS 90.99010758 67.17943638
OS 90.9916011 67.15402114
OS 90.99187542 67.12611162
OS 90.98844134 67.09692702
OS 90.98783428 67.09567988
OS 90.98847182 67.09382568
OS 90.9866481 67.0900868
OS 90.98546192 67.08449372
OS 90.98002124 67.0701732
OS 90.9733639 67.05336094
OS 90.96363824 67.03341686
OS 90.9495641 67.0140519
OS 90.93299568 66.99590106
OS 90.91208132 66.9783268
OS 90.90961752 66.97644212
OS 90.90344786 66.97327982
OS 90.90162414 66.96954094
OS 90.89980042 66.96580206
OS 90.8992213 66.96145358
OS 90.9005294 66.95464384
OS 90.90177654 66.95403678
OS 90.90241408 66.95218258
OS 90.9055459 66.94911172
OS 90.90867772 66.94604086
OS 90.91430128 66.94175588
OS 90.92302872 66.93749884
OS 90.93360782 66.93388188
OS 90.94604112 66.930905
OS 90.94978 66.92908128
OS 90.95412848 66.92850216
OS 90.9591145 66.92607138
OS 90.97097122 66.91874602
OS 90.98471262 66.90895686
OS 90.9947761 66.89479128
OS 90.99982308 66.88615782
OS 91.00177126 66.87749134
OS 91.0031073 66.8675828
OS 91.00198462 66.85578704
OS 90.9990052 66.8433512
OS 90.99231738 66.82964028
OS 90.99171032 66.82839314
OS 90.99110326 66.82714854
OS 90.9880324 66.82401672
OS 90.98435448 66.81963776
OS 90.97392778 66.80775056
OS 90.95979014 66.79458574
OS 90.93945236 66.78135996
OS 90.9271105 66.77503536
OS 90.91416158 66.76746616
OS 90.89932544 66.76235822
OS 90.88324216 66.75785734
OS 90.86530722 66.75271892
OS 90.8467322 66.7494347
OS 90.84548506 66.75004176
OS 90.84363086 66.74940422
OS 90.83742818 66.74934326
OS 90.83122804 66.74927976
OS 90.82377822 66.7498284
OS 90.8132296 66.75034402
OS 90.80143384 66.75146924
OS 90.7871438 66.75380858
OS 90.7852896 66.7531685
OS 90.77969652 66.75435468
OS 90.76975496 66.75611744
OS 90.75671206 66.75784972
OS 90.73929274 66.76325992
OS 90.71937914 66.76988678
OS 90.69508912 66.78019156
OS 90.65893984 66.7978217
OS 90.65331628 66.80210668
OS 90.64021242 66.81004164
OS 90.62336968 66.81980032
OS 90.60524932 66.8332674
OS 90.5871315 66.84673194
OS 90.57022526 66.8626933
OS 90.55767004 66.87807554
OS 90.5564229 66.8786826
OS 90.55453822 66.88114386
OS 90.55201346 66.88546186
OS 90.5488537 66.89163406
OS 90.54064442 66.90643718
OS 90.53237418 66.92744552
OS 90.52531806 66.9509456
OS 90.52069526 66.97942916
OS 90.52099752 67.01168462
OS 90.52455352 67.0284664
OS 90.52810952 67.04524818
OS 90.52871912 67.04649532
OS 90.52993324 67.0489896
OS 90.53111942 67.05458268
OS 90.53291266 67.0614229
OS 90.5365601 67.06890066
OS 90.54017706 67.0794823
OS 90.54379402 67.0900614
OS 90.54862764 67.10313478
OS 90.559509 67.13177328
OS 90.57160702 67.16290352
OS 90.5861663 67.19592098
OS 90.60194478 67.23143018
OS 90.60255184 67.23267732
OS 90.6037685 67.23516906
OS 90.60619928 67.24015508
OS 90.60984672 67.24763538
OS 90.61224702 67.2557202
OS 90.61711112 67.26569224
OS 90.6255617 67.28934472
OS 90.63458886 67.31734568
OS 90.64422562 67.34659124
OS 90.6513681 67.37705346
OS 90.6560163 67.40873234
OS 90.6547717 67.40934194
OS 90.65288448 67.4118032
OS 90.6484471 67.4216838
OS 90.64522384 67.43405614
OS 90.64516288 67.44025882
OS 90.64756318 67.44834618
OS 90.64817024 67.44959078
OS 90.6493869 67.45208506
OS 90.65306482 67.45646148
OS 90.65674274 67.46084044
OS 90.66163732 67.46771114
OS 90.66963324 67.47461232
OS 90.67887376 67.48090644
OS 90.68997102 67.4878381
OS 90.69243228 67.48972278
OS 90.69985162 67.49227802
OS 90.71219348 67.49860262
OS 90.7251424 67.50617182
OS 90.74055766 67.51562824
OS 90.75657744 67.52632926
OS 90.77195968 67.53888702
OS 90.78484764 67.5526589
OS 90.7860643 67.55515318
OS 90.78974222 67.5595296
OS 90.79588394 67.56579324
OS 90.80199264 67.57515822
OS 90.8141821 67.59698698
OS 90.81840866 67.60881322
OS 90.82077848 67.61999938
OS 90.82138808 67.62124652
OS 90.8213576 67.62434786
OS 90.82378838 67.62933388
OS 90.82558162 67.6361741
OS 90.82983612 67.644899
OS 90.8365849 67.65240978
OS 90.84394328 67.66116516
OS 90.85379086 67.66870388
OS 90.85564506 67.66934396
OS 90.85871592 67.67247578
OS 90.86364098 67.67624514
OS 90.8710273 67.68189918
OS 90.87963282 67.6900475
OS 90.89009 67.69883336
OS 90.89926956 67.71133016
OS 90.91030332 67.7244645
OS 90.91151998 67.72695624
OS 90.9151979 67.7313352
OS 90.91948542 67.73695876
OS 90.92498706 67.7450766
OS 90.9270343 67.74716448
OS 90.91872342 67.75121832
OS 90.9068667 67.75854368
OS 90.89434196 67.77082458
OS 90.88114666 67.78806102
OS 90.874215 67.79915828
OS 90.8678904 67.81150014
OS 90.86661278 67.81520854
OS 90.86281294 67.82323494
OS 90.85834254 67.83621434
OS 90.8532346 67.85105048
OS 90.84748658 67.86774082
OS 90.84484244 67.88446164
OS 90.8446875 67.8999658
OS 90.84648074 67.90680602
OS 90.84766692 67.9123991
OS 90.84827398 67.91364624
OS 90.85195444 67.9180252
OS 90.85623942 67.92364876
OS 90.86362574 67.92930534
OS 90.87289928 67.93249812
OS 90.88466456 67.93447424
OS 90.89956166 67.9333795
OS 90.91637392 67.92672216
OS 90.91761852 67.9261151
OS 90.92199748 67.92243718
OS 90.92762104 67.91814966
OS 90.93391516 67.90890914
OS 90.94209396 67.89720482
OS 90.94784198 67.88051448
OS 90.954225 67.86196994
OS 90.9590891 67.87194198
OS 90.96824072 67.88754012
OS 90.96884778 67.88878472
OS 90.96945484 67.89003186
OS 90.97559656 67.8962955
OS 90.9829524 67.90505088
OS 90.99340958 67.91383674
OS 91.00760818 67.92080142
OS 91.02183472 67.92466222
OS 91.03983316 67.92359796
OS 91.04791798 67.92119766
OS 91.05789002 67.91633356
OS 91.05728296 67.91508896
OE
OB 90.954225 67.86196994 H
OS 90.95240128 67.85823106
OS 90.945716 67.84452014
OS 90.94148944 67.8326939
OS 90.93787248 67.8221148
OS 90.93610972 67.81217324
OS 90.93380086 67.7947844
OS 90.93456032 67.78052484
OS 90.9365085 67.7718609
OS 90.93842366 67.7662983
OS 90.9390612 67.7644441
OS 90.93845414 67.76319696
OS 90.93602082 67.75821094
OS 90.93112878 67.75134024
OS 90.9270343 67.74716448
OS 90.92744832 67.74696128
OS 90.93553568 67.74456098
OS 90.93988416 67.7439844
OS 90.94173836 67.74462194
OS 90.94666342 67.7483913
OS 90.95034134 67.75277026
OS 90.9558125 67.7639869
OS 90.95939898 67.77766988
OS 90.96110078 67.79381158
OS 90.96094838 67.80931574
OS 90.96082646 67.8217211
OS 90.95887828 67.83038504
OS 90.9588478 67.83348638
OS 90.95623414 67.84710586
OS 90.95486508 67.86011574
OS 90.954225 67.86196994
OE
SE
S P 0
OB 97.8060528 90.18288288 I
OS 97.80723136 90.18170432
OS 97.8119456 90.1793472
OS 97.82019552 90.17581152
OS 97.83080256 90.16991872
OS 97.84376672 90.16284736
OS 97.86026656 90.155776
OS 97.87912352 90.14634752
OS 97.9003376 90.13691904
OS 97.90151616 90.13691904
OS 97.90269472 90.13574048
OS 97.91094464 90.1322048
OS 97.92155168 90.12749056
OS 97.93451584 90.1204192
OS 97.94983712 90.11334784
OS 97.96397984 90.10509792
OS 97.97930112 90.09566944
OS 97.99108672 90.08624096
OS 97.99226528 90.0850624
OS 97.99580096 90.08152672
OS 98.00169376 90.07563392
OS 98.00876512 90.067384
OS 98.01701504 90.05795552
OS 98.02644352 90.04499136
OS 98.03469344 90.02967008
OS 98.04412192 90.01317024
OS 98.04412192 90.01199168
OS 98.04530048 90.008456
OS 98.0476576 90.00374176
OS 98.05001472 89.9966704
OS 98.05237184 89.98724192
OS 98.05472896 89.97663488
OS 98.05708608 89.96602784
OS 98.05826464 89.95306368
OS 98.06062176 89.92359968
OS 98.06062176 89.89295712
OS 98.05826464 89.87645728
OS 98.05472896 89.85877888
OS 98.05001472 89.84227904
OS 98.04294336 89.8257792
OS 98.04294336 89.82460064
OS 98.04058624 89.82224352
OS 98.03822912 89.81752928
OS 98.035872 89.81163648
OS 98.02526496 89.7963152
OS 98.0181936 89.78806528
OS 98.01112224 89.7786368
OS 98.00169376 89.76920832
OS 97.99108672 89.75977984
OS 97.97930112 89.75035136
OS 97.96633696 89.74092288
OS 97.95219424 89.73267296
OS 97.93687296 89.72442304
OS 97.92037312 89.71853024
OS 97.90151616 89.71263744
OS 97.9003376 89.71263744
OS 97.8944448 89.71145888
OS 97.888552 89.70910176
OS 97.88030208 89.70674464
OS 97.8708736 89.70320896
OS 97.86380224 89.70085184
OS 97.85673088 89.69731616
OS 97.85201664 89.69495904
OS 97.85083808 89.69378048
OS 97.84848096 89.68906624
OS 97.84612384 89.68553056
OS 97.84494528 89.67963776
OS 97.84376672 89.67374496
OS 97.84258816 89.66549504
OS 97.84258816 89.66313792
OS 97.8414096 89.65960224
OS 97.84023104 89.65606656
OS 97.84023104 89.65370944
OS 97.8414096 89.65370944
OS 97.84376672 89.654888
OS 97.8473024 89.65606656
OS 97.8531952 89.65960224
OS 97.86262368 89.66313792
OS 97.87558784 89.66903072
OS 97.88383776 89.6725664
OS 97.89326624 89.67610208
OS 97.8944448 89.67610208
OS 97.9003376 89.67728064
OS 97.90740896 89.67728064
OS 97.91919456 89.67610208
OS 97.93215872 89.6725664
OS 97.94865856 89.6666736
OS 97.96751552 89.65606656
OS 97.97812256 89.65017376
OS 97.9887296 89.64192384
OS 97.98990816 89.64192384
OS 97.99108672 89.63956672
OS 97.99697952 89.63367392
OS 98.006408 89.62424544
OS 98.01701504 89.61245984
OS 98.02880064 89.59596
OS 98.03940768 89.57710304
OS 98.05001472 89.55588896
OS 98.05826464 89.53231776
OS 98.05826464 89.5311392
OS 98.0594432 89.52996064
OS 98.0594432 89.52642496
OS 98.06062176 89.52171072
OS 98.06180032 89.50874656
OS 98.06297888 89.49342528
OS 98.06297888 89.47456832
OS 98.0594432 89.4545328
OS 98.0535504 89.43449728
OS 98.04412192 89.4132832
OS 98.04294336 89.41092608
OS 98.03940768 89.40621184
OS 98.03940768 89.40267616
OS 98.03940768 89.39914048
OS 98.04058624 89.3956048
OS 98.04412192 89.39089056
OS 98.04530048 89.39089056
OS 98.04647904 89.389712
OS 98.05001472 89.38853344
OS 98.0535504 89.38735488
OS 98.0594432 89.38617632
OS 98.06769312 89.38617632
OS 98.0771216 89.38735488
OS 98.08772864 89.389712
OS 98.09126432 89.389712
OS 98.0948 89.39089056
OS 98.09951424 89.39089056
OS 98.11129984 89.389712
OS 98.12544256 89.38735488
OS 98.13840672 89.38028352
OS 98.14547808 89.37556928
OS 98.15019232 89.36967648
OS 98.15490656 89.36260512
OS 98.15844224 89.35317664
OS 98.16079936 89.3425696
OS 98.16079936 89.32960544
OS 98.16079936 89.32842688
OS 98.16079936 89.32724832
OS 98.1596208 89.32371264
OS 98.15844224 89.3189984
OS 98.15490656 89.30603424
OS 98.14901376 89.29071296
OS 98.13840672 89.27303456
OS 98.13133536 89.26360608
OS 98.124264 89.25299904
OS 98.11483552 89.24357056
OS 98.10422848 89.23414208
OS 98.09244288 89.22353504
OS 98.07947872 89.21410656
OS 98.07830016 89.21410656
OS 98.0771216 89.212928
OS 98.07240736 89.21057088
OS 98.06769312 89.20821376
OS 98.06180032 89.20585664
OS 98.0535504 89.20232096
OS 98.04412192 89.19878528
OS 98.03233632 89.1952496
OS 98.03115776 89.19407104
OS 98.02644352 89.19289248
OS 98.0181936 89.19053536
OS 98.00758656 89.18699968
OS 97.99226528 89.18464256
OS 97.97458688 89.18228544
OS 97.95219424 89.18110688
OS 97.918016 89.18110688
OS 97.9121232 89.18228544
OS 97.89915904 89.183464
OS 97.8826592 89.18464256
OS 97.86380224 89.18817824
OS 97.84494528 89.19171392
OS 97.82608832 89.19760672
OS 97.81076704 89.20467808
OS 97.80958848 89.20467808
OS 97.80723136 89.20585664
OS 97.80369568 89.20821376
OS 97.79898144 89.21174944
OS 97.78719584 89.21999936
OS 97.77305312 89.23296352
OS 97.7589104 89.2482848
OS 97.74476768 89.26832032
OS 97.73298208 89.29307008
OS 97.7294464 89.3072128
OS 97.72591072 89.32135552
OS 97.72591072 89.32253408
OS 97.72591072 89.3248912
OS 97.72473216 89.32960544
OS 97.7235536 89.33549824
OS 97.7235536 89.3425696
OS 97.72237504 89.35199808
OS 97.72119648 89.36142656
OS 97.72001792 89.37321216
OS 97.7176608 89.39914048
OS 97.71530368 89.42742592
OS 97.71412512 89.45806848
OS 97.71294656 89.49106816
OS 97.71294656 89.49224672
OS 97.71294656 89.49460384
OS 97.71294656 89.49931808
OS 97.71294656 89.50638944
OS 97.711768 89.5134608
OS 97.711768 89.52288928
OS 97.70941088 89.54410336
OS 97.7058752 89.56885312
OS 97.70233952 89.59478144
OS 97.69644672 89.62070976
OS 97.6881968 89.64663808
OS 97.68701824 89.64663808
OS 97.68466112 89.64781664
OS 97.67758976 89.65370944
OS 97.6705184 89.66195936
OS 97.66816128 89.6666736
OS 97.66698272 89.67374496
OS 97.66698272 89.67492352
OS 97.66698272 89.67728064
OS 97.66816128 89.68199488
OS 97.66933984 89.68670912
OS 97.6705184 89.69378048
OS 97.67405408 89.7020304
OS 97.67876832 89.71028032
OS 97.68466112 89.7197088
OS 97.68583968 89.72206592
OS 97.69055392 89.72678016
OS 97.69762528 89.73620864
OS 97.70469664 89.74681568
OS 97.71294656 89.75977984
OS 97.72119648 89.77392256
OS 97.72826784 89.78924384
OS 97.73298208 89.80456512
OS 97.73298208 89.80692224
OS 97.73416064 89.81163648
OS 97.73651776 89.81870784
OS 97.73769632 89.82813632
OS 97.73887488 89.8493504
OS 97.73769632 89.85995744
OS 97.7353392 89.86938592
OS 97.7353392 89.87056448
OS 97.73416064 89.8729216
OS 97.73416064 89.87763584
OS 97.73298208 89.88352864
OS 97.73298208 89.89177856
OS 97.7353392 89.90002848
OS 97.73769632 89.90945696
OS 97.74241056 89.91888544
OS 97.74358912 89.920064
OS 97.74476768 89.92359968
OS 97.7471248 89.92831392
OS 97.75066048 89.93538528
OS 97.75419616 89.94481376
OS 97.7589104 89.9554208
OS 97.76126752 89.96838496
OS 97.7648032 89.98252768
OS 97.7648032 89.9848848
OS 97.76598176 89.98959904
OS 97.76716032 89.99549184
OS 97.76833888 90.00374176
OS 97.76912374 90.00609888
OS 97.76126752 90.00609888
OS 97.74948192 90.00727744
OS 97.7353392 90.01199168
OS 97.71883936 90.0202416
OS 97.70941088 90.0261344
OS 97.6999824 90.03320576
OS 97.69762528 90.03556288
OS 97.69173248 90.04027712
OS 97.68348256 90.04852704
OS 97.67405408 90.05795552
OS 97.66344704 90.06856256
OS 97.65519712 90.08034816
OS 97.64930432 90.09213376
OS 97.64812576 90.09802656
OS 97.6469472 90.1027408
OS 97.6469472 90.10391936
OS 97.64812576 90.1086336
OS 97.64930432 90.1145264
OS 97.65284 90.12159776
OS 97.6587328 90.12749056
OS 97.66698272 90.13338336
OS 97.67876832 90.1380976
OS 97.6940896 90.13927616
OS 97.69526816 90.13927616
OS 97.6999824 90.1380976
OS 97.7058752 90.13691904
OS 97.71412512 90.1322048
OS 97.72473216 90.126312
OS 97.7353392 90.11570496
OS 97.7471248 90.10391936
OS 97.7471248 90.11334784
OS 97.74830336 90.12866912
OS 97.74830336 90.12984768
OS 97.74830336 90.13102624
OS 97.75066048 90.1380976
OS 97.7530176 90.14752608
OS 97.75773184 90.15813312
OS 97.76598176 90.16874016
OS 97.77541024 90.17699008
OS 97.78955296 90.18288288
OS 97.79662432 90.18406144
OS 97.8060528 90.18406144
OS 97.8060528 90.18288288
OE
OB 97.41948512 90.18288288 I
OS 97.623376 90.17816864
OS 97.61866176 90.06620544
OS 97.61866176 90.06502688
OS 97.61866176 90.0614912
OS 97.61866176 90.05795552
OS 97.61866176 90.05324128
OS 97.6174832 90.04734848
OS 97.6174832 90.04027712
OS 97.6174832 90.03084864
OS 97.61630464 90.0202416
OS 97.61630464 90.008456
OS 97.61512608 89.99313472
OS 97.61394752 89.97663488
OS 97.61276896 89.95777792
OS 97.6115904 89.93656384
OS 97.61041184 89.91181408
OS 97.61041184 89.91063552
OS 97.61041184 89.90592128
OS 97.60923328 89.89767136
OS 97.60923328 89.88824288
OS 97.60805472 89.87527872
OS 97.60687616 89.85995744
OS 97.6056976 89.84227904
OS 97.60451904 89.82342208
OS 97.60334048 89.802208
OS 97.60216192 89.7786368
OS 97.5998048 89.75388704
OS 97.59744768 89.72795872
OS 97.59626912 89.70085184
OS 97.593912 89.6725664
OS 97.58919776 89.61245984
OS 97.58919776 89.61010272
OS 97.58919776 89.60538848
OS 97.5880192 89.59713856
OS 97.58684064 89.58653152
OS 97.58566208 89.57474592
OS 97.58448352 89.55942464
OS 97.58330496 89.54410336
OS 97.58094784 89.52878208
OS 97.57741216 89.4957824
OS 97.57505504 89.47928256
OS 97.57438956 89.47128918
OS 97.58094784 89.47456832
OS 97.59037632 89.47574688
OS 97.59509056 89.47574688
OS 97.5998048 89.47338976
OS 97.6056976 89.47103264
OS 97.6115904 89.4663184
OS 97.6174832 89.4604256
OS 97.62219744 89.45099712
OS 97.62573312 89.43921152
OS 97.62573312 89.43803296
OS 97.62691168 89.43331872
OS 97.62809024 89.42624736
OS 97.62809024 89.41681888
OS 97.6292688 89.40621184
OS 97.6292688 89.39442624
OS 97.62809024 89.38264064
OS 97.62691168 89.36967648
OS 97.62691168 89.36849792
OS 97.62573312 89.36378368
OS 97.62455456 89.35789088
OS 97.623376 89.34964096
OS 97.61866176 89.33196256
OS 97.6115904 89.3131056
OS 97.61041184 89.31192704
OS 97.60805472 89.30839136
OS 97.60687616 89.30367712
OS 97.60687616 89.30014144
OS 97.60805472 89.30014144
OS 97.6115904 89.29660576
OS 97.61394752 89.29424864
OS 97.61866176 89.29189152
OS 97.62455456 89.28717728
OS 97.62894622 89.28466776
OS 97.63398304 89.29071296
OS 97.64223296 89.2954272
OS 97.65519712 89.29778432
OS 97.65755424 89.29778432
OS 97.66108992 89.29660576
OS 97.66816128 89.2954272
OS 97.67523264 89.29071296
OS 97.682304 89.2836416
OS 97.6881968 89.27421312
OS 97.69173248 89.2600704
OS 97.69173248 89.25064192
OS 97.69173248 89.24121344
OS 97.69055392 89.23885632
OS 97.68937536 89.23414208
OS 97.68583968 89.22707072
OS 97.682304 89.21999936
OS 97.68112544 89.2188208
OS 97.67876832 89.21528512
OS 97.67523264 89.21057088
OS 97.66816128 89.2070352
OS 97.66698272 89.20585664
OS 97.66226848 89.20467808
OS 97.65519712 89.20349952
OS 97.64812576 89.20232096
OS 97.6351616 89.20232096
OS 97.62573312 89.20349952
OS 97.623376 89.20349952
OS 97.6174832 89.20467808
OS 97.60923328 89.20467808
OS 97.59862624 89.20585664
OS 97.59626912 89.20585664
OS 97.58919776 89.2070352
OS 97.48548448 89.2070352
OS 97.47369888 89.20585664
OS 97.46073472 89.20585664
OS 97.446592 89.20467808
OS 97.43952064 89.20467808
OS 97.43244928 89.20349952
OS 97.42184224 89.20349952
OS 97.40887808 89.20232096
OS 97.39473536 89.2011424
OS 97.37823552 89.19878528
OS 97.36173568 89.19760672
OS 97.3582 89.19760672
OS 97.35348576 89.19642816
OS 97.3405216 89.19642816
OS 97.33227168 89.1952496
OS 97.31459328 89.19407104
OS 97.29455776 89.19289248
OS 97.24387968 89.19289248
OS 97.240344 89.19407104
OS 97.23562976 89.1952496
OS 97.2285584 89.19878528
OS 97.22148704 89.20232096
OS 97.21441568 89.20939232
OS 97.20734432 89.21646368
OS 97.20027296 89.22707072
OS 97.20027296 89.22942784
OS 97.1990944 89.23532064
OS 97.1990944 89.24357056
OS 97.20027296 89.2541776
OS 97.20380864 89.26714176
OS 97.20970144 89.28010592
OS 97.21441568 89.28599872
OS 97.22030848 89.29307008
OS 97.22737984 89.30014144
OS 97.23562976 89.30603424
OS 97.23680832 89.30603424
OS 97.23798688 89.30839136
OS 97.240344 89.31074848
OS 97.24387968 89.31546272
OS 97.24741536 89.32253408
OS 97.24977248 89.330784
OS 97.2521296 89.34139104
OS 97.25448672 89.35553376
OS 97.25448672 89.35671232
OS 97.25448672 89.35789088
OS 97.25448672 89.36260512
OS 97.25566528 89.36849792
OS 97.25566528 89.37674784
OS 97.25566528 89.38735488
OS 97.25684384 89.40031904
OS 97.25684384 89.41681888
OS 97.25684384 89.4368544
OS 97.2580224 89.45924704
OS 97.2580224 89.48635392
OS 97.2580224 89.51699648
OS 97.25920096 89.55235328
OS 97.25920096 89.57121024
OS 97.25920096 89.59242432
OS 97.25920096 89.6136384
OS 97.25920096 89.63603104
OS 97.25920096 89.6607808
OS 97.25920096 89.68553056
OS 97.25920096 89.68670912
OS 97.25920096 89.68906624
OS 97.25920096 89.69260192
OS 97.25920096 89.69731616
OS 97.25920096 89.70320896
OS 97.25920096 89.71028032
OS 97.25920096 89.72795872
OS 97.25920096 89.74799424
OS 97.25920096 89.77156544
OS 97.25920096 89.79749376
OS 97.25920096 89.82460064
OS 97.2580224 89.8788144
OS 97.2580224 89.90592128
OS 97.25684384 89.93067104
OS 97.25684384 89.95424224
OS 97.25566528 89.97427776
OS 97.25566528 89.9907776
OS 97.25448672 89.99784896
OS 97.25448672 90.00374176
OS 97.25448672 90.00492032
OS 97.25448672 90.00609888
OS 97.25330816 90.01317024
OS 97.2521296 90.02259872
OS 97.24977248 90.03556288
OS 97.24505824 90.04852704
OS 97.240344 90.06384832
OS 97.2344512 90.07799104
OS 97.22620128 90.0909552
OS 97.22502272 90.09213376
OS 97.22148704 90.096848
OS 97.2167728 90.10391936
OS 97.21088 90.11334784
OS 97.20734432 90.12395488
OS 97.20380864 90.13574048
OS 97.2049872 90.14752608
OS 97.20616576 90.15341888
OS 97.20852288 90.15931168
OS 97.20970144 90.16049024
OS 97.21088 90.1616688
OS 97.21441568 90.16402592
OS 97.21795136 90.16638304
OS 97.22384416 90.16874016
OS 97.23209408 90.17109728
OS 97.24152256 90.17463296
OS 97.25330816 90.17699008
OS 97.26745088 90.1793472
OS 97.28395072 90.18052576
OS 97.30398624 90.18288288
OS 97.32755744 90.18406144
OS 97.38530688 90.18406144
OS 97.41948512 90.18288288
OE
OB 98.49197472 90.20173984 I
OS 98.50611744 90.19938272
OS 98.5190816 90.19466848
OS 98.5308672 90.18877568
OS 98.53440288 90.18406144
OS 98.53793856 90.1793472
OS 98.54029568 90.1734544
OS 98.54147424 90.1675616
OS 98.54147424 90.16638304
OS 98.54147424 90.16402592
OS 98.53911712 90.15931168
OS 98.53676 90.15341888
OS 98.53322432 90.14870464
OS 98.52615296 90.14281184
OS 98.51790304 90.1380976
OS 98.50611744 90.13456192
OS 98.50493888 90.13456192
OS 98.50022464 90.13338336
OS 98.49315328 90.1322048
OS 98.4837248 90.13102624
OS 98.47311776 90.13102624
OS 98.46133216 90.12984768
OS 98.43422528 90.13102624
OS 98.43304672 90.13102624
OS 98.42833248 90.1322048
OS 98.42351156 90.13317
OS 98.42833248 90.13102624
OS 98.43304672 90.12749056
OS 98.4365824 90.12277632
OS 98.4365824 90.12159776
OS 98.43776096 90.1204192
OS 98.44129664 90.1145264
OS 98.44365376 90.10509792
OS 98.44483232 90.09449088
OS 98.44483232 90.09331232
OS 98.44601088 90.0909552
OS 98.448368 90.08624096
OS 98.45190368 90.08270528
OS 98.45308224 90.08152672
OS 98.45779648 90.0791696
OS 98.46251072 90.07563392
OS 98.46958208 90.06974112
OS 98.47076064 90.06856256
OS 98.4719392 90.06502688
OS 98.4719392 90.06031264
OS 98.4719392 90.05441984
OS 98.46958208 90.04499136
OS 98.4660464 90.03438432
OS 98.4601536 90.01906304
OS 98.45897504 90.01788448
OS 98.45779648 90.01670592
OS 98.45543936 90.01317024
OS 98.45308224 90.008456
OS 98.44718944 89.99784896
OS 98.44601088 89.9907776
OS 98.44483232 89.98370624
OS 98.44483232 89.98252768
OS 98.44601088 89.98017056
OS 98.44718944 89.97545632
OS 98.44954656 89.96838496
OS 98.4542608 89.96013504
OS 98.46133216 89.95070656
OS 98.46958208 89.94009952
OS 98.48254624 89.92831392
OS 98.48490336 89.92713536
OS 98.4896176 89.92359968
OS 98.49668896 89.91770688
OS 98.50611744 89.91181408
OS 98.51672448 89.90592128
OS 98.52851008 89.90002848
OS 98.54029568 89.8964928
OS 98.55208128 89.89531424
OS 98.55915264 89.89531424
OS 98.56740256 89.89413568
OS 98.5780096 89.89295712
OS 98.58861664 89.88942144
OS 98.60040224 89.88588576
OS 98.6133664 89.87999296
OS 98.62397344 89.87174304
OS 98.625152 89.87056448
OS 98.62868768 89.86820736
OS 98.63340192 89.86467168
OS 98.64047328 89.85995744
OS 98.65343744 89.85170752
OS 98.6605088 89.8493504
OS 98.66522304 89.84817184
OS 98.67111584 89.84817184
OS 98.67583008 89.84699328
OS 98.68879424 89.84581472
OS 98.70529408 89.84110048
OS 98.7253296 89.83402912
OS 98.74772224 89.82460064
OS 98.77129344 89.81045792
OS 98.78307904 89.80102944
OS 98.7960432 89.79160096
OS 98.79722176 89.7904224
OS 98.79957888 89.78924384
OS 98.80311456 89.78570816
OS 98.80665024 89.78217248
OS 98.8196144 89.77038688
OS 98.83375712 89.75624416
OS 98.8490784 89.73856576
OS 98.86439968 89.71853024
OS 98.8785424 89.6961376
OS 98.890328 89.67374496
OS 98.890328 89.6725664
OS 98.89268512 89.66903072
OS 98.89504224 89.66431648
OS 98.89739936 89.65724512
OS 98.90093504 89.6489952
OS 98.90447072 89.63956672
OS 98.91154208 89.61599552
OS 98.919792 89.5900672
OS 98.9256848 89.56296032
OS 98.92922048 89.53467488
OS 98.92922048 89.52171072
OS 98.92922048 89.50874656
OS 98.92922048 89.507568
OS 98.92922048 89.50521088
OS 98.92804192 89.5016752
OS 98.92804192 89.49696096
OS 98.92686336 89.4898896
OS 98.9256848 89.48163968
OS 98.92332768 89.4722112
OS 98.92097056 89.46160416
OS 98.91743488 89.44981856
OS 98.9138992 89.4368544
OS 98.90447072 89.4073904
OS 98.89150656 89.37321216
OS 98.87500672 89.33549824
OS 98.87382816 89.33314112
OS 98.87029248 89.32842688
OS 98.86322112 89.3189984
OS 98.85732832 89.3131056
OS 98.85143552 89.3072128
OS 98.8431856 89.30014144
OS 98.83375712 89.29189152
OS 98.82197152 89.2836416
OS 98.80900736 89.27539168
OS 98.79486464 89.2659632
OS 98.7783648 89.25653472
OS 98.75950784 89.24710624
OS 98.73829376 89.2364992
OS 98.7371152 89.23532064
OS 98.73475808 89.23296352
OS 98.73004384 89.22942784
OS 98.72297248 89.2247136
OS 98.71590112 89.21999936
OS 98.70647264 89.21410656
OS 98.68408 89.2011424
OS 98.65933024 89.1893568
OS 98.63222336 89.18110688
OS 98.61808064 89.1775712
OS 98.60393792 89.17639264
OS 98.59097376 89.17639264
OS 98.57683104 89.17874976
OS 98.57565248 89.17874976
OS 98.57329536 89.17992832
OS 98.56975968 89.18110688
OS 98.566224 89.183464
OS 98.55561696 89.19171392
OS 98.54618848 89.20232096
OS 98.54147424 89.20821376
OS 98.53911712 89.21646368
OS 98.53793856 89.22589216
OS 98.53793856 89.2364992
OS 98.54029568 89.24710624
OS 98.54500992 89.2600704
OS 98.55208128 89.27421312
OS 98.56268832 89.2895344
OS 98.56386688 89.29071296
OS 98.56858112 89.29424864
OS 98.57329536 89.29896288
OS 98.57918816 89.30367712
OS 98.58036672 89.30485568
OS 98.58272384 89.30603424
OS 98.58508096 89.30956992
OS 98.5897952 89.3131056
OS 98.60040224 89.32371264
OS 98.61218784 89.3366768
OS 98.62397344 89.35199808
OS 98.63222336 89.36967648
OS 98.63575904 89.37910496
OS 98.6369376 89.38853344
OS 98.6369376 89.39678336
OS 98.63575904 89.40621184
OS 98.63458048 89.40856896
OS 98.63222336 89.41446176
OS 98.62750912 89.42389024
OS 98.6192592 89.43449728
OS 98.6074736 89.44746144
OS 98.60040224 89.4545328
OS 98.59097376 89.46160416
OS 98.58154528 89.46867552
OS 98.56975968 89.47574688
OS 98.55679552 89.48163968
OS 98.5426528 89.48871104
OS 98.54147424 89.48871104
OS 98.53911712 89.4898896
OS 98.53558144 89.49224672
OS 98.52968864 89.49460384
OS 98.52379584 89.49696096
OS 98.51554592 89.50049664
OS 98.49668896 89.50992512
OS 98.47547488 89.52053216
OS 98.44954656 89.53467488
OS 98.42243968 89.5488176
OS 98.39415424 89.56531744
OS 98.3658688 89.58299584
OS 98.33758336 89.60303136
OS 98.31047648 89.62306688
OS 98.28572672 89.64428096
OS 98.26333408 89.66549504
OS 98.24447712 89.68788768
OS 98.2362272 89.69849472
OS 98.2303344 89.71028032
OS 98.2244416 89.72088736
OS 98.22090592 89.73267296
OS 98.22090592 89.73385152
OS 98.21972736 89.73503008
OS 98.21972736 89.73856576
OS 98.2185488 89.74328
OS 98.21619168 89.75388704
OS 98.212656 89.76920832
OS 98.21029888 89.78570816
OS 98.2067632 89.80338656
OS 98.20440608 89.82106496
OS 98.20322752 89.83874336
OS 98.20322752 89.84110048
OS 98.20322752 89.84699328
OS 98.20322752 89.8552432
OS 98.20322752 89.86585024
OS 98.20440608 89.8788144
OS 98.20558464 89.89295712
OS 98.21029888 89.920064
OS 98.21029888 89.92124256
OS 98.21147744 89.9259568
OS 98.21383456 89.9318496
OS 98.21619168 89.94009952
OS 98.22326304 89.95777792
OS 98.22679872 89.96602784
OS 98.2303344 89.97427776
OS 98.2303344 89.97545632
OS 98.23269152 89.97781344
OS 98.23504864 89.98252768
OS 98.23858432 89.98842048
OS 98.24212 89.99549184
OS 98.24683424 90.00492032
OS 98.25154848 90.0143488
OS 98.25744128 90.0261344
OS 98.25861984 90.02731296
OS 98.2597984 90.03084864
OS 98.26215552 90.03674144
OS 98.2656912 90.0438128
OS 98.27276256 90.06031264
OS 98.27629824 90.067384
OS 98.27865536 90.07445536
OS 98.27865536 90.07563392
OS 98.27983392 90.07799104
OS 98.28219104 90.0850624
OS 98.28690528 90.09331232
OS 98.2951552 90.1027408
OS 98.29633376 90.1027408
OS 98.29751232 90.10509792
OS 98.30340512 90.1086336
OS 98.31165504 90.11334784
OS 98.32226208 90.11806208
OS 98.32344064 90.11806208
OS 98.3246192 90.11924064
OS 98.330512 90.12159776
OS 98.33876192 90.12395488
OS 98.3481904 90.126312
OS 98.35054752 90.12749056
OS 98.35644032 90.12866912
OS 98.3658688 90.12984768
OS 98.3776544 90.1322048
OS 98.38119008 90.1322048
OS 98.38826144 90.13338336
OS 98.39651136 90.13574048
OS 98.40476128 90.13691904
OS 98.40829696 90.13691904
OS 98.4130112 90.13574048
OS 98.41772544 90.13574048
OS 98.42075566 90.13439428
OS 98.41654688 90.13691904
OS 98.40947552 90.14045472
OS 98.40358272 90.14752608
OS 98.39886848 90.15459744
OS 98.39768992 90.16520448
OS 98.39768992 90.16638304
OS 98.39886848 90.17109728
OS 98.4012256 90.17699008
OS 98.4071184 90.18524
OS 98.41536832 90.19231136
OS 98.42126112 90.19466848
OS 98.42833248 90.19820416
OS 98.4365824 90.20056128
OS 98.44601088 90.2029184
OS 98.45661792 90.20409696
OS 98.48136768 90.20409696
OS 98.49197472 90.20173984
OE
OB 97.151952 89.47103264 I
OS 97.16020192 89.4663184
OS 97.16845184 89.45806848
OS 97.17434464 89.44628288
OS 97.17434464 89.44510432
OS 97.1755232 89.43921152
OS 97.17670176 89.4309616
OS 97.17788032 89.41799744
OS 97.17905888 89.40031904
OS 97.18023744 89.37910496
OS 97.18023744 89.3661408
OS 97.181416 89.35199808
OS 97.181416 89.33785536
OS 97.181416 89.32135552
OS 97.181416 89.16460704
OS 97.08595264 89.15871424
OS 97.04470304 89.15871424
OS 97.0282032 89.16107136
OS 97.01406048 89.16460704
OS 97.00698912 89.16696416
OS 97.00227488 89.16932128
OS 96.99756064 89.17285696
OS 96.99520352 89.17639264
OS 96.99402496 89.17639264
OS 96.9928464 89.1775712
OS 96.98577504 89.18228544
OS 96.975168 89.18699968
OS 96.96456096 89.1952496
OS 96.95277536 89.20232096
OS 96.94334688 89.21174944
OS 96.93745408 89.21999936
OS 96.93509696 89.22353504
OS 96.93509696 89.22707072
OS 96.93509696 89.22824928
OS 96.93627552 89.2306064
OS 96.93863264 89.2364992
OS 96.94334688 89.24357056
OS 96.9515968 89.25299904
OS 96.96102528 89.26478464
OS 96.975168 89.27892736
OS 96.98459648 89.28717728
OS 96.99402496 89.2954272
OS 96.99520352 89.29660576
OS 96.99756064 89.30014144
OS 96.99991776 89.30603424
OS 97.00345344 89.31192704
OS 97.0105248 89.32606976
OS 97.01170336 89.33196256
OS 97.01288192 89.3366768
OS 97.01288192 89.33785536
OS 97.01406048 89.33903392
OS 97.01523904 89.34374816
OS 97.01877472 89.35081952
OS 97.02466752 89.36142656
OS 97.03291744 89.37674784
OS 97.03881024 89.38499776
OS 97.04470304 89.3956048
OS 97.05295296 89.4073904
OS 97.06120288 89.42035456
OS 97.06238144 89.42153312
OS 97.06473856 89.4250688
OS 97.0694528 89.42860448
OS 97.07416704 89.43449728
OS 97.08830976 89.44864
OS 97.10598816 89.46160416
OS 97.11541664 89.4663184
OS 97.12484512 89.47103264
OS 97.1342736 89.47338976
OS 97.14370208 89.47338976
OS 97.151952 89.47103264
OE
OB 96.91506144 90.15106176 I
OS 96.92448992 90.1498832
OS 96.93627552 90.14752608
OS 96.95277536 90.1439904
OS 96.97398944 90.1380976
OS 96.9987392 90.13102624
OS 97.02702464 90.12159776
OS 97.0282032 90.12159776
OS 97.03173888 90.1204192
OS 97.03645312 90.11806208
OS 97.04234592 90.11570496
OS 97.05059584 90.11216928
OS 97.06002432 90.1086336
OS 97.08005984 90.09920512
OS 97.10009536 90.08859808
OS 97.12013088 90.07445536
OS 97.12955936 90.067384
OS 97.13780928 90.06031264
OS 97.14488064 90.05206272
OS 97.14959488 90.0438128
OS 97.15077344 90.04145568
OS 97.15313056 90.03556288
OS 97.15666624 90.02495584
OS 97.16138048 90.01081312
OS 97.16491616 89.99313472
OS 97.16845184 89.97074208
OS 97.1696304 89.9436352
OS 97.16845184 89.91299264
OS 97.16845184 89.91181408
OS 97.16845184 89.90945696
OS 97.16727328 89.90474272
OS 97.16727328 89.90002848
OS 97.16491616 89.88588576
OS 97.16020192 89.87056448
OS 97.15430912 89.85406464
OS 97.1460592 89.83992192
OS 97.1401664 89.83520768
OS 97.1342736 89.83049344
OS 97.12720224 89.82813632
OS 97.11895232 89.82695776
OS 97.11423808 89.82695776
OS 97.10834528 89.82813632
OS 97.10127392 89.83049344
OS 97.09420256 89.83285056
OS 97.08595264 89.8375648
OS 97.07770272 89.8434576
OS 97.07063136 89.85170752
OS 97.0694528 89.85288608
OS 97.06827424 89.85642176
OS 97.06473856 89.861136
OS 97.06120288 89.8670288
OS 97.05648864 89.87527872
OS 97.0517744 89.88352864
OS 97.04470304 89.9023856
OS 97.04470304 89.90356416
OS 97.04352448 89.90709984
OS 97.04116736 89.91181408
OS 97.03763168 89.91888544
OS 97.034096 89.92713536
OS 97.0282032 89.93538528
OS 97.02113184 89.94481376
OS 97.01288192 89.9554208
OS 97.01170336 89.95659936
OS 97.00816768 89.96013504
OS 97.00345344 89.96484928
OS 96.99638208 89.97192064
OS 96.98813216 89.978992
OS 96.97752512 89.98606336
OS 96.96456096 89.99431328
OS 96.9515968 90.00138464
OS 96.95041824 90.00138464
OS 96.94923968 90.0025632
OS 96.94098976 90.00609888
OS 96.93038272 90.01081312
OS 96.91741856 90.01788448
OS 96.90327584 90.0261344
OS 96.89031168 90.03438432
OS 96.87734752 90.04263424
OS 96.86791904 90.05206272
OS 96.86674048 90.05324128
OS 96.86438336 90.05677696
OS 96.86202624 90.0614912
OS 96.85849056 90.06856256
OS 96.85613344 90.07799104
OS 96.85377632 90.08859808
OS 96.85377632 90.10038368
OS 96.85613344 90.11334784
OS 96.857312 90.11570496
OS 96.85966912 90.11924064
OS 96.8632048 90.126312
OS 96.8690976 90.13338336
OS 96.87616896 90.14045472
OS 96.88559744 90.14752608
OS 96.89620448 90.15106176
OS 96.90799008 90.15224032
OS 96.9103472 90.15224032
OS 96.91506144 90.15106176
OE
OB 97.02584608 89.8434576 I
OS 97.02938176 89.83874336
OS 97.03291744 89.83402912
OS 97.03645312 89.82813632
OS 97.0399888 89.8198864
OS 97.04352448 89.81163648
OS 97.0458816 89.80102944
OS 97.0458816 89.79867232
OS 97.04706016 89.79160096
OS 97.04823872 89.77981536
OS 97.04941728 89.76331552
OS 97.05059584 89.74210144
OS 97.0517744 89.71735168
OS 97.05295296 89.68670912
OS 97.05295296 89.65253088
OS 97.05295296 89.65135232
OS 97.05295296 89.64781664
OS 97.05295296 89.64192384
OS 97.05295296 89.63485248
OS 97.05295296 89.62660256
OS 97.05295296 89.61599552
OS 97.0517744 89.59242432
OS 97.0517744 89.56767456
OS 97.05059584 89.54174624
OS 97.04823872 89.5193536
OS 97.04706016 89.50874656
OS 97.0458816 89.49931808
OS 97.0458816 89.49696096
OS 97.04470304 89.49224672
OS 97.04234592 89.48517536
OS 97.03881024 89.47692544
OS 97.03291744 89.46867552
OS 97.02584608 89.46160416
OS 97.01523904 89.45688992
OS 97.00345344 89.4545328
OS 97.00227488 89.4545328
OS 96.99756064 89.45571136
OS 96.99048928 89.45806848
OS 96.9810608 89.46160416
OS 96.97163232 89.46867552
OS 96.96220384 89.478104
OS 96.95395392 89.49224672
OS 96.95041824 89.5016752
OS 96.94688256 89.51110368
OS 96.91624 89.6136384
OS 96.91624 89.61481696
OS 96.91506144 89.61717408
OS 96.91388288 89.62070976
OS 96.91270432 89.625424
OS 96.9103472 89.6372096
OS 96.9103472 89.65017376
OS 96.9103472 89.65135232
OS 96.9103472 89.65253088
OS 96.91152576 89.65960224
OS 96.91270432 89.66785216
OS 96.91506144 89.67492352
OS 96.91624 89.67728064
OS 96.91624 89.67963776
OS 96.91859712 89.68317344
OS 96.91977568 89.68788768
OS 96.9221328 89.69378048
OS 96.92566848 89.7020304
OS 96.92920416 89.71145888
OS 96.92920416 89.71263744
OS 96.93156128 89.71617312
OS 96.93273984 89.72206592
OS 96.93627552 89.73031584
OS 96.93863264 89.73974432
OS 96.94216832 89.75152992
OS 96.94688256 89.76449408
OS 96.95041824 89.7786368
OS 96.9515968 89.77981536
OS 96.95277536 89.7845296
OS 96.95631104 89.7904224
OS 96.96102528 89.79867232
OS 96.97281088 89.81752928
OS 96.97988224 89.8257792
OS 96.9869536 89.83402912
OS 96.99520352 89.84110048
OS 97.00227488 89.84581472
OS 97.0105248 89.84817184
OS 97.01877472 89.84817184
OS 97.02584608 89.8434576
OE
OB 96.62395712 90.15106176 I
OS 96.82549088 90.14516896
OS 96.82549088 89.91534976
OS 96.82549088 89.9141712
OS 96.82549088 89.90945696
OS 96.82549088 89.90120704
OS 96.82549088 89.8906
OS 96.82549088 89.87763584
OS 96.82549088 89.861136
OS 96.82431232 89.84227904
OS 96.82431232 89.82106496
OS 96.82313376 89.7963152
OS 96.82313376 89.77038688
OS 96.8219552 89.74092288
OS 96.82077664 89.71028032
OS 96.81959808 89.67728064
OS 96.81841952 89.64192384
OS 96.81724096 89.60538848
OS 96.81488384 89.566496
OS 96.81488384 89.56413888
OS 96.81488384 89.55706752
OS 96.81370528 89.54763904
OS 96.81252672 89.53349632
OS 96.81134816 89.51817504
OS 96.8101696 89.49931808
OS 96.80899104 89.48046112
OS 96.80663392 89.46160416
OS 96.8042768 89.44156864
OS 96.80191968 89.42271168
OS 96.798384 89.40503328
OS 96.79602688 89.38853344
OS 96.79131264 89.37556928
OS 96.78777696 89.36496224
OS 96.78306272 89.35789088
OS 96.7807056 89.35671232
OS 96.77834848 89.35553376
OS 96.77952704 89.35553376
OS 96.7807056 89.3543552
OS 96.78188416 89.35317664
OS 96.78424128 89.3484624
OS 96.78424128 89.3425696
OS 96.78424128 89.33314112
OS 96.78188416 89.32017696
OS 96.7807056 89.31192704
OS 96.77834848 89.30249856
OS 96.77834848 89.30132
OS 96.77716992 89.30014144
OS 96.77599136 89.29307008
OS 96.77245568 89.28246304
OS 96.7693137 89.27460682
OS 96.77127712 89.27657024
OS 96.78188416 89.28128448
OS 96.79484832 89.28246304
OS 96.80074112 89.28246304
OS 96.80781248 89.28010592
OS 96.81488384 89.2777488
OS 96.8219552 89.27303456
OS 96.82902656 89.2659632
OS 96.8337408 89.25535616
OS 96.83491936 89.242392
OS 96.83491936 89.24121344
OS 96.83491936 89.2364992
OS 96.83256224 89.22942784
OS 96.83020512 89.22235648
OS 96.82549088 89.21528512
OS 96.81841952 89.20821376
OS 96.80781248 89.20349952
OS 96.79484832 89.20232096
OS 96.79366976 89.20232096
OS 96.78895552 89.20349952
OS 96.78188416 89.20467808
OS 96.7748128 89.2070352
OS 96.76774144 89.21174944
OS 96.76067008 89.2188208
OS 96.75595584 89.22942784
OS 96.75480522 89.24208974
OS 96.74770592 89.23296352
OS 96.739456 89.22353504
OS 96.73827744 89.22235648
OS 96.73592032 89.22117792
OS 96.73120608 89.21764224
OS 96.72413472 89.21410656
OS 96.70881344 89.2070352
OS 96.70056352 89.20349952
OS 96.69113504 89.20232096
OS 96.68759936 89.20232096
OS 96.68288512 89.2011424
OS 96.67699232 89.19996384
OS 96.66520672 89.19642816
OS 96.65931392 89.19407104
OS 96.65459968 89.19171392
OS 96.65342112 89.19053536
OS 96.64988544 89.18817824
OS 96.64399264 89.18582112
OS 96.6333856 89.18228544
OS 96.61924288 89.17874976
OS 96.61099296 89.1775712
OS 96.60038592 89.17639264
OS 96.58977888 89.17521408
OS 96.5391008 89.17521408
OS 96.533208 89.17639264
OS 96.51906528 89.1775712
OS 96.50256544 89.17992832
OS 96.48370848 89.18228544
OS 96.46720864 89.18699968
OS 96.45306592 89.19289248
OS 96.44717312 89.19642816
OS 96.44363744 89.19996384
OS 96.44245888 89.2011424
OS 96.44128032 89.20467808
OS 96.44010176 89.20939232
OS 96.44010176 89.21764224
OS 96.44128032 89.22707072
OS 96.44363744 89.23885632
OS 96.4507088 89.25182048
OS 96.45542304 89.25889184
OS 96.46131584 89.26714176
OS 96.4624944 89.26949888
OS 96.46485152 89.27421312
OS 96.46603008 89.28010592
OS 96.4683872 89.2895344
OS 96.47074432 89.30367712
OS 96.47192288 89.31192704
OS 96.47310144 89.32135552
OS 96.47310144 89.33196256
OS 96.47428 89.34374816
OS 96.47428 89.34492672
OS 96.47428 89.34728384
OS 96.47428 89.35199808
OS 96.47545856 89.35789088
OS 96.47545856 89.3661408
OS 96.47545856 89.3779264
OS 96.47663712 89.39089056
OS 96.47663712 89.4073904
OS 96.47663712 89.42624736
OS 96.47781568 89.44864
OS 96.47781568 89.47338976
OS 96.47781568 89.5016752
OS 96.47899424 89.53349632
OS 96.47899424 89.56885312
OS 96.47899424 89.6077456
OS 96.47899424 89.65017376
OS 96.47899424 90.01317024
OS 96.44599456 90.04027712
OS 96.44599456 90.04145568
OS 96.44363744 90.04263424
OS 96.43774464 90.04852704
OS 96.43067328 90.05795552
OS 96.42242336 90.06974112
OS 96.41417344 90.08388384
OS 96.4094592 90.09802656
OS 96.40828064 90.10509792
OS 96.40710208 90.11216928
OS 96.40828064 90.11806208
OS 96.41063776 90.12513344
OS 96.41181632 90.126312
OS 96.41299488 90.12866912
OS 96.41653056 90.12984768
OS 96.42006624 90.13338336
OS 96.42595904 90.13574048
OS 96.43420896 90.1380976
OS 96.44363744 90.14163328
OS 96.45542304 90.1439904
OS 96.46956576 90.14634752
OS 96.48724416 90.14870464
OS 96.50727968 90.15106176
OS 96.53085088 90.15224032
OS 96.58860032 90.15224032
OS 96.62395712 90.15106176
OE
OB 98.84436416 90.19820416 I
OS 98.84672128 90.19820416
OS 98.85143552 90.19466848
OS 98.8549712 90.19231136
OS 98.85968544 90.18759712
OS 98.86322112 90.18288288
OS 98.86793536 90.17581152
OS 98.8726496 90.1675616
OS 98.87736384 90.155776
OS 98.88207808 90.1439904
OS 98.88561376 90.12866912
OS 98.88914944 90.10981216
OS 98.89268512 90.08977664
OS 98.89504224 90.06620544
OS 98.8962208 90.03909856
OS 98.8962208 90.03792
OS 98.8962208 90.0320272
OS 98.8962208 90.02495584
OS 98.8962208 90.01552736
OS 98.8962208 90.0025632
OS 98.8962208 89.98959904
OS 98.89386368 89.96013504
OS 98.890328 89.92831392
OS 98.88797088 89.91299264
OS 98.8844352 89.89767136
OS 98.88089952 89.8847072
OS 98.87618528 89.8729216
OS 98.87029248 89.86231456
OS 98.86322112 89.8552432
OS 98.86204256 89.8552432
OS 98.85968544 89.85406464
OS 98.85614976 89.85170752
OS 98.85143552 89.85052896
OS 98.83847136 89.84699328
OS 98.82432864 89.84581472
OS 98.81607872 89.84699328
OS 98.80665024 89.85052896
OS 98.79840032 89.85406464
OS 98.7901504 89.861136
OS 98.78307904 89.86938592
OS 98.77600768 89.87999296
OS 98.76893632 89.89413568
OS 98.76304352 89.91063552
OS 98.76304352 89.91299264
OS 98.7606864 89.91888544
OS 98.75832928 89.92949248
OS 98.7547936 89.94245664
OS 98.7489008 89.95895648
OS 98.74182944 89.97781344
OS 98.73357952 89.99784896
OS 98.72415104 90.0202416
OS 98.72415104 90.02142016
OS 98.72297248 90.02259872
OS 98.7194368 90.02967008
OS 98.71472256 90.03909856
OS 98.70882976 90.05088416
OS 98.7017584 90.06266976
OS 98.69468704 90.07445536
OS 98.68879424 90.08270528
OS 98.68525856 90.0850624
OS 98.68290144 90.08741952
OS 98.68290144 90.08859808
OS 98.68054432 90.08977664
OS 98.67583008 90.096848
OS 98.67111584 90.10627648
OS 98.6664016 90.11806208
OS 98.66404448 90.13102624
OS 98.66404448 90.13691904
OS 98.6664016 90.1439904
OS 98.66993728 90.1498832
OS 98.67583008 90.155776
OS 98.68290144 90.1616688
OS 98.69232992 90.16638304
OS 98.69350848 90.16638304
OS 98.6958656 90.1675616
OS 98.69940128 90.1675616
OS 98.70411552 90.16874016
OS 98.71118688 90.16991872
OS 98.71825824 90.16991872
OS 98.73593664 90.17109728
OS 98.74182944 90.17109728
OS 98.7489008 90.17227584
OS 98.75715072 90.1734544
OS 98.77600768 90.17816864
OS 98.78543616 90.18170432
OS 98.79368608 90.18759712
OS 98.79486464 90.18877568
OS 98.79722176 90.18995424
OS 98.801936 90.19231136
OS 98.8078288 90.19584704
OS 98.81490016 90.19820416
OS 98.82432864 90.19938272
OS 98.83375712 90.19938272
OS 98.84436416 90.19820416
OE
OB 100.10895904 90.18288288 I
OS 100.31284992 90.17816864
OS 100.30813568 90.06620544
OS 100.30813568 90.06502688
OS 100.30813568 90.0614912
OS 100.30813568 90.05795552
OS 100.30813568 90.05324128
OS 100.30695712 90.04734848
OS 100.30695712 90.04027712
OS 100.30695712 90.03084864
OS 100.30577856 90.0202416
OS 100.30577856 90.008456
OS 100.3046 89.99313472
OS 100.30342144 89.97663488
OS 100.30224288 89.95777792
OS 100.30106432 89.93656384
OS 100.29988576 89.91181408
OS 100.29988576 89.91063552
OS 100.29988576 89.90592128
OS 100.2987072 89.89767136
OS 100.2987072 89.88824288
OS 100.29752864 89.87527872
OS 100.29635008 89.85995744
OS 100.29517152 89.84227904
OS 100.29399296 89.82342208
OS 100.2928144 89.802208
OS 100.29163584 89.7786368
OS 100.28927872 89.75388704
OS 100.2869216 89.72795872
OS 100.28574304 89.70085184
OS 100.28338592 89.6725664
OS 100.27867168 89.61245984
OS 100.27867168 89.61010272
OS 100.27867168 89.60538848
OS 100.27749312 89.59713856
OS 100.27631456 89.58653152
OS 100.275136 89.57474592
OS 100.27395744 89.55942464
OS 100.27277888 89.54410336
OS 100.27042176 89.52878208
OS 100.26688608 89.4957824
OS 100.26452896 89.47928256
OS 100.26386348 89.47128918
OS 100.27042176 89.47456832
OS 100.27985024 89.47574688
OS 100.28456448 89.47574688
OS 100.28927872 89.47338976
OS 100.29517152 89.47103264
OS 100.30106432 89.4663184
OS 100.30695712 89.4604256
OS 100.31167136 89.45099712
OS 100.31520704 89.43921152
OS 100.31520704 89.43803296
OS 100.3163856 89.43331872
OS 100.31756416 89.42624736
OS 100.31756416 89.41681888
OS 100.31874272 89.40621184
OS 100.31874272 89.39442624
OS 100.31756416 89.38264064
OS 100.3163856 89.36967648
OS 100.3163856 89.36849792
OS 100.31520704 89.36378368
OS 100.31402848 89.35789088
OS 100.31284992 89.34964096
OS 100.30813568 89.33196256
OS 100.30106432 89.3131056
OS 100.29988576 89.31192704
OS 100.29752864 89.30839136
OS 100.29635008 89.30367712
OS 100.29635008 89.30014144
OS 100.29752864 89.30014144
OS 100.30106432 89.29660576
OS 100.30342144 89.29424864
OS 100.30813568 89.29189152
OS 100.31402848 89.28717728
OS 100.31842014 89.28466776
OS 100.32345696 89.29071296
OS 100.33170688 89.2954272
OS 100.34467104 89.29778432
OS 100.34702816 89.29778432
OS 100.35056384 89.29660576
OS 100.3576352 89.2954272
OS 100.36470656 89.29071296
OS 100.37177792 89.2836416
OS 100.37767072 89.27421312
OS 100.3812064 89.2600704
OS 100.3812064 89.25064192
OS 100.3812064 89.24121344
OS 100.38002784 89.23885632
OS 100.37884928 89.23414208
OS 100.3753136 89.22707072
OS 100.37177792 89.21999936
OS 100.37059936 89.2188208
OS 100.36824224 89.21528512
OS 100.36470656 89.21057088
OS 100.3576352 89.2070352
OS 100.35645664 89.20585664
OS 100.3517424 89.20467808
OS 100.34467104 89.20349952
OS 100.33759968 89.20232096
OS 100.32463552 89.20232096
OS 100.31520704 89.20349952
OS 100.31284992 89.20349952
OS 100.30695712 89.20467808
OS 100.2987072 89.20467808
OS 100.28810016 89.20585664
OS 100.28574304 89.20585664
OS 100.27867168 89.2070352
OS 100.1749584 89.2070352
OS 100.1631728 89.20585664
OS 100.15020864 89.20585664
OS 100.13606592 89.20467808
OS 100.12899456 89.20467808
OS 100.1219232 89.20349952
OS 100.11131616 89.20349952
OS 100.098352 89.20232096
OS 100.08420928 89.2011424
OS 100.06770944 89.19878528
OS 100.0512096 89.19760672
OS 100.04767392 89.19760672
OS 100.04295968 89.19642816
OS 100.02999552 89.19642816
OS 100.0217456 89.1952496
OS 100.0040672 89.19407104
OS 99.98403168 89.19289248
OS 99.9333536 89.19289248
OS 99.92981792 89.19407104
OS 99.92510368 89.1952496
OS 99.91803232 89.19878528
OS 99.91096096 89.20232096
OS 99.9038896 89.20939232
OS 99.89681824 89.21646368
OS 99.88974688 89.22707072
OS 99.88974688 89.22942784
OS 99.88856832 89.23532064
OS 99.88856832 89.24357056
OS 99.88974688 89.2541776
OS 99.89328256 89.26714176
OS 99.89917536 89.28010592
OS 99.9038896 89.28599872
OS 99.9097824 89.29307008
OS 99.91685376 89.30014144
OS 99.92510368 89.30603424
OS 99.92628224 89.30603424
OS 99.9274608 89.30839136
OS 99.92981792 89.31074848
OS 99.9333536 89.31546272
OS 99.93688928 89.32253408
OS 99.9392464 89.330784
OS 99.94160352 89.34139104
OS 99.94396064 89.35553376
OS 99.94396064 89.35671232
OS 99.94396064 89.35789088
OS 99.94396064 89.36260512
OS 99.9451392 89.36849792
OS 99.9451392 89.37674784
OS 99.9451392 89.38735488
OS 99.94631776 89.40031904
OS 99.94631776 89.41681888
OS 99.94631776 89.4368544
OS 99.94749632 89.45924704
OS 99.94749632 89.48635392
OS 99.94749632 89.51699648
OS 99.94867488 89.55235328
OS 99.94867488 89.57121024
OS 99.94867488 89.59242432
OS 99.94867488 89.6136384
OS 99.94867488 89.63603104
OS 99.94867488 89.6607808
OS 99.94867488 89.68553056
OS 99.94867488 89.68670912
OS 99.94867488 89.68906624
OS 99.94867488 89.69260192
OS 99.94867488 89.69731616
OS 99.94867488 89.70320896
OS 99.94867488 89.71028032
OS 99.94867488 89.72795872
OS 99.94867488 89.74799424
OS 99.94867488 89.77156544
OS 99.94867488 89.79749376
OS 99.94867488 89.82460064
OS 99.94749632 89.8788144
OS 99.94749632 89.90592128
OS 99.94631776 89.93067104
OS 99.94631776 89.95424224
OS 99.9451392 89.97427776
OS 99.9451392 89.9907776
OS 99.94396064 89.99784896
OS 99.94396064 90.00374176
OS 99.94396064 90.00492032
OS 99.94396064 90.00609888
OS 99.94278208 90.01317024
OS 99.94160352 90.02259872
OS 99.9392464 90.03556288
OS 99.93453216 90.04852704
OS 99.92981792 90.06384832
OS 99.92392512 90.07799104
OS 99.9156752 90.0909552
OS 99.91449664 90.09213376
OS 99.91096096 90.096848
OS 99.90624672 90.10391936
OS 99.90035392 90.11334784
OS 99.89681824 90.12395488
OS 99.89328256 90.13574048
OS 99.89446112 90.14752608
OS 99.89563968 90.15341888
OS 99.8979968 90.15931168
OS 99.89917536 90.16049024
OS 99.90035392 90.1616688
OS 99.9038896 90.16402592
OS 99.90742528 90.16638304
OS 99.91331808 90.16874016
OS 99.921568 90.17109728
OS 99.93099648 90.17463296
OS 99.94278208 90.17699008
OS 99.9569248 90.1793472
OS 99.97342464 90.18052576
OS 99.99346016 90.18288288
OS 100.01703136 90.18406144
OS 100.0747808 90.18406144
OS 100.10895904 90.18288288
OE
OB 101.59158752 90.17227584 I
OS 101.60219456 90.17227584
OS 101.61398016 90.17109728
OS 101.64108704 90.1675616
OS 101.67055104 90.16284736
OS 101.69765792 90.15459744
OS 101.71062208 90.1498832
OS 101.72122912 90.1439904
OS 101.7306576 90.1380976
OS 101.73890752 90.12984768
OS 101.73890752 90.12866912
OS 101.74008608 90.12749056
OS 101.74126464 90.12395488
OS 101.74362176 90.1204192
OS 101.74480032 90.1086336
OS 101.74480032 90.10156224
OS 101.74480032 90.09449088
OS 101.7424432 90.08624096
OS 101.73890752 90.07799104
OS 101.73419328 90.06974112
OS 101.72594336 90.0614912
OS 101.71769344 90.05206272
OS 101.70472928 90.0438128
OS 101.69058656 90.03556288
OS 101.67290816 90.02731296
OS 101.6717296 90.02731296
OS 101.67055104 90.02495584
OS 101.66701536 90.02259872
OS 101.66347968 90.01788448
OS 101.65758688 90.01199168
OS 101.65169408 90.0025632
OS 101.64462272 89.99195616
OS 101.6363728 89.97781344
OS 101.63519424 89.97663488
OS 101.63283712 89.97192064
OS 101.62812288 89.96484928
OS 101.62340864 89.95659936
OS 101.61751584 89.94834944
OS 101.61162304 89.94009952
OS 101.60573024 89.93302816
OS 101.601016 89.92831392
OS 101.59983744 89.92713536
OS 101.59748032 89.92359968
OS 101.5951232 89.91770688
OS 101.59394464 89.9082784
OS 101.59394464 89.90709984
OS 101.59394464 89.90474272
OS 101.59276608 89.90002848
OS 101.59158752 89.89531424
OS 101.58805184 89.87999296
OS 101.5833376 89.87174304
OS 101.57862336 89.86349312
OS 101.5774448 89.86231456
OS 101.57626624 89.85995744
OS 101.57273056 89.8552432
OS 101.56801632 89.85052896
OS 101.56212352 89.84463616
OS 101.55623072 89.83874336
OS 101.53855232 89.82695776
OS 101.53737376 89.82695776
OS 101.53383808 89.82460064
OS 101.52912384 89.82342208
OS 101.52323104 89.82224352
OS 101.51615968 89.82106496
OS 101.50790976 89.82224352
OS 101.5008384 89.8257792
OS 101.49258848 89.83049344
OS 101.49258848 89.831672
OS 101.49140992 89.83402912
OS 101.49023136 89.83992192
OS 101.4890528 89.84817184
OS 101.4890528 89.861136
OS 101.4890528 89.86938592
OS 101.49023136 89.8788144
OS 101.49023136 89.88942144
OS 101.49258848 89.90120704
OS 101.4949456 89.9141712
OS 101.49730272 89.92949248
OS 101.49730272 89.9318496
OS 101.49848128 89.93656384
OS 101.5008384 89.94481376
OS 101.50201696 89.95306368
OS 101.50319552 89.96249216
OS 101.50437408 89.97192064
OS 101.50555264 89.978992
OS 101.50437408 89.9848848
OS 101.50437408 89.98606336
OS 101.50319552 89.98724192
OS 101.50201696 89.9907776
OS 101.49848128 89.99549184
OS 101.49376704 90.00138464
OS 101.48787424 90.008456
OS 101.47844576 90.01788448
OS 101.46783872 90.02967008
OS 101.46666016 90.03084864
OS 101.4654816 90.0320272
OS 101.46312448 90.03556288
OS 101.4595888 90.04027712
OS 101.45016032 90.05206272
OS 101.44073184 90.06620544
OS 101.43248192 90.08270528
OS 101.42541056 90.10038368
OS 101.42305344 90.1086336
OS 101.42187488 90.11688352
OS 101.42305344 90.12513344
OS 101.424232 90.1322048
OS 101.42541056 90.13456192
OS 101.42894624 90.13927616
OS 101.43130336 90.14163328
OS 101.4360176 90.14516896
OS 101.44073184 90.14870464
OS 101.4478032 90.15341888
OS 101.45605312 90.15695456
OS 101.46666016 90.16049024
OS 101.47844576 90.16402592
OS 101.49140992 90.1675616
OS 101.50790976 90.16991872
OS 101.52676672 90.17227584
OS 101.54680224 90.1734544
OS 101.5833376 90.1734544
OS 101.59158752 90.17227584
OE
OB 101.16377024 90.16991872 I
OS 101.1826272 90.16874016
OS 101.20266272 90.1675616
OS 101.24391232 90.16402592
OS 101.26394784 90.16049024
OS 101.28162624 90.15813312
OS 101.29812608 90.15341888
OS 101.3122688 90.14870464
OS 101.32287584 90.14281184
OS 101.3299472 90.13691904
OS 101.33112576 90.13574048
OS 101.33230432 90.1322048
OS 101.33584 90.126312
OS 101.33819712 90.1204192
OS 101.3417328 90.11334784
OS 101.34291136 90.10509792
OS 101.34291136 90.09802656
OS 101.3417328 90.09213376
OS 101.3417328 90.0909552
OS 101.34055424 90.08977664
OS 101.33819712 90.08270528
OS 101.33348288 90.07209824
OS 101.32759008 90.05913408
OS 101.32759008 90.05795552
OS 101.32641152 90.0555984
OS 101.32523296 90.05206272
OS 101.32287584 90.04852704
OS 101.3181616 90.03674144
OS 101.3122688 90.02377728
OS 101.3122688 90.02259872
OS 101.31109024 90.0202416
OS 101.31109024 90.01552736
OS 101.30991168 90.00963456
OS 101.30991168 90.00138464
OS 101.30991168 89.9907776
OS 101.31109024 89.978992
OS 101.31344736 89.96367072
OS 101.31344736 89.9613136
OS 101.31580448 89.95659936
OS 101.3181616 89.94717088
OS 101.32169728 89.93538528
OS 101.32641152 89.920064
OS 101.33230432 89.90356416
OS 101.34055424 89.88352864
OS 101.34998272 89.86231456
OS 101.35116128 89.85995744
OS 101.3535184 89.85406464
OS 101.35823264 89.8434576
OS 101.36412544 89.82813632
OS 101.37001824 89.81045792
OS 101.3770896 89.78806528
OS 101.38533952 89.76331552
OS 101.39241088 89.73385152
OS 101.39241088 89.73267296
OS 101.39358944 89.73031584
OS 101.394768 89.7256016
OS 101.39594656 89.7197088
OS 101.39830368 89.71263744
OS 101.4006608 89.70438752
OS 101.40773216 89.68553056
OS 101.41598208 89.66195936
OS 101.42541056 89.6372096
OS 101.43719616 89.61010272
OS 101.45016032 89.5841744
OS 101.45016032 89.58299584
OS 101.45133888 89.5782816
OS 101.45251744 89.5723888
OS 101.453696 89.56531744
OS 101.45605312 89.55117472
OS 101.45605312 89.54528192
OS 101.45605312 89.54174624
OS 101.45605312 89.54056768
OS 101.45487456 89.53821056
OS 101.453696 89.53467488
OS 101.45251744 89.52996064
OS 101.45016032 89.52406784
OS 101.44662464 89.51581792
OS 101.4419104 89.50638944
OS 101.4419104 89.50521088
OS 101.43955328 89.5016752
OS 101.43837472 89.4957824
OS 101.43483904 89.48871104
OS 101.43248192 89.47928256
OS 101.42894624 89.46985408
OS 101.42552232 89.45358538
OS 101.43130336 89.45688992
OS 101.4419104 89.45924704
OS 101.44662464 89.45924704
OS 101.45133888 89.45688992
OS 101.45841024 89.4545328
OS 101.46430304 89.44981856
OS 101.47019584 89.4427472
OS 101.47491008 89.43214016
OS 101.4772672 89.419176
OS 101.4772672 89.41799744
OS 101.47844576 89.41210464
OS 101.47844576 89.40385472
OS 101.47962432 89.39442624
OS 101.47962432 89.38146208
OS 101.47962432 89.36849792
OS 101.4772672 89.33903392
OS 101.4772672 89.33785536
OS 101.47608864 89.33196256
OS 101.47608864 89.3248912
OS 101.47373152 89.31664128
OS 101.46901728 89.29778432
OS 101.4654816 89.28835584
OS 101.46076736 89.28128448
OS 101.4595888 89.28010592
OS 101.45723168 89.2777488
OS 101.45605312 89.27539168
OS 101.45723168 89.27421312
OS 101.45841024 89.27421312
OS 101.46194592 89.27303456
OS 101.4654816 89.27067744
OS 101.47019584 89.26832032
OS 101.47608864 89.2659632
OS 101.48316 89.26124896
OS 101.48433856 89.26124896
OS 101.48669568 89.25889184
OS 101.49023136 89.25535616
OS 101.4949456 89.25064192
OS 101.49965984 89.24357056
OS 101.50319552 89.23532064
OS 101.50555264 89.2247136
OS 101.5067312 89.21174944
OS 101.5067312 89.21057088
OS 101.5067312 89.20585664
OS 101.50437408 89.19996384
OS 101.50201696 89.19289248
OS 101.49848128 89.18582112
OS 101.49140992 89.17992832
OS 101.48316 89.17521408
OS 101.4713744 89.17285696
OS 101.44662464 89.17285696
OS 101.43248192 89.17403552
OS 101.41598208 89.17403552
OS 101.39712512 89.17521408
OS 101.37591104 89.1775712
OS 101.37001824 89.1775712
OS 101.365304 89.17874976
OS 101.31109024 89.17874976
OS 101.28398336 89.17639264
OS 101.2533408 89.17403552
OS 101.217984 89.16932128
OS 101.2120912 89.16932128
OS 101.2061984 89.16814272
OS 101.19676992 89.16696416
OS 101.18616288 89.16696416
OS 101.17437728 89.1657856
OS 101.12016352 89.1657856
OS 101.0942352 89.16932128
OS 101.08127104 89.1716784
OS 101.070664 89.17403552
OS 101.06241408 89.17874976
OS 101.05534272 89.183464
OS 101.05416416 89.18464256
OS 101.05180704 89.18699968
OS 101.04944992 89.19171392
OS 101.04591424 89.19760672
OS 101.04237856 89.20467808
OS 101.04002144 89.21174944
OS 101.03766432 89.2188208
OS 101.03884288 89.22589216
OS 101.03884288 89.22707072
OS 101.04002144 89.22942784
OS 101.04237856 89.23414208
OS 101.04591424 89.23885632
OS 101.05180704 89.24592768
OS 101.05769984 89.25299904
OS 101.06712832 89.26124896
OS 101.07891392 89.27067744
OS 101.08009248 89.271856
OS 101.0824496 89.27303456
OS 101.08952096 89.28010592
OS 101.09777088 89.29071296
OS 101.10248512 89.29778432
OS 101.10484224 89.30485568
OS 101.10484224 89.30603424
OS 101.1060208 89.30956992
OS 101.10719936 89.31664128
OS 101.10719936 89.32253408
OS 101.10837792 89.32842688
OS 101.10837792 89.3366768
OS 101.10837792 89.34610528
OS 101.10955648 89.35671232
OS 101.10955648 89.36849792
OS 101.11073504 89.38264064
OS 101.11073504 89.39914048
OS 101.11073504 89.41681888
OS 101.11073504 89.4368544
OS 101.11073504 89.43803296
OS 101.11073504 89.44039008
OS 101.11073504 89.44392576
OS 101.11073504 89.44864
OS 101.11073504 89.46278272
OS 101.11073504 89.478104
OS 101.10955648 89.4957824
OS 101.10955648 89.5134608
OS 101.10837792 89.52996064
OS 101.10719936 89.54410336
OS 101.10719936 89.54528192
OS 101.10719936 89.54999616
OS 101.1060208 89.5547104
OS 101.10484224 89.56178176
OS 101.10248512 89.57592448
OS 101.10130656 89.58181728
OS 101.100128 89.58535296
OS 101.09894944 89.58653152
OS 101.09659232 89.59242432
OS 101.0942352 89.59713856
OS 101.09069952 89.60303136
OS 101.08716384 89.61010272
OS 101.0824496 89.61835264
OS 101.0824496 89.6195312
OS 101.08009248 89.62306688
OS 101.07773536 89.62895968
OS 101.07419968 89.63603104
OS 101.06948544 89.64545952
OS 101.0647712 89.65724512
OS 101.06005696 89.66903072
OS 101.05416416 89.68317344
OS 101.05416416 89.684352
OS 101.0529856 89.68670912
OS 101.05062848 89.69142336
OS 101.04827136 89.69849472
OS 101.04473568 89.70674464
OS 101.0412 89.71735168
OS 101.0353072 89.72913728
OS 101.03059296 89.74210144
OS 101.02470016 89.75624416
OS 101.0176288 89.772744
OS 101.00937888 89.7904224
OS 101.00112896 89.80927936
OS 100.99287904 89.82931488
OS 100.98345056 89.85170752
OS 100.96223648 89.89767136
OS 100.96105792 89.89884992
OS 100.95987936 89.90356416
OS 100.95634368 89.90945696
OS 100.952808 89.91888544
OS 100.94809376 89.92831392
OS 100.94337952 89.94009952
OS 100.93159392 89.96602784
OS 100.91862976 89.99313472
OS 100.9056656 90.01906304
OS 100.8997728 90.03084864
OS 100.89388 90.04027712
OS 100.88916576 90.04852704
OS 100.88563008 90.05441984
OS 100.88445152 90.05677696
OS 100.8820944 90.0614912
OS 100.87855872 90.06856256
OS 100.87502304 90.07799104
OS 100.87266592 90.08977664
OS 100.8703088 90.1027408
OS 100.8703088 90.11570496
OS 100.87266592 90.12984768
OS 100.87384448 90.13102624
OS 100.8762016 90.13338336
OS 100.87855872 90.13574048
OS 100.88327296 90.13927616
OS 100.88916576 90.14281184
OS 100.89741568 90.14634752
OS 100.90684416 90.1498832
OS 100.91980832 90.15341888
OS 100.9351296 90.15695456
OS 100.952808 90.16049024
OS 100.97520064 90.16402592
OS 100.9999504 90.16638304
OS 101.02823584 90.16874016
OS 101.06005696 90.16991872
OS 101.09659232 90.17109728
OS 101.14491328 90.17109728
OS 101.16377024 90.16991872
OE
OB 100.49552672 90.18288288 I
OS 100.49670528 90.18170432
OS 100.50141952 90.1793472
OS 100.50966944 90.17581152
OS 100.52027648 90.16991872
OS 100.53324064 90.16284736
OS 100.54974048 90.155776
OS 100.56859744 90.14634752
OS 100.58981152 90.13691904
OS 100.59099008 90.13691904
OS 100.59216864 90.13574048
OS 100.60041856 90.1322048
OS 100.6110256 90.12749056
OS 100.62398976 90.1204192
OS 100.63931104 90.11334784
OS 100.65345376 90.10509792
OS 100.66877504 90.09566944
OS 100.68056064 90.08624096
OS 100.6817392 90.0850624
OS 100.68527488 90.08152672
OS 100.69116768 90.07563392
OS 100.69823904 90.067384
OS 100.70648896 90.05795552
OS 100.71591744 90.04499136
OS 100.72416736 90.02967008
OS 100.73359584 90.01317024
OS 100.73359584 90.01199168
OS 100.7347744 90.008456
OS 100.73713152 90.00374176
OS 100.73948864 89.9966704
OS 100.74184576 89.98724192
OS 100.74420288 89.97663488
OS 100.74656 89.96602784
OS 100.74773856 89.95306368
OS 100.75009568 89.92359968
OS 100.75009568 89.89295712
OS 100.74773856 89.87645728
OS 100.74420288 89.85877888
OS 100.73948864 89.84227904
OS 100.73241728 89.8257792
OS 100.73241728 89.82460064
OS 100.73006016 89.82224352
OS 100.72770304 89.81752928
OS 100.72534592 89.81163648
OS 100.71473888 89.7963152
OS 100.70766752 89.78806528
OS 100.70059616 89.7786368
OS 100.69116768 89.76920832
OS 100.68056064 89.75977984
OS 100.66877504 89.75035136
OS 100.65581088 89.74092288
OS 100.64166816 89.73267296
OS 100.62634688 89.72442304
OS 100.60984704 89.71853024
OS 100.59099008 89.71263744
OS 100.58981152 89.71263744
OS 100.58391872 89.71145888
OS 100.57802592 89.70910176
OS 100.569776 89.70674464
OS 100.56034752 89.70320896
OS 100.55327616 89.70085184
OS 100.5462048 89.69731616
OS 100.54149056 89.69495904
OS 100.540312 89.69378048
OS 100.53795488 89.68906624
OS 100.53559776 89.68553056
OS 100.5344192 89.67963776
OS 100.53324064 89.67374496
OS 100.53206208 89.66549504
OS 100.53206208 89.66313792
OS 100.53088352 89.65960224
OS 100.52970496 89.65606656
OS 100.52970496 89.65370944
OS 100.53088352 89.65370944
OS 100.53324064 89.654888
OS 100.53677632 89.65606656
OS 100.54266912 89.65960224
OS 100.5520976 89.66313792
OS 100.56506176 89.66903072
OS 100.57331168 89.6725664
OS 100.58274016 89.67610208
OS 100.58391872 89.67610208
OS 100.58981152 89.67728064
OS 100.59688288 89.67728064
OS 100.60866848 89.67610208
OS 100.62163264 89.6725664
OS 100.63813248 89.6666736
OS 100.65698944 89.65606656
OS 100.66759648 89.65017376
OS 100.67820352 89.64192384
OS 100.67938208 89.64192384
OS 100.68056064 89.63956672
OS 100.68645344 89.63367392
OS 100.69588192 89.62424544
OS 100.70648896 89.61245984
OS 100.71827456 89.59596
OS 100.7288816 89.57710304
OS 100.73948864 89.55588896
OS 100.74773856 89.53231776
OS 100.74773856 89.5311392
OS 100.74891712 89.52996064
OS 100.74891712 89.52642496
OS 100.75009568 89.52171072
OS 100.75127424 89.50874656
OS 100.7524528 89.49342528
OS 100.7524528 89.47456832
OS 100.74891712 89.4545328
OS 100.74302432 89.43449728
OS 100.73359584 89.4132832
OS 100.73241728 89.41092608
OS 100.7288816 89.40621184
OS 100.7288816 89.40267616
OS 100.7288816 89.39914048
OS 100.73006016 89.3956048
OS 100.73359584 89.39089056
OS 100.7347744 89.39089056
OS 100.73595296 89.389712
OS 100.73948864 89.38853344
OS 100.74302432 89.38735488
OS 100.74891712 89.38617632
OS 100.75716704 89.38617632
OS 100.76659552 89.38735488
OS 100.77720256 89.389712
OS 100.78073824 89.389712
OS 100.78427392 89.39089056
OS 100.78898816 89.39089056
OS 100.80077376 89.389712
OS 100.81491648 89.38735488
OS 100.82788064 89.38028352
OS 100.834952 89.37556928
OS 100.83966624 89.36967648
OS 100.84438048 89.36260512
OS 100.84791616 89.35317664
OS 100.85027328 89.3425696
OS 100.85027328 89.32960544
OS 100.85027328 89.32842688
OS 100.85027328 89.32724832
OS 100.84909472 89.32371264
OS 100.84791616 89.3189984
OS 100.84438048 89.30603424
OS 100.83848768 89.29071296
OS 100.82788064 89.27303456
OS 100.82080928 89.26360608
OS 100.81373792 89.25299904
OS 100.80430944 89.24357056
OS 100.7937024 89.23414208
OS 100.7819168 89.22353504
OS 100.76895264 89.21410656
OS 100.76777408 89.21410656
OS 100.76659552 89.212928
OS 100.76188128 89.21057088
OS 100.75716704 89.20821376
OS 100.75127424 89.20585664
OS 100.74302432 89.20232096
OS 100.73359584 89.19878528
OS 100.72181024 89.1952496
OS 100.72063168 89.19407104
OS 100.71591744 89.19289248
OS 100.70766752 89.19053536
OS 100.69706048 89.18699968
OS 100.6817392 89.18464256
OS 100.6640608 89.18228544
OS 100.64166816 89.18110688
OS 100.60748992 89.18110688
OS 100.60159712 89.18228544
OS 100.58863296 89.183464
OS 100.57213312 89.18464256
OS 100.55327616 89.18817824
OS 100.5344192 89.19171392
OS 100.51556224 89.19760672
OS 100.50024096 89.20467808
OS 100.4990624 89.20467808
OS 100.49670528 89.20585664
OS 100.4931696 89.20821376
OS 100.48845536 89.21174944
OS 100.47666976 89.21999936
OS 100.46252704 89.23296352
OS 100.44838432 89.2482848
OS 100.4342416 89.26832032
OS 100.422456 89.29307008
OS 100.41892032 89.3072128
OS 100.41538464 89.32135552
OS 100.41538464 89.32253408
OS 100.41538464 89.3248912
OS 100.41420608 89.32960544
OS 100.41302752 89.33549824
OS 100.41302752 89.3425696
OS 100.41184896 89.35199808
OS 100.4106704 89.36142656
OS 100.40949184 89.37321216
OS 100.40713472 89.39914048
OS 100.4047776 89.42742592
OS 100.40359904 89.45806848
OS 100.40242048 89.49106816
OS 100.40242048 89.49224672
OS 100.40242048 89.49460384
OS 100.40242048 89.49931808
OS 100.40242048 89.50638944
OS 100.40124192 89.5134608
OS 100.40124192 89.52288928
OS 100.3988848 89.54410336
OS 100.39534912 89.56885312
OS 100.39181344 89.59478144
OS 100.38592064 89.62070976
OS 100.37767072 89.64663808
OS 100.37649216 89.64663808
OS 100.37413504 89.64781664
OS 100.36706368 89.65370944
OS 100.35999232 89.66195936
OS 100.3576352 89.6666736
OS 100.35645664 89.67374496
OS 100.35645664 89.67492352
OS 100.35645664 89.67728064
OS 100.3576352 89.68199488
OS 100.35881376 89.68670912
OS 100.35999232 89.69378048
OS 100.363528 89.7020304
OS 100.36824224 89.71028032
OS 100.37413504 89.7197088
OS 100.3753136 89.72206592
OS 100.38002784 89.72678016
OS 100.3870992 89.73620864
OS 100.39417056 89.74681568
OS 100.40242048 89.75977984
OS 100.4106704 89.77392256
OS 100.41774176 89.78924384
OS 100.422456 89.80456512
OS 100.422456 89.80692224
OS 100.42363456 89.81163648
OS 100.42599168 89.81870784
OS 100.42717024 89.82813632
OS 100.4283488 89.8493504
OS 100.42717024 89.85995744
OS 100.42481312 89.86938592
OS 100.42481312 89.87056448
OS 100.42363456 89.8729216
OS 100.42363456 89.87763584
OS 100.422456 89.88352864
OS 100.422456 89.89177856
OS 100.42481312 89.90002848
OS 100.42717024 89.90945696
OS 100.43188448 89.91888544
OS 100.43306304 89.920064
OS 100.4342416 89.92359968
OS 100.43659872 89.92831392
OS 100.4401344 89.93538528
OS 100.44367008 89.94481376
OS 100.44838432 89.9554208
OS 100.45074144 89.96838496
OS 100.45427712 89.98252768
OS 100.45427712 89.9848848
OS 100.45545568 89.98959904
OS 100.45663424 89.99549184
OS 100.4578128 90.00374176
OS 100.45859766 90.00609888
OS 100.45074144 90.00609888
OS 100.43895584 90.00727744
OS 100.42481312 90.01199168
OS 100.40831328 90.0202416
OS 100.3988848 90.0261344
OS 100.38945632 90.03320576
OS 100.3870992 90.03556288
OS 100.3812064 90.04027712
OS 100.37295648 90.04852704
OS 100.363528 90.05795552
OS 100.35292096 90.06856256
OS 100.34467104 90.08034816
OS 100.33877824 90.09213376
OS 100.33759968 90.09802656
OS 100.33642112 90.1027408
OS 100.33642112 90.10391936
OS 100.33759968 90.1086336
OS 100.33877824 90.1145264
OS 100.34231392 90.12159776
OS 100.34820672 90.12749056
OS 100.35645664 90.13338336
OS 100.36824224 90.1380976
OS 100.38356352 90.13927616
OS 100.38474208 90.13927616
OS 100.38945632 90.1380976
OS 100.39534912 90.13691904
OS 100.40359904 90.1322048
OS 100.41420608 90.126312
OS 100.42481312 90.11570496
OS 100.43659872 90.10391936
OS 100.43659872 90.11334784
OS 100.43777728 90.12866912
OS 100.43777728 90.12984768
OS 100.43777728 90.13102624
OS 100.4401344 90.1380976
OS 100.44249152 90.14752608
OS 100.44720576 90.15813312
OS 100.45545568 90.16874016
OS 100.46488416 90.17699008
OS 100.47902688 90.18288288
OS 100.48609824 90.18406144
OS 100.49552672 90.18406144
OS 100.49552672 90.18288288
OE
OB 98.24565568 89.58063872 I
OS 98.2539056 89.57710304
OS 98.26215552 89.5723888
OS 98.271584 89.56531744
OS 98.28219104 89.55588896
OS 98.2833696 89.5547104
OS 98.28572672 89.54999616
OS 98.2892624 89.54410336
OS 98.29279808 89.53585344
OS 98.29869088 89.5252464
OS 98.30340512 89.51228224
OS 98.30929792 89.49931808
OS 98.31401216 89.4839968
OS 98.31401216 89.48281824
OS 98.31519072 89.48046112
OS 98.31636928 89.47692544
OS 98.31754784 89.47103264
OS 98.32226208 89.45806848
OS 98.32815488 89.44156864
OS 98.33404768 89.42271168
OS 98.34111904 89.40503328
OS 98.3481904 89.38735488
OS 98.35526176 89.3720336
OS 98.35644032 89.37085504
OS 98.35879744 89.3661408
OS 98.36351168 89.35906944
OS 98.36940448 89.34964096
OS 98.37647584 89.33785536
OS 98.38590432 89.3248912
OS 98.39651136 89.30956992
OS 98.40829696 89.29424864
OS 98.40947552 89.29189152
OS 98.4130112 89.28717728
OS 98.418904 89.28010592
OS 98.42361824 89.27067744
OS 98.42833248 89.26124896
OS 98.4306896 89.25064192
OS 98.43186816 89.24121344
OS 98.42833248 89.23296352
OS 98.42715392 89.23178496
OS 98.4247968 89.2306064
OS 98.42008256 89.22707072
OS 98.41183264 89.2247136
OS 98.4012256 89.22235648
OS 98.38590432 89.21999936
OS 98.37647584 89.21999936
OS 98.3658688 89.2188208
OS 98.3540832 89.2188208
OS 98.34111904 89.21999936
OS 98.32697632 89.21999936
OS 98.31754784 89.2188208
OS 98.3069408 89.21764224
OS 98.29633376 89.21528512
OS 98.28572672 89.21174944
OS 98.27629824 89.20585664
OS 98.27511968 89.20585664
OS 98.27276256 89.20467808
OS 98.26922688 89.20232096
OS 98.26451264 89.2011424
OS 98.25036992 89.19760672
OS 98.23504864 89.19760672
OS 98.22679872 89.19996384
OS 98.2185488 89.20349952
OS 98.21147744 89.20939232
OS 98.20322752 89.21646368
OS 98.19733472 89.22707072
OS 98.19026336 89.24121344
OS 98.18554912 89.25771328
OS 98.18201344 89.2777488
OS 98.18201344 89.27892736
OS 98.18201344 89.2836416
OS 98.18083488 89.2895344
OS 98.18083488 89.29896288
OS 98.17965632 89.30956992
OS 98.17847776 89.32371264
OS 98.17847776 89.33903392
OS 98.17847776 89.35553376
OS 98.17847776 89.37439072
OS 98.17847776 89.39442624
OS 98.17965632 89.41564032
OS 98.18083488 89.43921152
OS 98.18554912 89.48753248
OS 98.19379904 89.53938912
OS 98.19379904 89.54056768
OS 98.19379904 89.54174624
OS 98.1949776 89.54763904
OS 98.19615616 89.55353184
OS 98.19851328 89.55942464
OS 98.19851328 89.5606032
OS 98.19969184 89.56178176
OS 98.20322752 89.566496
OS 98.21029888 89.57356736
OS 98.21972736 89.57946016
OS 98.2303344 89.58181728
OS 98.23740576 89.58181728
OS 98.24565568 89.58063872
OE
OB 99.5149648 90.15224032 I
OS 99.52557184 90.1498832
OS 99.53617888 90.14516896
OS 99.54560736 90.13927616
OS 99.55267872 90.13102624
OS 99.55385728 90.12984768
OS 99.55503584 90.126312
OS 99.5562144 90.1204192
OS 99.55739296 90.11334784
OS 99.55857152 90.10509792
OS 99.55739296 90.096848
OS 99.55503584 90.08741952
OS 99.5503216 90.0791696
OS 99.54914304 90.07799104
OS 99.54678592 90.07681248
OS 99.5459528 90.07639592
OS 99.54207168 90.0791696
OS 99.52439328 90.08741952
OS 99.51614336 90.0909552
OS 99.51025056 90.09331232
OS 99.50553632 90.09449088
OS 99.50435776 90.09449088
OS 99.48078656 90.09920512
OS 99.45721536 90.10156224
OS 99.4429558 90.10235472
OS 99.44542976 90.09802656
OS 99.45250112 90.0909552
OS 99.4619296 90.0850624
OS 99.47017952 90.08152672
OS 99.47725088 90.07799104
OS 99.48196512 90.07681248
OS 99.48432224 90.07563392
OS 99.50082208 90.07209824
OS 99.5149648 90.07091968
OS 99.52557184 90.07209824
OS 99.53500032 90.0732768
OS 99.54207168 90.07445536
OS 99.5459528 90.07639592
OS 99.5503216 90.0732768
OS 99.55857152 90.06620544
OS 99.55975008 90.06502688
OS 99.5621072 90.06266976
OS 99.56564288 90.05795552
OS 99.57153568 90.05088416
OS 99.57742848 90.04145568
OS 99.58449984 90.02967008
OS 99.59274976 90.01552736
OS 99.60099968 89.99784896
OS 99.60099968 89.9966704
OS 99.60217824 89.99549184
OS 99.6033568 89.99195616
OS 99.60571392 89.98724192
OS 99.60807104 89.98017056
OS 99.61160672 89.9730992
OS 99.6151424 89.96367072
OS 99.61867808 89.95188512
OS 99.62339232 89.94009952
OS 99.62810656 89.9259568
OS 99.63399936 89.90945696
OS 99.63989216 89.89177856
OS 99.64578496 89.8729216
OS 99.65167776 89.85170752
OS 99.65874912 89.82813632
OS 99.66582048 89.80338656
OS 99.66582048 89.802208
OS 99.66699904 89.79749376
OS 99.66935616 89.7904224
OS 99.67289184 89.78099392
OS 99.67524896 89.77038688
OS 99.6799632 89.75742272
OS 99.68349888 89.74328
OS 99.68821312 89.72795872
OS 99.69882016 89.69731616
OS 99.7094272 89.6666736
OS 99.71414144 89.65253088
OS 99.72003424 89.63956672
OS 99.72474848 89.62778112
OS 99.72946272 89.61717408
OS 99.72946272 89.61599552
OS 99.73064128 89.6136384
OS 99.73181984 89.61010272
OS 99.7329984 89.60656704
OS 99.73417696 89.60067424
OS 99.73653408 89.59478144
OS 99.7388912 89.58535296
OS 99.74124832 89.57592448
OS 99.744784 89.56296032
OS 99.74831968 89.54763904
OS 99.75185536 89.5311392
OS 99.7565696 89.51110368
OS 99.76128384 89.48871104
OS 99.76717664 89.46278272
OS 99.76717664 89.46160416
OS 99.7683552 89.45688992
OS 99.77071232 89.44864
OS 99.77306944 89.43921152
OS 99.77542656 89.42742592
OS 99.77896224 89.41446176
OS 99.78367648 89.39914048
OS 99.78839072 89.3838192
OS 99.79899776 89.34964096
OS 99.81078336 89.31664128
OS 99.81667616 89.30014144
OS 99.82374752 89.28482016
OS 99.83081888 89.27067744
OS 99.83789024 89.25889184
OS 99.8390688 89.25653472
OS 99.84378304 89.25064192
OS 99.84967584 89.242392
OS 99.85556864 89.2306064
OS 99.86146144 89.21764224
OS 99.86499712 89.20467808
OS 99.86617568 89.19053536
OS 99.86499712 89.183464
OS 99.86264 89.1775712
OS 99.86146144 89.17639264
OS 99.85910432 89.17521408
OS 99.8567472 89.17403552
OS 99.85203296 89.1716784
OS 99.8449616 89.17049984
OS 99.83671168 89.16814272
OS 99.82610464 89.1657856
OS 99.81314048 89.16342848
OS 99.79664064 89.16107136
OS 99.77660512 89.1598928
OS 99.75421248 89.15753568
OS 99.72828416 89.15635712
OS 99.6976416 89.15517856
OS 99.6622848 89.154
OS 99.58803552 89.154
OS 99.57153568 89.15517856
OS 99.55267872 89.15517856
OS 99.5326432 89.15635712
OS 99.51142912 89.15753568
OS 99.46900096 89.1598928
OS 99.44896544 89.16224992
OS 99.43010848 89.16460704
OS 99.4147872 89.16814272
OS 99.40182304 89.1716784
OS 99.39239456 89.17521408
OS 99.39003744 89.1775712
OS 99.38768032 89.17992832
OS 99.38768032 89.18110688
OS 99.38650176 89.18582112
OS 99.3853232 89.19289248
OS 99.3853232 89.20349952
OS 99.38768032 89.21646368
OS 99.39239456 89.2306064
OS 99.40182304 89.2482848
OS 99.40771584 89.25771328
OS 99.4147872 89.26832032
OS 99.41596576 89.26949888
OS 99.41714432 89.27067744
OS 99.42421568 89.2777488
OS 99.43010848 89.28717728
OS 99.4324656 89.29071296
OS 99.43364416 89.29424864
OS 99.43364416 89.29660576
OS 99.43364416 89.29896288
OS 99.43364416 89.30367712
OS 99.4324656 89.30956992
OS 99.43128704 89.31664128
OS 99.42892992 89.32606976
OS 99.42539424 89.33785536
OS 99.42539424 89.33903392
OS 99.42303712 89.34374816
OS 99.42068 89.34964096
OS 99.41596576 89.35789088
OS 99.40535872 89.37321216
OS 99.39828736 89.38028352
OS 99.39003744 89.38499776
OS 99.38885888 89.38499776
OS 99.3853232 89.38735488
OS 99.3794304 89.38853344
OS 99.37118048 89.39089056
OS 99.35939488 89.39324768
OS 99.34525216 89.39442624
OS 99.3263952 89.39678336
OS 99.2969312 89.39678336
OS 99.29221696 89.39796192
OS 99.28043136 89.39914048
OS 99.2674672 89.40385472
OS 99.25332448 89.40974752
OS 99.24271744 89.419176
OS 99.2380032 89.4250688
OS 99.23446752 89.43214016
OS 99.2321104 89.44039008
OS 99.2321104 89.44981856
OS 99.2321104 89.45217568
OS 99.23328896 89.45688992
OS 99.23564608 89.46513984
OS 99.24153888 89.47456832
OS 99.2497888 89.48517536
OS 99.2556816 89.49106816
OS 99.2615744 89.49696096
OS 99.26982432 89.5016752
OS 99.2792528 89.507568
OS 99.28985984 89.51228224
OS 99.302824 89.51699648
OS 99.30400256 89.51699648
OS 99.30635968 89.51817504
OS 99.31107392 89.52053216
OS 99.31696672 89.52171072
OS 99.32403808 89.52406784
OS 99.332288 89.5252464
OS 99.3499664 89.52642496
OS 99.35350208 89.52642496
OS 99.35821632 89.52760352
OS 99.3676448 89.52760352
OS 99.37118048 89.52642496
OS 99.3735376 89.52642496
OS 99.37471616 89.5252464
OS 99.37471616 89.52642496
OS 99.37471616 89.52760352
OS 99.37589472 89.52996064
OS 99.37589472 89.53467488
OS 99.37589472 89.53938912
OS 99.37471616 89.54646048
OS 99.37471616 89.55588896
OS 99.3735376 89.566496
OS 99.37235904 89.58063872
OS 99.37000192 89.59713856
OS 99.3676448 89.61717408
OS 99.36528768 89.63956672
OS 99.36057344 89.66549504
OS 99.35703776 89.69495904
OS 99.35114496 89.72913728
OS 99.35114496 89.73031584
OS 99.3499664 89.73503008
OS 99.34878784 89.74092288
OS 99.34760928 89.7491728
OS 99.34525216 89.75977984
OS 99.34289504 89.77156544
OS 99.34053792 89.7845296
OS 99.33935936 89.79867232
OS 99.33464512 89.83049344
OS 99.32993088 89.86467168
OS 99.32757376 89.89884992
OS 99.3263952 89.93067104
OS 99.3263952 89.93302816
OS 99.3263952 89.9377424
OS 99.3263952 89.94599232
OS 99.32521664 89.95659936
OS 99.32285952 89.978992
OS 99.3205024 89.98959904
OS 99.31814528 89.99902752
OS 99.31814528 90.00020608
OS 99.31696672 90.0025632
OS 99.31343104 90.01081312
OS 99.3087168 90.0202416
OS 99.30518112 90.02377728
OS 99.30164544 90.02495584
OS 99.30046688 90.0261344
OS 99.29928832 90.02849152
OS 99.29928832 90.0320272
OS 99.29810976 90.03909856
OS 99.29928832 90.04734848
OS 99.30046688 90.06031264
OS 99.302824 90.07681248
OS 99.30400256 90.07799104
OS 99.30635968 90.08034816
OS 99.31107392 90.0850624
OS 99.31814528 90.08977664
OS 99.32875232 90.09449088
OS 99.34171648 90.09920512
OS 99.35939488 90.10156224
OS 99.3794304 90.10391936
OS 99.41714432 90.10391936
OS 99.43600128 90.1027408
OS 99.4429558 90.10235472
OS 99.44071552 90.10627648
OS 99.4383584 90.11688352
OS 99.4383584 90.11806208
OS 99.43953696 90.12277632
OS 99.44071552 90.12866912
OS 99.4442512 90.13456192
OS 99.450144 90.14163328
OS 99.45957248 90.14752608
OS 99.47135808 90.15224032
OS 99.48785792 90.15459744
OS 99.50435776 90.15459744
OS 99.5149648 90.15224032
OE
OB 99.23446752 89.70556608 I
OS 99.24153888 89.70085184
OS 99.24271744 89.69967328
OS 99.243896 89.69731616
OS 99.24625312 89.69378048
OS 99.24861024 89.68670912
OS 99.25096736 89.67963776
OS 99.25096736 89.66903072
OS 99.2497888 89.65842368
OS 99.24507456 89.64428096
OS 99.24507456 89.6431024
OS 99.24271744 89.63956672
OS 99.24036032 89.6313168
OS 99.2380032 89.625424
OS 99.23682464 89.61835264
OS 99.23446752 89.61010272
OS 99.2321104 89.60067424
OS 99.22975328 89.5900672
OS 99.22739616 89.57710304
OS 99.22503904 89.56178176
OS 99.22268192 89.54528192
OS 99.21914624 89.52642496
OS 99.21678912 89.50638944
OS 99.21678912 89.50521088
OS 99.21561056 89.5016752
OS 99.21561056 89.4957824
OS 99.214432 89.48753248
OS 99.21325344 89.47928256
OS 99.21207488 89.46867552
OS 99.2085392 89.44510432
OS 99.20382496 89.419176
OS 99.19911072 89.3956048
OS 99.1967536 89.3838192
OS 99.19439648 89.37321216
OS 99.1908608 89.36378368
OS 99.18850368 89.35671232
OS 99.18850368 89.35553376
OS 99.18732512 89.35081952
OS 99.184968 89.34492672
OS 99.18378944 89.33785536
OS 99.18025376 89.32371264
OS 99.18025376 89.31781984
OS 99.18025376 89.31428416
OS 99.18143232 89.3131056
OS 99.18261088 89.31074848
OS 99.18614656 89.3072128
OS 99.1908608 89.30249856
OS 99.1967536 89.29660576
OS 99.20618208 89.28835584
OS 99.21678912 89.27892736
OS 99.21796768 89.2777488
OS 99.21914624 89.27657024
OS 99.2262176 89.26949888
OS 99.23682464 89.25889184
OS 99.24743168 89.24474912
OS 99.25686016 89.2306064
OS 99.26511008 89.21528512
OS 99.2674672 89.2070352
OS 99.26864576 89.19996384
OS 99.26864576 89.19289248
OS 99.26628864 89.18582112
OS 99.26511008 89.18464256
OS 99.2615744 89.18110688
OS 99.25803872 89.17874976
OS 99.25332448 89.17639264
OS 99.24625312 89.17403552
OS 99.23918176 89.17049984
OS 99.22975328 89.16814272
OS 99.21914624 89.1657856
OS 99.20618208 89.16342848
OS 99.1908608 89.16107136
OS 99.1731824 89.15871424
OS 99.15314688 89.15635712
OS 99.13075424 89.15517856
OS 99.08361184 89.15517856
OS 99.0730048 89.15635712
OS 99.0612192 89.15635712
OS 99.03411232 89.15871424
OS 99.00700544 89.16224992
OS 98.99286272 89.16460704
OS 98.98107712 89.16696416
OS 98.97047008 89.17049984
OS 98.9610416 89.17403552
OS 98.9551488 89.17874976
OS 98.95043456 89.18464256
OS 98.95043456 89.18582112
OS 98.949256 89.19053536
OS 98.949256 89.19760672
OS 98.95043456 89.20821376
OS 98.95632736 89.22117792
OS 98.95986304 89.22942784
OS 98.96457728 89.23767776
OS 98.97164864 89.24710624
OS 98.97872 89.25653472
OS 98.98814848 89.26714176
OS 98.99993408 89.27892736
OS 99.00111264 89.28010592
OS 99.0022912 89.28128448
OS 99.00582688 89.28482016
OS 99.01054112 89.2895344
OS 99.02114816 89.30249856
OS 99.03529088 89.3189984
OS 99.0494336 89.33903392
OS 99.06239776 89.36142656
OS 99.07418336 89.38499776
OS 99.08243328 89.40974752
OS 99.08243328 89.41092608
OS 99.08361184 89.41210464
OS 99.08361184 89.41564032
OS 99.0847904 89.42035456
OS 99.08832608 89.43214016
OS 99.09304032 89.44746144
OS 99.09775456 89.4663184
OS 99.10364736 89.48753248
OS 99.11071872 89.51110368
OS 99.11779008 89.53467488
OS 99.13428992 89.5841744
OS 99.14253984 89.60656704
OS 99.15078976 89.62895968
OS 99.15903968 89.6489952
OS 99.16846816 89.66549504
OS 99.17553952 89.67963776
OS 99.18025376 89.684352
OS 99.18378944 89.68906624
OS 99.18614656 89.6902448
OS 99.1908608 89.69378048
OS 99.19793216 89.69731616
OS 99.20618208 89.7020304
OS 99.21561056 89.70556608
OS 99.22503904 89.70674464
OS 99.23446752 89.70556608
OE
OB 94.81722464 89.78099392 I
OS 94.824296 89.7786368
OS 94.83136736 89.77392256
OS 94.83843872 89.7668512
OS 94.84315296 89.75742272
OS 94.84433152 89.74445856
OS 94.84433152 89.74328
OS 94.84433152 89.73856576
OS 94.8419744 89.73267296
OS 94.83961728 89.7256016
OS 94.83490304 89.71735168
OS 94.82783168 89.71145888
OS 94.8184032 89.70674464
OS 94.80543904 89.70556608
OS 94.80426048 89.70556608
OS 94.79954624 89.70674464
OS 94.79247488 89.7079232
OS 94.78540352 89.71028032
OS 94.77833216 89.71499456
OS 94.7712608 89.72206592
OS 94.76654656 89.7314944
OS 94.765368 89.74445856
OS 94.765368 89.74563712
OS 94.76654656 89.75035136
OS 94.76772512 89.75624416
OS 94.77008224 89.76449408
OS 94.77479648 89.77156544
OS 94.78186784 89.77745824
OS 94.79129632 89.78217248
OS 94.80426048 89.78335104
OS 94.81015328 89.78335104
OS 94.81722464 89.78099392
OE
OB 94.30337248 90.18288288 I
OS 94.50254912 90.17816864
OS 94.5709056 90.04852704
OS 94.57208416 90.04734848
OS 94.57326272 90.04263424
OS 94.5767984 90.03674144
OS 94.58151264 90.02849152
OS 94.58622688 90.01906304
OS 94.59094112 90.00727744
OS 94.60390528 89.98252768
OS 94.61569088 89.95659936
OS 94.62511936 89.9318496
OS 94.6298336 89.920064
OS 94.63336928 89.91063552
OS 94.63454784 89.9023856
OS 94.6357264 89.8964928
OS 94.6357264 89.89531424
OS 94.6357264 89.89295712
OS 94.63808352 89.88706432
OS 94.64044064 89.8788144
OS 94.64397632 89.86820736
OS 94.64986912 89.85406464
OS 94.65811904 89.8375648
OS 94.66872608 89.81635072
OS 94.66872608 89.81517216
OS 94.66990464 89.8139936
OS 94.67461888 89.80692224
OS 94.67933312 89.79749376
OS 94.68640448 89.78688672
OS 94.69347584 89.77510112
OS 94.7005472 89.76567264
OS 94.70761856 89.75742272
OS 94.70997568 89.7550656
OS 94.7123328 89.75388704
OS 94.71351136 89.75388704
OS 94.71704704 89.75152992
OS 94.72293984 89.74799424
OS 94.72883264 89.74328
OS 94.73354688 89.73620864
OS 94.73826112 89.72913728
OS 94.74061824 89.71853024
OS 94.74061824 89.70674464
OS 94.74061824 89.70556608
OS 94.74061824 89.7020304
OS 94.73943968 89.6961376
OS 94.73943968 89.6902448
OS 94.73826112 89.684352
OS 94.73826112 89.67963776
OS 94.73708256 89.67610208
OS 94.73708256 89.67492352
OS 94.73826112 89.67374496
OS 94.74061824 89.67138784
OS 94.74533248 89.6666736
OS 94.75004672 89.65960224
OS 94.75476096 89.6489952
OS 94.76065376 89.63367392
OS 94.76418944 89.625424
OS 94.76654656 89.61481696
OS 94.76890368 89.60420992
OS 94.7709941 89.59271642
OS 94.78776064 89.66313792
OS 94.84315296 89.59831712
OS 94.84433152 89.59596
OS 94.84668864 89.5900672
OS 94.85022432 89.58181728
OS 94.85493856 89.57121024
OS 94.85847424 89.55824608
OS 94.86318848 89.54410336
OS 94.86672416 89.52878208
OS 94.86908128 89.51463936
OS 94.86908128 89.5134608
OS 94.87025984 89.50874656
OS 94.8714384 89.5016752
OS 94.87261696 89.49460384
OS 94.8773312 89.47574688
OS 94.87968832 89.46749696
OS 94.883224 89.45924704
OS 94.883224 89.45806848
OS 94.88440256 89.4545328
OS 94.88558112 89.44864
OS 94.88675968 89.44156864
OS 94.88675968 89.43449728
OS 94.88675968 89.42624736
OS 94.88558112 89.419176
OS 94.88204544 89.41210464
OS 94.88204544 89.41092608
OS 94.87968832 89.40974752
OS 94.8773312 89.4073904
OS 94.87261696 89.40503328
OS 94.86672416 89.4014976
OS 94.8596528 89.39914048
OS 94.85022432 89.39796192
OS 94.83998304 89.396824
OS 94.84079584 89.3956048
OS 94.84315296 89.389712
OS 94.84315296 89.38853344
OS 94.84433152 89.38735488
OS 94.84551008 89.3838192
OS 94.84668864 89.37910496
OS 94.84904576 89.37321216
OS 94.85022432 89.3661408
OS 94.85376 89.3484624
OS 94.85376 89.34728384
OS 94.85493856 89.34374816
OS 94.85493856 89.33903392
OS 94.85493856 89.330784
OS 94.85493856 89.32253408
OS 94.85376 89.31074848
OS 94.85258144 89.29896288
OS 94.85022432 89.28482016
OS 94.85022432 89.28246304
OS 94.8478672 89.2777488
OS 94.84551008 89.26949888
OS 94.8419744 89.2600704
OS 94.83136736 89.24003488
OS 94.82547456 89.2306064
OS 94.8184032 89.22353504
OS 94.81722464 89.22353504
OS 94.81486752 89.22117792
OS 94.81015328 89.2188208
OS 94.80308192 89.21528512
OS 94.79365344 89.21174944
OS 94.78186784 89.20821376
OS 94.76772512 89.20585664
OS 94.75004672 89.20232096
OS 94.7476896 89.20232096
OS 94.7417968 89.2011424
OS 94.72293984 89.2011424
OS 94.69936864 89.19996384
OS 94.68758304 89.2011424
OS 94.676976 89.20232096
OS 94.67579744 89.20232096
OS 94.67226176 89.20349952
OS 94.66754752 89.20585664
OS 94.66165472 89.20821376
OS 94.65576192 89.21174944
OS 94.647512 89.21646368
OS 94.64044064 89.22235648
OS 94.63219072 89.22942784
OS 94.6298336 89.23178496
OS 94.62511936 89.2364992
OS 94.618048 89.24474912
OS 94.61097664 89.25535616
OS 94.60272672 89.2659632
OS 94.59565536 89.27657024
OS 94.59094112 89.28599872
OS 94.588584 89.29424864
OS 94.58740544 89.2954272
OS 94.58504832 89.29896288
OS 94.58151264 89.30603424
OS 94.57797696 89.31074848
OS 94.57444128 89.31664128
OS 94.56972704 89.3248912
OS 94.56383424 89.33431968
OS 94.55794144 89.34610528
OS 94.54969152 89.35906944
OS 94.5414416 89.37439072
OS 94.53083456 89.39206912
OS 94.529656 89.39324768
OS 94.52847744 89.39678336
OS 94.52494176 89.4014976
OS 94.52140608 89.40974752
OS 94.51551328 89.41799744
OS 94.50962048 89.42860448
OS 94.50372768 89.44156864
OS 94.49547776 89.4545328
OS 94.47897792 89.4839968
OS 94.46012096 89.51699648
OS 94.44008544 89.55235328
OS 94.42004992 89.58771008
OS 94.42004992 89.58888864
OS 94.4176928 89.59242432
OS 94.41533568 89.59713856
OS 94.4118 89.60303136
OS 94.40237152 89.61835264
OS 94.39294304 89.63603104
OS 94.382336 89.65370944
OS 94.37290752 89.67020928
OS 94.36819328 89.67728064
OS 94.3646576 89.68199488
OS 94.36230048 89.68553056
OS 94.36112192 89.68788768
OS 94.26212288 89.861136
OS 94.26212288 89.86231456
OS 94.25976576 89.86467168
OS 94.25740864 89.86938592
OS 94.25387296 89.87410016
OS 94.25033728 89.88117152
OS 94.24562304 89.88942144
OS 94.23383744 89.90945696
OS 94.21851616 89.9318496
OS 94.20201632 89.9554208
OS 94.18433792 89.98134912
OS 94.16548096 90.00609888
OS 94.16548096 90.00727744
OS 94.16312384 90.008456
OS 94.16076672 90.01199168
OS 94.15723104 90.01670592
OS 94.14780256 90.02849152
OS 94.13719552 90.04263424
OS 94.12540992 90.05913408
OS 94.11362432 90.07563392
OS 94.10183872 90.0909552
OS 94.09241024 90.10391936
OS 94.09123168 90.10509792
OS 94.08887456 90.10981216
OS 94.08651744 90.11570496
OS 94.08298176 90.12277632
OS 94.08062464 90.1322048
OS 94.07944608 90.14163328
OS 94.07944608 90.15106176
OS 94.0818032 90.15931168
OS 94.08298176 90.16049024
OS 94.08533888 90.1616688
OS 94.087696 90.16402592
OS 94.09241024 90.16638304
OS 94.09830304 90.16874016
OS 94.10655296 90.17109728
OS 94.11598144 90.17463296
OS 94.1289456 90.17699008
OS 94.14426688 90.1793472
OS 94.16194528 90.18052576
OS 94.18315936 90.18288288
OS 94.20673056 90.18406144
OS 94.26683712 90.18406144
OS 94.30337248 90.18288288
OE
OB 94.21969472 89.7020304 I
OS 94.22558752 89.69849472
OS 94.23383744 89.69260192
OS 94.23855168 89.68788768
OS 94.24208736 89.68317344
OS 94.2468016 89.67610208
OS 94.25033728 89.66785216
OS 94.25505152 89.65842368
OS 94.2585872 89.64663808
OS 94.26212288 89.63485248
OS 94.26448 89.6195312
OS 94.26448 89.61835264
OS 94.26565856 89.61599552
OS 94.26565856 89.61128128
OS 94.26683712 89.60538848
OS 94.26801568 89.59713856
OS 94.26919424 89.58888864
OS 94.2703728 89.5782816
OS 94.27272992 89.566496
OS 94.27508704 89.53938912
OS 94.27744416 89.50992512
OS 94.27862272 89.47692544
OS 94.27980128 89.44156864
OS 94.27980128 89.44039008
OS 94.27980128 89.43567584
OS 94.27980128 89.42860448
OS 94.28097984 89.42035456
OS 94.28333696 89.4014976
OS 94.28569408 89.39206912
OS 94.2880512 89.3838192
OS 94.2880512 89.38264064
OS 94.29040832 89.38028352
OS 94.29276544 89.37556928
OS 94.29630112 89.36967648
OS 94.30219392 89.36260512
OS 94.30926528 89.35317664
OS 94.3175152 89.3425696
OS 94.3293008 89.330784
OS 94.33047936 89.32960544
OS 94.33283648 89.32724832
OS 94.33637216 89.32371264
OS 94.33990784 89.3189984
OS 94.35051488 89.30485568
OS 94.36230048 89.28835584
OS 94.37290752 89.27067744
OS 94.37762176 89.26124896
OS 94.37997888 89.25182048
OS 94.382336 89.24357056
OS 94.38351456 89.23532064
OS 94.382336 89.22707072
OS 94.37880032 89.21999936
OS 94.37762176 89.2188208
OS 94.37408608 89.21528512
OS 94.3705504 89.21174944
OS 94.36583616 89.20939232
OS 94.35994336 89.20585664
OS 94.352872 89.20349952
OS 94.34344352 89.19996384
OS 94.33283648 89.19642816
OS 94.32105088 89.19407104
OS 94.30690816 89.19171392
OS 94.29158688 89.1893568
OS 94.27272992 89.18699968
OS 94.2526944 89.18582112
OS 94.2114448 89.18582112
OS 94.20083776 89.18699968
OS 94.19023072 89.18817824
OS 94.16665952 89.19053536
OS 94.1407312 89.19407104
OS 94.11716 89.19996384
OS 94.10655296 89.20349952
OS 94.09712448 89.20821376
OS 94.08887456 89.212928
OS 94.08298176 89.2188208
OS 94.0818032 89.21999936
OS 94.07944608 89.22589216
OS 94.07826752 89.23414208
OS 94.07826752 89.24592768
OS 94.0818032 89.2600704
OS 94.08416032 89.26949888
OS 94.08887456 89.28010592
OS 94.09476736 89.29071296
OS 94.10183872 89.30249856
OS 94.1112672 89.31428416
OS 94.1230528 89.32842688
OS 94.12423136 89.32960544
OS 94.12658848 89.33314112
OS 94.13130272 89.33785536
OS 94.13601696 89.34374816
OS 94.1407312 89.35199808
OS 94.14544544 89.360248
OS 94.15015968 89.37085504
OS 94.15369536 89.38028352
OS 94.15369536 89.38146208
OS 94.15487392 89.38617632
OS 94.15605248 89.39442624
OS 94.15723104 89.4014976
OS 94.1584096 89.40856896
OS 94.1584096 89.41681888
OS 94.15958816 89.42624736
OS 94.16076672 89.43803296
OS 94.16194528 89.45099712
OS 94.16312384 89.4663184
OS 94.16312384 89.48281824
OS 94.1643024 89.5016752
OS 94.16548096 89.52171072
OS 94.16548096 89.52406784
OS 94.16548096 89.52996064
OS 94.16665952 89.53821056
OS 94.16665952 89.54999616
OS 94.16783808 89.56413888
OS 94.16901664 89.57946016
OS 94.17373088 89.61245984
OS 94.17962368 89.64545952
OS 94.18315936 89.6607808
OS 94.1878736 89.67492352
OS 94.1937664 89.68670912
OS 94.1996592 89.69495904
OS 94.205552 89.70085184
OS 94.21380192 89.70320896
OS 94.21498048 89.70320896
OS 94.21969472 89.7020304
OE
OB 94.84433152 90.18641856 I
OS 94.85493856 90.18641856
OS 94.86790272 90.18524
OS 94.8950096 90.18288288
OS 94.92211648 90.1793472
OS 94.93508064 90.17699008
OS 94.9480448 90.17463296
OS 94.95865184 90.17109728
OS 94.96808032 90.1675616
OS 94.97397312 90.16402592
OS 94.97868736 90.15931168
OS 94.97868736 90.15813312
OS 94.97986592 90.15341888
OS 94.98104448 90.14516896
OS 94.97868736 90.13456192
OS 94.97515168 90.12159776
OS 94.971616 90.11334784
OS 94.96690176 90.10509792
OS 94.96218752 90.096848
OS 94.95511616 90.08741952
OS 94.94686624 90.07799104
OS 94.9362592 90.067384
OS 94.93390208 90.06502688
OS 94.92918784 90.06031264
OS 94.92211648 90.05324128
OS 94.912688 90.0438128
OS 94.90443808 90.03438432
OS 94.8950096 90.02377728
OS 94.8891168 90.01552736
OS 94.88440256 90.00727744
OS 94.88440256 90.00609888
OS 94.883224 90.00374176
OS 94.88204544 89.99784896
OS 94.88204544 89.98959904
OS 94.88086688 89.97663488
OS 94.87968832 89.9613136
OS 94.87850976 89.95188512
OS 94.87850976 89.94009952
OS 94.87850976 89.92831392
OS 94.87850976 89.91534976
OS 94.87850976 89.9141712
OS 94.87850976 89.90945696
OS 94.87850976 89.90356416
OS 94.87850976 89.89531424
OS 94.8773312 89.88588576
OS 94.87615264 89.87410016
OS 94.87379552 89.85052896
OS 94.86908128 89.82695776
OS 94.86672416 89.81635072
OS 94.86318848 89.80574368
OS 94.85847424 89.79749376
OS 94.85376 89.79160096
OS 94.8478672 89.78688672
OS 94.8419744 89.78570816
OS 94.84079584 89.78570816
OS 94.8360816 89.78806528
OS 94.83254592 89.7904224
OS 94.82901024 89.79395808
OS 94.82547456 89.79867232
OS 94.82076032 89.80456512
OS 94.81604608 89.81281504
OS 94.81133184 89.82224352
OS 94.8066176 89.83402912
OS 94.8007248 89.8493504
OS 94.79601056 89.86585024
OS 94.79129632 89.88588576
OS 94.78658208 89.90945696
OS 94.78186784 89.93538528
OS 94.78186784 89.9377424
OS 94.77951072 89.94245664
OS 94.7771536 89.949528
OS 94.77479648 89.95895648
OS 94.77008224 89.96956352
OS 94.76654656 89.98134912
OS 94.75593952 90.00492032
OS 94.75593952 90.00609888
OS 94.7535824 90.00963456
OS 94.75004672 90.01552736
OS 94.74651104 90.02377728
OS 94.7417968 90.0320272
OS 94.73472544 90.04145568
OS 94.71940416 90.0614912
OS 94.7182256 90.06266976
OS 94.71704704 90.06502688
OS 94.71351136 90.06856256
OS 94.70879712 90.0732768
OS 94.69936864 90.08624096
OS 94.68758304 90.10156224
OS 94.676976 90.11924064
OS 94.66872608 90.13574048
OS 94.66636896 90.1439904
OS 94.6651904 90.15106176
OS 94.6651904 90.15813312
OS 94.66636896 90.16402592
OS 94.66754752 90.16520448
OS 94.6710832 90.1675616
OS 94.67344032 90.16991872
OS 94.67815456 90.17227584
OS 94.68404736 90.17463296
OS 94.69111872 90.17699008
OS 94.7005472 90.1793472
OS 94.71115424 90.18170432
OS 94.72293984 90.18288288
OS 94.73826112 90.18524
OS 94.75476096 90.18641856
OS 94.77479648 90.18759712
OS 94.83490304 90.18759712
OS 94.84433152 90.18641856
OE
OB 93.88498368 89.78099392 I
OS 93.89205504 89.7786368
OS 93.8991264 89.77392256
OS 93.90619776 89.7668512
OS 93.910912 89.75742272
OS 93.91209056 89.74445856
OS 93.91209056 89.74328
OS 93.91209056 89.73856576
OS 93.90973344 89.73267296
OS 93.90737632 89.7256016
OS 93.90266208 89.71735168
OS 93.89559072 89.71145888
OS 93.88616224 89.70674464
OS 93.87319808 89.70556608
OS 93.87201952 89.70556608
OS 93.86730528 89.70674464
OS 93.86023392 89.7079232
OS 93.85316256 89.71028032
OS 93.8460912 89.71499456
OS 93.83901984 89.72206592
OS 93.8343056 89.7314944
OS 93.83312704 89.74445856
OS 93.83312704 89.74563712
OS 93.8343056 89.75035136
OS 93.83548416 89.75624416
OS 93.83784128 89.76449408
OS 93.84255552 89.77156544
OS 93.84962688 89.77745824
OS 93.85905536 89.78217248
OS 93.87201952 89.78335104
OS 93.87791232 89.78335104
OS 93.88498368 89.78099392
OE
OB 93.37113152 90.18288288 I
OS 93.57030816 90.17816864
OS 93.63866464 90.04852704
OS 93.6398432 90.04734848
OS 93.64102176 90.04263424
OS 93.64455744 90.03674144
OS 93.64927168 90.02849152
OS 93.65398592 90.01906304
OS 93.65870016 90.00727744
OS 93.67166432 89.98252768
OS 93.68344992 89.95659936
OS 93.6928784 89.9318496
OS 93.69759264 89.920064
OS 93.70112832 89.91063552
OS 93.70230688 89.9023856
OS 93.70348544 89.8964928
OS 93.70348544 89.89531424
OS 93.70348544 89.89295712
OS 93.70584256 89.88706432
OS 93.70819968 89.8788144
OS 93.71173536 89.86820736
OS 93.71762816 89.85406464
OS 93.72587808 89.8375648
OS 93.73648512 89.81635072
OS 93.73648512 89.81517216
OS 93.73766368 89.8139936
OS 93.74237792 89.80692224
OS 93.74709216 89.79749376
OS 93.75416352 89.78688672
OS 93.76123488 89.77510112
OS 93.76830624 89.76567264
OS 93.7753776 89.75742272
OS 93.77773472 89.7550656
OS 93.78009184 89.75388704
OS 93.7812704 89.75388704
OS 93.78480608 89.75152992
OS 93.79069888 89.74799424
OS 93.79659168 89.74328
OS 93.80130592 89.73620864
OS 93.80602016 89.72913728
OS 93.80837728 89.71853024
OS 93.80837728 89.70674464
OS 93.80837728 89.70556608
OS 93.80837728 89.7020304
OS 93.80719872 89.6961376
OS 93.80719872 89.6902448
OS 93.80602016 89.684352
OS 93.80602016 89.67963776
OS 93.8048416 89.67610208
OS 93.8048416 89.67492352
OS 93.80602016 89.67374496
OS 93.80837728 89.67138784
OS 93.81309152 89.6666736
OS 93.81780576 89.65960224
OS 93.82252 89.6489952
OS 93.8284128 89.63367392
OS 93.83194848 89.625424
OS 93.8343056 89.61481696
OS 93.83666272 89.60420992
OS 93.83875314 89.59271642
OS 93.85551968 89.66313792
OS 93.910912 89.59831712
OS 93.91209056 89.59596
OS 93.91444768 89.5900672
OS 93.91798336 89.58181728
OS 93.9226976 89.57121024
OS 93.92623328 89.55824608
OS 93.93094752 89.54410336
OS 93.9344832 89.52878208
OS 93.93684032 89.51463936
OS 93.93684032 89.5134608
OS 93.93801888 89.50874656
OS 93.93919744 89.5016752
OS 93.940376 89.49460384
OS 93.94509024 89.47574688
OS 93.94744736 89.46749696
OS 93.95098304 89.45924704
OS 93.95098304 89.45806848
OS 93.9521616 89.4545328
OS 93.95334016 89.44864
OS 93.95451872 89.44156864
OS 93.95451872 89.43449728
OS 93.95451872 89.42624736
OS 93.95334016 89.419176
OS 93.94980448 89.41210464
OS 93.94980448 89.41092608
OS 93.94744736 89.40974752
OS 93.94509024 89.4073904
OS 93.940376 89.40503328
OS 93.9344832 89.4014976
OS 93.92741184 89.39914048
OS 93.91798336 89.39796192
OS 93.90774208 89.396824
OS 93.90855488 89.3956048
OS 93.910912 89.389712
OS 93.910912 89.38853344
OS 93.91209056 89.38735488
OS 93.91326912 89.3838192
OS 93.91444768 89.37910496
OS 93.9168048 89.37321216
OS 93.91798336 89.3661408
OS 93.92151904 89.3484624
OS 93.92151904 89.34728384
OS 93.9226976 89.34374816
OS 93.9226976 89.33903392
OS 93.9226976 89.330784
OS 93.9226976 89.32253408
OS 93.92151904 89.31074848
OS 93.92034048 89.29896288
OS 93.91798336 89.28482016
OS 93.91798336 89.28246304
OS 93.91562624 89.2777488
OS 93.91326912 89.26949888
OS 93.90973344 89.2600704
OS 93.8991264 89.24003488
OS 93.8932336 89.2306064
OS 93.88616224 89.22353504
OS 93.88498368 89.22353504
OS 93.88262656 89.22117792
OS 93.87791232 89.2188208
OS 93.87084096 89.21528512
OS 93.86141248 89.21174944
OS 93.84962688 89.20821376
OS 93.83548416 89.20585664
OS 93.81780576 89.20232096
OS 93.81544864 89.20232096
OS 93.80955584 89.2011424
OS 93.79069888 89.2011424
OS 93.76712768 89.19996384
OS 93.75534208 89.2011424
OS 93.74473504 89.20232096
OS 93.74355648 89.20232096
OS 93.7400208 89.20349952
OS 93.73530656 89.20585664
OS 93.72941376 89.20821376
OS 93.72352096 89.21174944
OS 93.71527104 89.21646368
OS 93.70819968 89.22235648
OS 93.69994976 89.22942784
OS 93.69759264 89.23178496
OS 93.6928784 89.2364992
OS 93.68580704 89.24474912
OS 93.67873568 89.25535616
OS 93.67048576 89.2659632
OS 93.6634144 89.27657024
OS 93.65870016 89.28599872
OS 93.65634304 89.29424864
OS 93.65516448 89.2954272
OS 93.65280736 89.29896288
OS 93.64927168 89.30603424
OS 93.645736 89.31074848
OS 93.64220032 89.31664128
OS 93.63748608 89.3248912
OS 93.63159328 89.33431968
OS 93.62570048 89.34610528
OS 93.61745056 89.35906944
OS 93.60920064 89.37439072
OS 93.5985936 89.39206912
OS 93.59741504 89.39324768
OS 93.59623648 89.39678336
OS 93.5927008 89.4014976
OS 93.58916512 89.40974752
OS 93.58327232 89.41799744
OS 93.57737952 89.42860448
OS 93.57148672 89.44156864
OS 93.5632368 89.4545328
OS 93.54673696 89.4839968
OS 93.52788 89.51699648
OS 93.50784448 89.55235328
OS 93.48780896 89.58771008
OS 93.48780896 89.58888864
OS 93.48545184 89.59242432
OS 93.48309472 89.59713856
OS 93.47955904 89.60303136
OS 93.47013056 89.61835264
OS 93.46070208 89.63603104
OS 93.45009504 89.65370944
OS 93.44066656 89.67020928
OS 93.43595232 89.67728064
OS 93.43241664 89.68199488
OS 93.43005952 89.68553056
OS 93.42888096 89.68788768
OS 93.32988192 89.861136
OS 93.32988192 89.86231456
OS 93.3275248 89.86467168
OS 93.32516768 89.86938592
OS 93.321632 89.87410016
OS 93.31809632 89.88117152
OS 93.31338208 89.88942144
OS 93.30159648 89.90945696
OS 93.2862752 89.9318496
OS 93.26977536 89.9554208
OS 93.25209696 89.98134912
OS 93.23324 90.00609888
OS 93.23324 90.00727744
OS 93.23088288 90.008456
OS 93.22852576 90.01199168
OS 93.22499008 90.01670592
OS 93.2155616 90.02849152
OS 93.20495456 90.04263424
OS 93.19316896 90.05913408
OS 93.18138336 90.07563392
OS 93.16959776 90.0909552
OS 93.16016928 90.10391936
OS 93.15899072 90.10509792
OS 93.1566336 90.10981216
OS 93.15427648 90.11570496
OS 93.1507408 90.12277632
OS 93.14838368 90.1322048
OS 93.14720512 90.14163328
OS 93.14720512 90.15106176
OS 93.14956224 90.15931168
OS 93.1507408 90.16049024
OS 93.15309792 90.1616688
OS 93.15545504 90.16402592
OS 93.16016928 90.16638304
OS 93.16606208 90.16874016
OS 93.174312 90.17109728
OS 93.18374048 90.17463296
OS 93.19670464 90.17699008
OS 93.21202592 90.1793472
OS 93.22970432 90.18052576
OS 93.2509184 90.18288288
OS 93.2744896 90.18406144
OS 93.33459616 90.18406144
OS 93.37113152 90.18288288
OE
OB 93.28745376 89.7020304 I
OS 93.29334656 89.69849472
OS 93.30159648 89.69260192
OS 93.30631072 89.68788768
OS 93.3098464 89.68317344
OS 93.31456064 89.67610208
OS 93.31809632 89.66785216
OS 93.32281056 89.65842368
OS 93.32634624 89.64663808
OS 93.32988192 89.63485248
OS 93.33223904 89.6195312
OS 93.33223904 89.61835264
OS 93.3334176 89.61599552
OS 93.3334176 89.61128128
OS 93.33459616 89.60538848
OS 93.33577472 89.59713856
OS 93.33695328 89.58888864
OS 93.33813184 89.5782816
OS 93.34048896 89.566496
OS 93.34284608 89.53938912
OS 93.3452032 89.50992512
OS 93.34638176 89.47692544
OS 93.34756032 89.44156864
OS 93.34756032 89.44039008
OS 93.34756032 89.43567584
OS 93.34756032 89.42860448
OS 93.34873888 89.42035456
OS 93.351096 89.4014976
OS 93.35345312 89.39206912
OS 93.35581024 89.3838192
OS 93.35581024 89.38264064
OS 93.35816736 89.38028352
OS 93.36052448 89.37556928
OS 93.36406016 89.36967648
OS 93.36995296 89.36260512
OS 93.37702432 89.35317664
OS 93.38527424 89.3425696
OS 93.39705984 89.330784
OS 93.3982384 89.32960544
OS 93.40059552 89.32724832
OS 93.4041312 89.32371264
OS 93.40766688 89.3189984
OS 93.41827392 89.30485568
OS 93.43005952 89.28835584
OS 93.44066656 89.27067744
OS 93.4453808 89.26124896
OS 93.44773792 89.25182048
OS 93.45009504 89.24357056
OS 93.4512736 89.23532064
OS 93.45009504 89.22707072
OS 93.44655936 89.21999936
OS 93.4453808 89.2188208
OS 93.44184512 89.21528512
OS 93.43830944 89.21174944
OS 93.4335952 89.20939232
OS 93.4277024 89.20585664
OS 93.42063104 89.20349952
OS 93.41120256 89.19996384
OS 93.40059552 89.19642816
OS 93.38880992 89.19407104
OS 93.3746672 89.19171392
OS 93.35934592 89.1893568
OS 93.34048896 89.18699968
OS 93.32045344 89.18582112
OS 93.27920384 89.18582112
OS 93.2685968 89.18699968
OS 93.25798976 89.18817824
OS 93.23441856 89.19053536
OS 93.20849024 89.19407104
OS 93.18491904 89.19996384
OS 93.174312 89.20349952
OS 93.16488352 89.20821376
OS 93.1566336 89.212928
OS 93.1507408 89.2188208
OS 93.14956224 89.21999936
OS 93.14720512 89.22589216
OS 93.14602656 89.23414208
OS 93.14602656 89.24592768
OS 93.14956224 89.2600704
OS 93.15191936 89.26949888
OS 93.1566336 89.28010592
OS 93.1625264 89.29071296
OS 93.16959776 89.30249856
OS 93.17902624 89.31428416
OS 93.19081184 89.32842688
OS 93.1919904 89.32960544
OS 93.19434752 89.33314112
OS 93.19906176 89.33785536
OS 93.203776 89.34374816
OS 93.20849024 89.35199808
OS 93.21320448 89.360248
OS 93.21791872 89.37085504
OS 93.2214544 89.38028352
OS 93.2214544 89.38146208
OS 93.22263296 89.38617632
OS 93.22381152 89.39442624
OS 93.22499008 89.4014976
OS 93.22616864 89.40856896
OS 93.22616864 89.41681888
OS 93.2273472 89.42624736
OS 93.22852576 89.43803296
OS 93.22970432 89.45099712
OS 93.23088288 89.4663184
OS 93.23088288 89.48281824
OS 93.23206144 89.5016752
OS 93.23324 89.52171072
OS 93.23324 89.52406784
OS 93.23324 89.52996064
OS 93.23441856 89.53821056
OS 93.23441856 89.54999616
OS 93.23559712 89.56413888
OS 93.23677568 89.57946016
OS 93.24148992 89.61245984
OS 93.24738272 89.64545952
OS 93.2509184 89.6607808
OS 93.25563264 89.67492352
OS 93.26152544 89.68670912
OS 93.26741824 89.69495904
OS 93.27331104 89.70085184
OS 93.28156096 89.70320896
OS 93.28273952 89.70320896
OS 93.28745376 89.7020304
OE
OB 92.48721152 89.70556608 I
OS 92.49428288 89.70085184
OS 92.49546144 89.69967328
OS 92.49664 89.69731616
OS 92.49899712 89.69378048
OS 92.50135424 89.68670912
OS 92.50371136 89.67963776
OS 92.50371136 89.66903072
OS 92.5025328 89.65842368
OS 92.49781856 89.64428096
OS 92.49781856 89.6431024
OS 92.49546144 89.63956672
OS 92.49310432 89.6313168
OS 92.4907472 89.625424
OS 92.48956864 89.61835264
OS 92.48721152 89.61010272
OS 92.4848544 89.60067424
OS 92.48249728 89.5900672
OS 92.48014016 89.57710304
OS 92.47778304 89.56178176
OS 92.47542592 89.54528192
OS 92.47189024 89.52642496
OS 92.46953312 89.50638944
OS 92.46953312 89.50521088
OS 92.46835456 89.5016752
OS 92.46835456 89.4957824
OS 92.467176 89.48753248
OS 92.46599744 89.47928256
OS 92.46481888 89.46867552
OS 92.4612832 89.44510432
OS 92.45656896 89.419176
OS 92.45185472 89.3956048
OS 92.4494976 89.3838192
OS 92.44714048 89.37321216
OS 92.4436048 89.36378368
OS 92.44124768 89.35671232
OS 92.44124768 89.35553376
OS 92.44006912 89.35081952
OS 92.437712 89.34492672
OS 92.43653344 89.33785536
OS 92.43299776 89.32371264
OS 92.43299776 89.31781984
OS 92.43299776 89.31428416
OS 92.43417632 89.3131056
OS 92.43535488 89.31074848
OS 92.43889056 89.3072128
OS 92.4436048 89.30249856
OS 92.4494976 89.29660576
OS 92.45892608 89.28835584
OS 92.46953312 89.27892736
OS 92.47071168 89.2777488
OS 92.47189024 89.27657024
OS 92.4789616 89.26949888
OS 92.48956864 89.25889184
OS 92.50017568 89.24474912
OS 92.50960416 89.2306064
OS 92.51785408 89.21528512
OS 92.5202112 89.2070352
OS 92.52138976 89.19996384
OS 92.52138976 89.19289248
OS 92.51903264 89.18582112
OS 92.51785408 89.18464256
OS 92.5143184 89.18110688
OS 92.51078272 89.17874976
OS 92.50606848 89.17639264
OS 92.49899712 89.17403552
OS 92.49192576 89.17049984
OS 92.48249728 89.16814272
OS 92.47189024 89.1657856
OS 92.45892608 89.16342848
OS 92.4436048 89.16107136
OS 92.4259264 89.15871424
OS 92.40589088 89.15635712
OS 92.38349824 89.15517856
OS 92.33635584 89.15517856
OS 92.3257488 89.15635712
OS 92.3139632 89.15635712
OS 92.28685632 89.15871424
OS 92.25974944 89.16224992
OS 92.24560672 89.16460704
OS 92.23382112 89.16696416
OS 92.22321408 89.17049984
OS 92.2137856 89.17403552
OS 92.2078928 89.17874976
OS 92.20317856 89.18464256
OS 92.20317856 89.18582112
OS 92.202 89.19053536
OS 92.202 89.19760672
OS 92.20317856 89.20821376
OS 92.20907136 89.22117792
OS 92.21260704 89.22942784
OS 92.21732128 89.23767776
OS 92.22439264 89.24710624
OS 92.231464 89.25653472
OS 92.24089248 89.26714176
OS 92.25267808 89.27892736
OS 92.25385664 89.28010592
OS 92.2550352 89.28128448
OS 92.25857088 89.28482016
OS 92.26328512 89.2895344
OS 92.27389216 89.30249856
OS 92.28803488 89.3189984
OS 92.3021776 89.33903392
OS 92.31514176 89.36142656
OS 92.32692736 89.38499776
OS 92.33517728 89.40974752
OS 92.33517728 89.41092608
OS 92.33635584 89.41210464
OS 92.33635584 89.41564032
OS 92.3375344 89.42035456
OS 92.34107008 89.43214016
OS 92.34578432 89.44746144
OS 92.35049856 89.4663184
OS 92.35639136 89.48753248
OS 92.36346272 89.51110368
OS 92.37053408 89.53467488
OS 92.38703392 89.5841744
OS 92.39528384 89.60656704
OS 92.40353376 89.62895968
OS 92.41178368 89.6489952
OS 92.42121216 89.66549504
OS 92.42828352 89.67963776
OS 92.43299776 89.684352
OS 92.43653344 89.68906624
OS 92.43889056 89.6902448
OS 92.4436048 89.69378048
OS 92.45067616 89.69731616
OS 92.45892608 89.7020304
OS 92.46835456 89.70556608
OS 92.47778304 89.70674464
OS 92.48721152 89.70556608
OE
OB 96.09360512 89.7020304 I
OS 96.10067648 89.70085184
OS 96.10774784 89.69731616
OS 96.1148192 89.69142336
OS 96.12189056 89.68317344
OS 96.1266048 89.67138784
OS 96.12778336 89.654888
OS 96.12778336 89.65253088
OS 96.12778336 89.64781664
OS 96.12542624 89.63956672
OS 96.12306912 89.6313168
OS 96.11835488 89.62188832
OS 96.11128352 89.6136384
OS 96.10185504 89.60892416
OS 96.08889088 89.60656704
OS 96.08771232 89.60656704
OS 96.08299808 89.6077456
OS 96.07592672 89.60892416
OS 96.06885536 89.61245984
OS 96.061784 89.61835264
OS 96.05471264 89.62660256
OS 96.0499984 89.63838816
OS 96.04881984 89.654888
OS 96.04881984 89.65724512
OS 96.0499984 89.66195936
OS 96.05117696 89.67020928
OS 96.05353408 89.67963776
OS 96.05824832 89.68788768
OS 96.06531968 89.6961376
OS 96.07474816 89.70085184
OS 96.08771232 89.70320896
OS 96.08889088 89.70320896
OS 96.09360512 89.7020304
OE
OB 95.82135776 90.16991872 I
OS 95.8496432 90.16991872
OS 95.87792864 90.16874016
OS 95.89207136 90.1675616
OS 95.90385696 90.16638304
OS 95.914464 90.16520448
OS 95.92271392 90.16402592
OS 95.92507104 90.16402592
OS 95.92978528 90.16284736
OS 95.93685664 90.16049024
OS 95.94628512 90.155776
OS 95.9557136 90.1498832
OS 95.96632064 90.14163328
OS 95.97574912 90.13102624
OS 95.98399904 90.11806208
OS 95.9851776 90.11688352
OS 95.98635616 90.11216928
OS 95.98753472 90.10509792
OS 95.98871328 90.096848
OS 95.98871328 90.08741952
OS 95.98635616 90.07799104
OS 95.98164192 90.06856256
OS 95.97457056 90.06031264
OS 95.973392 90.05913408
OS 95.97103488 90.0555984
OS 95.9674992 90.0497056
OS 95.96396352 90.04027712
OS 95.95924928 90.02849152
OS 95.95689216 90.01317024
OS 95.9557136 89.99431328
OS 95.9557136 89.97074208
OS 95.9557136 89.96956352
OS 95.9557136 89.96838496
OS 95.95689216 89.96367072
OS 95.95689216 89.95895648
OS 95.95924928 89.94599232
OS 95.96278496 89.92949248
OS 95.9674992 89.90945696
OS 95.973392 89.88588576
OS 95.98164192 89.86231456
OS 95.9910704 89.83638624
OS 95.9910704 89.83520768
OS 95.99224896 89.83402912
OS 95.99342752 89.83049344
OS 95.99460608 89.8257792
OS 95.99932032 89.8139936
OS 96.00403456 89.79867232
OS 96.00757024 89.77981536
OS 96.01228448 89.75860128
OS 96.0146416 89.73620864
OS 96.01582016 89.71263744
OS 96.01582016 89.71028032
OS 96.01582016 89.70556608
OS 96.01699872 89.69731616
OS 96.01699872 89.68788768
OS 96.01817728 89.67610208
OS 96.0205344 89.66549504
OS 96.02407008 89.65370944
OS 96.02760576 89.6431024
OS 96.02878432 89.64192384
OS 96.02996288 89.63838816
OS 96.03232 89.63367392
OS 96.03467712 89.62660256
OS 96.03703424 89.61835264
OS 96.0382128 89.60892416
OS 96.04056992 89.59949568
OS 96.04056992 89.58771008
OS 96.04056992 89.58653152
OS 96.04056992 89.58181728
OS 96.04174848 89.57356736
OS 96.04292704 89.56413888
OS 96.0441056 89.55117472
OS 96.04528416 89.53585344
OS 96.04646272 89.51817504
OS 96.04881984 89.49931808
OS 96.04881984 89.49696096
OS 96.0499984 89.49106816
OS 96.05117696 89.48163968
OS 96.05235552 89.46985408
OS 96.05353408 89.44510432
OS 96.05471264 89.43331872
OS 96.05471264 89.42389024
OS 96.05471264 89.42271168
OS 96.05471264 89.42035456
OS 96.05471264 89.41564032
OS 96.05353408 89.40974752
OS 96.05353408 89.4014976
OS 96.05235552 89.39206912
OS 96.0499984 89.38146208
OS 96.04764128 89.36849792
OS 96.04764128 89.36731936
OS 96.04646272 89.36260512
OS 96.04528416 89.35671232
OS 96.04292704 89.35081952
OS 96.04056992 89.34374816
OS 96.03703424 89.3366768
OS 96.03232 89.33196256
OS 96.02760576 89.32842688
OS 96.02760576 89.32724832
OS 96.0264272 89.3248912
OS 96.02524864 89.32017696
OS 96.02289152 89.31428416
OS 96.01699872 89.29896288
OS 96.01562458 89.29575486
OS 96.01817728 89.29660576
OS 96.02878432 89.29778432
OS 96.04056992 89.29660576
OS 96.04646272 89.2954272
OS 96.05117696 89.29189152
OS 96.0558912 89.28717728
OS 96.06060544 89.28128448
OS 96.06060544 89.28010592
OS 96.06060544 89.2777488
OS 96.061784 89.27303456
OS 96.06060544 89.26832032
OS 96.05942688 89.25535616
OS 96.05706976 89.24710624
OS 96.05353408 89.24003488
OS 96.05353408 89.23885632
OS 96.05235552 89.2364992
OS 96.04646272 89.22942784
OS 96.03703424 89.2188208
OS 96.02289152 89.21057088
OS 96.02171296 89.21057088
OS 96.01935584 89.20939232
OS 96.0146416 89.20821376
OS 96.00403456 89.20821376
OS 95.9969632 89.20939232
OS 95.98871328 89.21174944
OS 95.98164192 89.21528512
OS 95.98046336 89.21646368
OS 95.9792848 89.21999936
OS 95.97692768 89.22589216
OS 95.97692768 89.22589216
OS 95.97574912 89.2247136
OS 95.97457056 89.2247136
OS 95.97221344 89.22235648
OS 95.96632064 89.21999936
OS 95.95924928 89.21764224
OS 95.9498208 89.21528512
OS 95.9380352 89.212928
OS 95.92271392 89.21174944
OS 95.90503552 89.21057088
OS 95.8967856 89.21057088
OS 95.88853568 89.21174944
OS 95.87792864 89.212928
OS 95.85435744 89.21646368
OS 95.8437504 89.21999936
OS 95.83550048 89.2247136
OS 95.83432192 89.22589216
OS 95.8319648 89.22824928
OS 95.82842912 89.23178496
OS 95.82371488 89.23885632
OS 95.81782208 89.2482848
OS 95.81075072 89.2600704
OS 95.80367936 89.27421312
OS 95.796608 89.29189152
OS 95.79542944 89.29307008
OS 95.79425088 89.29778432
OS 95.7907152 89.30603424
OS 95.78717952 89.31546272
OS 95.78364384 89.32724832
OS 95.7789296 89.34021248
OS 95.77067968 89.36849792
OS 95.77067968 89.37085504
OS 95.76950112 89.37556928
OS 95.767144 89.38264064
OS 95.76478688 89.39089056
OS 95.75889408 89.41210464
OS 95.7553584 89.42153312
OS 95.75300128 89.4309616
OS 95.75300128 89.43214016
OS 95.75182272 89.43449728
OS 95.7494656 89.44039008
OS 95.74710848 89.44628288
OS 95.7435728 89.4545328
OS 95.73885856 89.46396128
OS 95.73296576 89.47456832
OS 95.7258944 89.48635392
OS 95.72471584 89.48871104
OS 95.72118016 89.49460384
OS 95.71646592 89.50521088
OS 95.71057312 89.52053216
OS 95.70703744 89.52996064
OS 95.70350176 89.53938912
OS 95.69878752 89.55117472
OS 95.69525184 89.56413888
OS 95.6905376 89.5782816
OS 95.68700192 89.59360288
OS 95.68228768 89.61128128
OS 95.67757344 89.62895968
OS 95.67757344 89.63013824
OS 95.67639488 89.63367392
OS 95.67521632 89.63838816
OS 95.67403776 89.64545952
OS 95.67168064 89.654888
OS 95.66932352 89.66431648
OS 95.66343072 89.68788768
OS 95.6551808 89.713816
OS 95.64810944 89.74092288
OS 95.63868096 89.76920832
OS 95.63043104 89.79395808
OS 95.63043104 89.79513664
OS 95.62807392 89.79985088
OS 95.6257168 89.80692224
OS 95.62218112 89.81635072
OS 95.61864544 89.82813632
OS 95.6139312 89.8434576
OS 95.6080384 89.861136
OS 95.6021456 89.88235008
OS 95.6021456 89.88352864
OS 95.60096704 89.8847072
OS 95.60096704 89.88824288
OS 95.59978848 89.89295712
OS 95.5962528 89.90356416
OS 95.59153856 89.91770688
OS 95.58682432 89.93420672
OS 95.58093152 89.95070656
OS 95.57503872 89.96838496
OS 95.56914592 89.9848848
OS 95.56796736 89.98724192
OS 95.5667888 89.99195616
OS 95.56325312 89.99902752
OS 95.55853888 90.008456
OS 95.54793184 90.02967008
OS 95.54086048 90.03909856
OS 95.53378912 90.04734848
OS 95.53261056 90.04852704
OS 95.531432 90.05206272
OS 95.52789632 90.05677696
OS 95.5255392 90.06384832
OS 95.52200352 90.07091968
OS 95.51846784 90.08034816
OS 95.51728928 90.08977664
OS 95.51611072 90.10038368
OS 95.51728928 90.10981216
OS 95.5196464 90.1204192
OS 95.52436064 90.13102624
OS 95.53261056 90.14045472
OS 95.54439616 90.14870464
OS 95.55853888 90.155776
OS 95.57739584 90.1616688
OS 95.58918144 90.16402592
OS 95.60096704 90.16638304
OS 95.60685984 90.16638304
OS 95.61039552 90.1675616
OS 95.62218112 90.1675616
OS 95.63868096 90.16874016
OS 95.65989504 90.16991872
OS 95.68582336 90.16991872
OS 95.71646592 90.17109728
OS 95.79425088 90.17109728
OS 95.82135776 90.16991872
OE
OB 92.7677088 90.15224032 I
OS 92.77831584 90.1498832
OS 92.78892288 90.14516896
OS 92.79835136 90.13927616
OS 92.80542272 90.13102624
OS 92.80660128 90.12984768
OS 92.80777984 90.126312
OS 92.8089584 90.1204192
OS 92.81013696 90.11334784
OS 92.81131552 90.10509792
OS 92.81013696 90.096848
OS 92.80777984 90.08741952
OS 92.8030656 90.0791696
OS 92.80188704 90.07799104
OS 92.79952992 90.07681248
OS 92.7986968 90.07639592
OS 92.79481568 90.0791696
OS 92.77713728 90.08741952
OS 92.76888736 90.0909552
OS 92.76299456 90.09331232
OS 92.75828032 90.09449088
OS 92.75710176 90.09449088
OS 92.73353056 90.09920512
OS 92.70995936 90.10156224
OS 92.6956998 90.10235472
OS 92.69817376 90.09802656
OS 92.70524512 90.0909552
OS 92.7146736 90.0850624
OS 92.72292352 90.08152672
OS 92.72999488 90.07799104
OS 92.73470912 90.07681248
OS 92.73706624 90.07563392
OS 92.75356608 90.07209824
OS 92.7677088 90.07091968
OS 92.77831584 90.07209824
OS 92.78774432 90.0732768
OS 92.79481568 90.07445536
OS 92.7986968 90.07639592
OS 92.8030656 90.0732768
OS 92.81131552 90.06620544
OS 92.81249408 90.06502688
OS 92.8148512 90.06266976
OS 92.81838688 90.05795552
OS 92.82427968 90.05088416
OS 92.83017248 90.04145568
OS 92.83724384 90.02967008
OS 92.84549376 90.01552736
OS 92.85374368 89.99784896
OS 92.85374368 89.9966704
OS 92.85492224 89.99549184
OS 92.8561008 89.99195616
OS 92.85845792 89.98724192
OS 92.86081504 89.98017056
OS 92.86435072 89.9730992
OS 92.8678864 89.96367072
OS 92.87142208 89.95188512
OS 92.87613632 89.94009952
OS 92.88085056 89.9259568
OS 92.88674336 89.90945696
OS 92.89263616 89.89177856
OS 92.89852896 89.8729216
OS 92.90442176 89.85170752
OS 92.91149312 89.82813632
OS 92.91856448 89.80338656
OS 92.91856448 89.802208
OS 92.91974304 89.79749376
OS 92.92210016 89.7904224
OS 92.92563584 89.78099392
OS 92.92799296 89.77038688
OS 92.9327072 89.75742272
OS 92.93624288 89.74328
OS 92.94095712 89.72795872
OS 92.95156416 89.69731616
OS 92.9621712 89.6666736
OS 92.96688544 89.65253088
OS 92.97277824 89.63956672
OS 92.97749248 89.62778112
OS 92.98220672 89.61717408
OS 92.98220672 89.61599552
OS 92.98338528 89.6136384
OS 92.98456384 89.61010272
OS 92.9857424 89.60656704
OS 92.98692096 89.60067424
OS 92.98927808 89.59478144
OS 92.9916352 89.58535296
OS 92.99399232 89.57592448
OS 92.997528 89.56296032
OS 93.00106368 89.54763904
OS 93.00459936 89.5311392
OS 93.0093136 89.51110368
OS 93.01402784 89.48871104
OS 93.01992064 89.46278272
OS 93.01992064 89.46160416
OS 93.0210992 89.45688992
OS 93.02345632 89.44864
OS 93.02581344 89.43921152
OS 93.02817056 89.42742592
OS 93.03170624 89.41446176
OS 93.03642048 89.39914048
OS 93.04113472 89.3838192
OS 93.05174176 89.34964096
OS 93.06352736 89.31664128
OS 93.06942016 89.30014144
OS 93.07649152 89.28482016
OS 93.08356288 89.27067744
OS 93.09063424 89.25889184
OS 93.0918128 89.25653472
OS 93.09652704 89.25064192
OS 93.10241984 89.242392
OS 93.10831264 89.2306064
OS 93.11420544 89.21764224
OS 93.11774112 89.20467808
OS 93.11891968 89.19053536
OS 93.11774112 89.183464
OS 93.115384 89.1775712
OS 93.11420544 89.17639264
OS 93.11184832 89.17521408
OS 93.1094912 89.17403552
OS 93.10477696 89.1716784
OS 93.0977056 89.17049984
OS 93.08945568 89.16814272
OS 93.07884864 89.1657856
OS 93.06588448 89.16342848
OS 93.04938464 89.16107136
OS 93.02934912 89.1598928
OS 93.00695648 89.15753568
OS 92.98102816 89.15635712
OS 92.9503856 89.15517856
OS 92.9150288 89.154
OS 92.84077952 89.154
OS 92.82427968 89.15517856
OS 92.80542272 89.15517856
OS 92.7853872 89.15635712
OS 92.76417312 89.15753568
OS 92.72174496 89.1598928
OS 92.70170944 89.16224992
OS 92.68285248 89.16460704
OS 92.6675312 89.16814272
OS 92.65456704 89.1716784
OS 92.64513856 89.17521408
OS 92.64278144 89.1775712
OS 92.64042432 89.17992832
OS 92.64042432 89.18110688
OS 92.63924576 89.18582112
OS 92.6380672 89.19289248
OS 92.6380672 89.20349952
OS 92.64042432 89.21646368
OS 92.64513856 89.2306064
OS 92.65456704 89.2482848
OS 92.66045984 89.25771328
OS 92.6675312 89.26832032
OS 92.66870976 89.26949888
OS 92.66988832 89.27067744
OS 92.67695968 89.2777488
OS 92.68285248 89.28717728
OS 92.6852096 89.29071296
OS 92.68638816 89.29424864
OS 92.68638816 89.29660576
OS 92.68638816 89.29896288
OS 92.68638816 89.30367712
OS 92.6852096 89.30956992
OS 92.68403104 89.31664128
OS 92.68167392 89.32606976
OS 92.67813824 89.33785536
OS 92.67813824 89.33903392
OS 92.67578112 89.34374816
OS 92.673424 89.34964096
OS 92.66870976 89.35789088
OS 92.65810272 89.37321216
OS 92.65103136 89.38028352
OS 92.64278144 89.38499776
OS 92.64160288 89.38499776
OS 92.6380672 89.38735488
OS 92.6321744 89.38853344
OS 92.62392448 89.39089056
OS 92.61213888 89.39324768
OS 92.59799616 89.39442624
OS 92.5791392 89.39678336
OS 92.5496752 89.39678336
OS 92.54496096 89.39796192
OS 92.53317536 89.39914048
OS 92.5202112 89.40385472
OS 92.50606848 89.40974752
OS 92.49546144 89.419176
OS 92.4907472 89.4250688
OS 92.48721152 89.43214016
OS 92.4848544 89.44039008
OS 92.4848544 89.44981856
OS 92.4848544 89.45217568
OS 92.48603296 89.45688992
OS 92.48839008 89.46513984
OS 92.49428288 89.47456832
OS 92.5025328 89.48517536
OS 92.5084256 89.49106816
OS 92.5143184 89.49696096
OS 92.52256832 89.5016752
OS 92.5319968 89.507568
OS 92.54260384 89.51228224
OS 92.555568 89.51699648
OS 92.55674656 89.51699648
OS 92.55910368 89.51817504
OS 92.56381792 89.52053216
OS 92.56971072 89.52171072
OS 92.57678208 89.52406784
OS 92.585032 89.5252464
OS 92.6027104 89.52642496
OS 92.60624608 89.52642496
OS 92.61096032 89.52760352
OS 92.6203888 89.52760352
OS 92.62392448 89.52642496
OS 92.6262816 89.52642496
OS 92.62746016 89.5252464
OS 92.62746016 89.52642496
OS 92.62746016 89.52760352
OS 92.62863872 89.52996064
OS 92.62863872 89.53467488
OS 92.62863872 89.53938912
OS 92.62746016 89.54646048
OS 92.62746016 89.55588896
OS 92.6262816 89.566496
OS 92.62510304 89.58063872
OS 92.62274592 89.59713856
OS 92.6203888 89.61717408
OS 92.61803168 89.63956672
OS 92.61331744 89.66549504
OS 92.60978176 89.69495904
OS 92.60388896 89.72913728
OS 92.60388896 89.73031584
OS 92.6027104 89.73503008
OS 92.60153184 89.74092288
OS 92.60035328 89.7491728
OS 92.59799616 89.75977984
OS 92.59563904 89.77156544
OS 92.59328192 89.7845296
OS 92.59210336 89.79867232
OS 92.58738912 89.83049344
OS 92.58267488 89.86467168
OS 92.58031776 89.89884992
OS 92.5791392 89.93067104
OS 92.5791392 89.93302816
OS 92.5791392 89.9377424
OS 92.5791392 89.94599232
OS 92.57796064 89.95659936
OS 92.57560352 89.978992
OS 92.5732464 89.98959904
OS 92.57088928 89.99902752
OS 92.57088928 90.00020608
OS 92.56971072 90.0025632
OS 92.56617504 90.01081312
OS 92.5614608 90.0202416
OS 92.55792512 90.02377728
OS 92.55438944 90.02495584
OS 92.55321088 90.0261344
OS 92.55203232 90.02849152
OS 92.55203232 90.0320272
OS 92.55085376 90.03909856
OS 92.55203232 90.04734848
OS 92.55321088 90.06031264
OS 92.555568 90.07681248
OS 92.55674656 90.07799104
OS 92.55910368 90.08034816
OS 92.56381792 90.0850624
OS 92.57088928 90.08977664
OS 92.58149632 90.09449088
OS 92.59446048 90.09920512
OS 92.61213888 90.10156224
OS 92.6321744 90.10391936
OS 92.66988832 90.10391936
OS 92.68874528 90.1027408
OS 92.6956998 90.10235472
OS 92.69345952 90.10627648
OS 92.6911024 90.11688352
OS 92.6911024 90.11806208
OS 92.69228096 90.12277632
OS 92.69345952 90.12866912
OS 92.6969952 90.13456192
OS 92.702888 90.14163328
OS 92.71231648 90.14752608
OS 92.72410208 90.15224032
OS 92.74060192 90.15459744
OS 92.75710176 90.15459744
OS 92.7677088 90.15224032
OE
OB 95.3016128 90.15459744 I
OS 95.32164832 90.15459744
OS 95.34168384 90.15341888
OS 95.36289792 90.15224032
OS 95.40532608 90.14752608
OS 95.4253616 90.14516896
OS 95.44421856 90.14281184
OS 95.4607184 90.13927616
OS 95.47368256 90.13456192
OS 95.48311104 90.12984768
OS 95.48546816 90.126312
OS 95.48782528 90.12395488
OS 95.48900384 90.12277632
OS 95.48900384 90.11806208
OS 95.4901824 90.11099072
OS 95.48900384 90.10156224
OS 95.48664672 90.08859808
OS 95.48075392 90.0732768
OS 95.47603968 90.06502688
OS 95.47014688 90.0555984
OS 95.46307552 90.04616992
OS 95.4548256 90.03556288
OS 95.42064736 89.99902752
OS 95.42064736 89.63485248
OS 95.42064736 89.63367392
OS 95.42064736 89.6313168
OS 95.42064736 89.625424
OS 95.42064736 89.6195312
OS 95.42064736 89.61128128
OS 95.42064736 89.6018528
OS 95.42064736 89.5900672
OS 95.42064736 89.5782816
OS 95.42064736 89.54999616
OS 95.42182592 89.5193536
OS 95.42182592 89.48635392
OS 95.42300448 89.45217568
OS 95.42300448 89.41799744
OS 95.42418304 89.38499776
OS 95.4253616 89.35317664
OS 95.42771872 89.3248912
OS 95.42771872 89.31192704
OS 95.42889728 89.30014144
OS 95.43007584 89.2895344
OS 95.4312544 89.28128448
OS 95.43243296 89.27421312
OS 95.43361152 89.26832032
OS 95.43479008 89.26478464
OS 95.43596864 89.26242752
OS 95.4371472 89.26242752
OS 95.43832576 89.2600704
OS 95.44068288 89.25771328
OS 95.44421856 89.2541776
OS 95.44775424 89.24710624
OS 95.45011136 89.24003488
OS 95.45128992 89.22942784
OS 95.45246848 89.21646368
OS 95.45246848 89.21528512
OS 95.45246848 89.21174944
OS 95.45128992 89.2070352
OS 95.45011136 89.20232096
OS 95.44657568 89.19053536
OS 95.44186144 89.18582112
OS 95.4371472 89.183464
OS 95.43596864 89.183464
OS 95.43479008 89.18228544
OS 95.42771872 89.18228544
OS 95.41593312 89.18110688
OS 95.4017904 89.183464
OS 95.39943328 89.183464
OS 95.39471904 89.18464256
OS 95.38764768 89.18699968
OS 95.37939776 89.18817824
OS 95.37704064 89.18817824
OS 95.37468352 89.1893568
OS 95.36996928 89.1893568
OS 95.36525504 89.19053536
OS 95.35818368 89.19171392
OS 95.35111232 89.19289248
OS 95.34168384 89.19407104
OS 95.34050528 89.19407104
OS 95.3369696 89.1952496
OS 95.33225536 89.1952496
OS 95.325184 89.19642816
OS 95.30986272 89.19760672
OS 95.29100576 89.19996384
OS 95.28157728 89.19996384
OS 95.27450592 89.2011424
OS 95.266256 89.2011424
OS 95.25800608 89.20232096
OS 95.23561344 89.20467808
OS 95.22105416 89.2061335
OS 95.22382784 89.2011424
OS 95.2250064 89.1952496
OS 95.2250064 89.1893568
OS 95.2250064 89.18817824
OS 95.22264928 89.183464
OS 95.21793504 89.17874976
OS 95.21086368 89.1716784
OS 95.20025664 89.1657856
OS 95.18611392 89.1598928
OS 95.177864 89.15753568
OS 95.16725696 89.15517856
OS 95.15664992 89.154
OS 95.13543584 89.154
OS 95.12836448 89.15517856
OS 95.1130432 89.15635712
OS 95.09654336 89.16107136
OS 95.07886496 89.16696416
OS 95.0717936 89.1716784
OS 95.06472224 89.17639264
OS 95.060008 89.183464
OS 95.05647232 89.19053536
OS 95.0541152 89.19878528
OS 95.0541152 89.20821376
OS 95.0541152 89.21057088
OS 95.05529376 89.21528512
OS 95.060008 89.22235648
OS 95.06236512 89.22707072
OS 95.06707936 89.23178496
OS 95.06825792 89.23296352
OS 95.07297216 89.23532064
OS 95.08004352 89.23885632
OS 95.09065056 89.24121344
OS 95.10479328 89.24357056
OS 95.11915698 89.24452814
OS 95.12600736 89.23767776
OS 95.13190016 89.23296352
OS 95.13779296 89.22942784
OS 95.14132864 89.22707072
OS 95.1425072 89.22589216
OS 95.16372128 89.21764224
OS 95.18729248 89.21174944
OS 95.21204224 89.2070352
OS 95.22105416 89.2061335
OS 95.21793504 89.21174944
OS 95.20968512 89.21999936
OS 95.20025664 89.22589216
OS 95.1896496 89.23178496
OS 95.18139968 89.23532064
OS 95.17550688 89.2364992
OS 95.17432832 89.23767776
OS 95.17314976 89.23767776
OS 95.15900704 89.24003488
OS 95.14604288 89.242392
OS 95.13307872 89.24357056
OS 95.12247168 89.24474912
OS 95.11915698 89.24452814
OS 95.118936 89.24474912
OS 95.11186464 89.25182048
OS 95.10479328 89.26124896
OS 95.10007904 89.271856
OS 95.10007904 89.27303456
OS 95.10007904 89.27421312
OS 95.09890048 89.27892736
OS 95.09772192 89.28599872
OS 95.09654336 89.29778432
OS 95.0953648 89.31192704
OS 95.09418624 89.32135552
OS 95.09418624 89.33196256
OS 95.09300768 89.3425696
OS 95.09182912 89.35671232
OS 95.09065056 89.37085504
OS 95.089472 89.38617632
OS 95.089472 89.40385472
OS 95.08829344 89.42389024
OS 95.08711488 89.44510432
OS 95.08475776 89.46749696
OS 95.0835792 89.49224672
OS 95.08240064 89.5193536
OS 95.08122208 89.5488176
OS 95.08004352 89.57946016
OS 95.07886496 89.61245984
OS 95.07650784 89.64781664
OS 95.07532928 89.68670912
OS 95.07415072 89.72678016
OS 95.0717936 89.76920832
OS 95.07061504 89.81517216
OS 95.07061504 89.81635072
OS 95.07061504 89.82106496
OS 95.07061504 89.82813632
OS 95.06943648 89.8375648
OS 95.06943648 89.8493504
OS 95.06943648 89.86231456
OS 95.06707936 89.8906
OS 95.0659008 89.920064
OS 95.06472224 89.949528
OS 95.06354368 89.9613136
OS 95.06236512 89.9730992
OS 95.06118656 89.98252768
OS 95.060008 89.98959904
OS 95.060008 89.9907776
OS 95.05882944 89.99549184
OS 95.05765088 90.00020608
OS 95.05529376 90.00727744
OS 95.0482224 90.02142016
OS 95.04350816 90.02849152
OS 95.03761536 90.03320576
OS 95.0364368 90.03556288
OS 95.03172256 90.04027712
OS 95.0246512 90.04734848
OS 95.0187584 90.05795552
OS 95.01168704 90.06974112
OS 95.0069728 90.08270528
OS 95.00461568 90.096848
OS 95.00461568 90.10391936
OS 95.00579424 90.11099072
OS 95.00579424 90.11216928
OS 95.00815136 90.11570496
OS 95.01050848 90.12159776
OS 95.01640128 90.12866912
OS 95.02347264 90.13456192
OS 95.03407968 90.14163328
OS 95.04704384 90.14634752
OS 95.06354368 90.1498832
OS 95.06943648 90.1498832
OS 95.07415072 90.15106176
OS 95.08004352 90.15106176
OS 95.08711488 90.15224032
OS 95.0953648 90.15224032
OS 95.10597184 90.15341888
OS 95.13190016 90.15341888
OS 95.14604288 90.15459744
OS 95.16372128 90.15459744
OS 95.18257824 90.155776
OS 95.28511296 90.155776
OS 95.3016128 90.15459744
OE
OB 93.91209056 90.18641856 I
OS 93.9226976 90.18641856
OS 93.93566176 90.18524
OS 93.96276864 90.18288288
OS 93.98987552 90.1793472
OS 94.00283968 90.17699008
OS 94.01580384 90.17463296
OS 94.02641088 90.17109728
OS 94.03583936 90.1675616
OS 94.04173216 90.16402592
OS 94.0464464 90.15931168
OS 94.0464464 90.15813312
OS 94.04762496 90.15341888
OS 94.04880352 90.14516896
OS 94.0464464 90.13456192
OS 94.04291072 90.12159776
OS 94.03937504 90.11334784
OS 94.0346608 90.10509792
OS 94.02994656 90.096848
OS 94.0228752 90.08741952
OS 94.01462528 90.07799104
OS 94.00401824 90.067384
OS 94.00166112 90.06502688
OS 93.99694688 90.06031264
OS 93.98987552 90.05324128
OS 93.98044704 90.0438128
OS 93.97219712 90.03438432
OS 93.96276864 90.02377728
OS 93.95687584 90.01552736
OS 93.9521616 90.00727744
OS 93.9521616 90.00609888
OS 93.95098304 90.00374176
OS 93.94980448 89.99784896
OS 93.94980448 89.98959904
OS 93.94862592 89.97663488
OS 93.94744736 89.9613136
OS 93.9462688 89.95188512
OS 93.9462688 89.94009952
OS 93.9462688 89.92831392
OS 93.9462688 89.91534976
OS 93.9462688 89.9141712
OS 93.9462688 89.90945696
OS 93.9462688 89.90356416
OS 93.9462688 89.89531424
OS 93.94509024 89.88588576
OS 93.94391168 89.87410016
OS 93.94155456 89.85052896
OS 93.93684032 89.82695776
OS 93.9344832 89.81635072
OS 93.93094752 89.80574368
OS 93.92623328 89.79749376
OS 93.92151904 89.79160096
OS 93.91562624 89.78688672
OS 93.90973344 89.78570816
OS 93.90855488 89.78570816
OS 93.90384064 89.78806528
OS 93.90030496 89.7904224
OS 93.89676928 89.79395808
OS 93.8932336 89.79867232
OS 93.88851936 89.80456512
OS 93.88380512 89.81281504
OS 93.87909088 89.82224352
OS 93.87437664 89.83402912
OS 93.86848384 89.8493504
OS 93.8637696 89.86585024
OS 93.85905536 89.88588576
OS 93.85434112 89.90945696
OS 93.84962688 89.93538528
OS 93.84962688 89.9377424
OS 93.84726976 89.94245664
OS 93.84491264 89.949528
OS 93.84255552 89.95895648
OS 93.83784128 89.96956352
OS 93.8343056 89.98134912
OS 93.82369856 90.00492032
OS 93.82369856 90.00609888
OS 93.82134144 90.00963456
OS 93.81780576 90.01552736
OS 93.81427008 90.02377728
OS 93.80955584 90.0320272
OS 93.80248448 90.04145568
OS 93.7871632 90.0614912
OS 93.78598464 90.06266976
OS 93.78480608 90.06502688
OS 93.7812704 90.06856256
OS 93.77655616 90.0732768
OS 93.76712768 90.08624096
OS 93.75534208 90.10156224
OS 93.74473504 90.11924064
OS 93.73648512 90.13574048
OS 93.734128 90.1439904
OS 93.73294944 90.15106176
OS 93.73294944 90.15813312
OS 93.734128 90.16402592
OS 93.73530656 90.16520448
OS 93.73884224 90.1675616
OS 93.74119936 90.16991872
OS 93.7459136 90.17227584
OS 93.7518064 90.17463296
OS 93.75887776 90.17699008
OS 93.76830624 90.1793472
OS 93.77891328 90.18170432
OS 93.79069888 90.18288288
OS 93.80602016 90.18524
OS 93.82252 90.18641856
OS 93.84255552 90.18759712
OS 93.90266208 90.18759712
OS 93.91209056 90.18641856
OE
OB 96.25978208 90.16991872 I
OS 96.27038912 90.16874016
OS 96.29513888 90.16638304
OS 96.3210672 90.1616688
OS 96.34581696 90.155776
OS 96.356424 90.15106176
OS 96.36467392 90.14634752
OS 96.37292384 90.14045472
OS 96.37763808 90.13456192
OS 96.37881664 90.13338336
OS 96.3799952 90.12749056
OS 96.3799952 90.11924064
OS 96.37763808 90.10627648
OS 96.37528096 90.09920512
OS 96.37174528 90.08977664
OS 96.36585248 90.08034816
OS 96.35878112 90.06974112
OS 96.3505312 90.05795552
OS 96.33992416 90.04499136
OS 96.32696 90.03084864
OS 96.31163872 90.01552736
OS 96.31046016 90.0143488
OS 96.30692448 90.01081312
OS 96.30103168 90.00492032
OS 96.29396032 89.99784896
OS 96.2857104 89.98842048
OS 96.27746048 89.97781344
OS 96.2621392 89.9554208
OS 96.26096064 89.95424224
OS 96.25860352 89.949528
OS 96.25506784 89.94127808
OS 96.24917504 89.92949248
OS 96.24210368 89.91299264
OS 96.23385376 89.89295712
OS 96.23031808 89.88117152
OS 96.22560384 89.86820736
OS 96.21971104 89.85406464
OS 96.2149968 89.83874336
OS 96.2149968 89.8375648
OS 96.21381824 89.83402912
OS 96.21146112 89.82813632
OS 96.21028256 89.8198864
OS 96.20674688 89.81163648
OS 96.2032112 89.80102944
OS 96.19613984 89.77981536
OS 96.18671136 89.75860128
OS 96.18081856 89.74799424
OS 96.17610432 89.73974432
OS 96.17021152 89.7314944
OS 96.16431872 89.7256016
OS 96.15842592 89.72206592
OS 96.15253312 89.72088736
OS 96.14781888 89.72088736
OS 96.14192608 89.72324448
OS 96.13485472 89.7256016
OS 96.12778336 89.72913728
OS 96.120712 89.73503008
OS 96.11364064 89.74328
OS 96.1089264 89.7550656
OS 96.1089264 89.75624416
OS 96.10774784 89.7609584
OS 96.10656928 89.7668512
OS 96.10656928 89.77510112
OS 96.10656928 89.78335104
OS 96.1089264 89.79395808
OS 96.11246208 89.80338656
OS 96.11835488 89.81163648
OS 96.11835488 89.81281504
OS 96.11953344 89.81517216
OS 96.12189056 89.82106496
OS 96.12424768 89.83049344
OS 96.12424768 89.83638624
OS 96.12542624 89.84463616
OS 96.1266048 89.85288608
OS 96.12778336 89.86349312
OS 96.12778336 89.87527872
OS 96.12896192 89.88824288
OS 96.12896192 89.90356416
OS 96.12896192 89.92124256
OS 96.12896192 89.92242112
OS 96.12896192 89.92477824
OS 96.12896192 89.92713536
OS 96.12896192 89.9318496
OS 96.12896192 89.9436352
OS 96.12778336 89.95659936
OS 96.12778336 89.97192064
OS 96.1266048 89.9848848
OS 96.12542624 89.99784896
OS 96.12306912 90.00609888
OS 96.12306912 90.00727744
OS 96.12189056 90.00963456
OS 96.120712 90.01199168
OS 96.11835488 90.01670592
OS 96.11128352 90.02731296
OS 96.10539072 90.03320576
OS 96.09949792 90.03909856
OS 96.09831936 90.04027712
OS 96.09360512 90.04499136
OS 96.08771232 90.0497056
OS 96.0794624 90.05795552
OS 96.07239104 90.06502688
OS 96.06531968 90.07445536
OS 96.05942688 90.08270528
OS 96.0558912 90.08977664
OS 96.0558912 90.0909552
OS 96.0558912 90.09331232
OS 96.0558912 90.09802656
OS 96.0558912 90.1027408
OS 96.05706976 90.10981216
OS 96.05942688 90.11688352
OS 96.06296256 90.12513344
OS 96.0676768 90.13456192
OS 96.06885536 90.13574048
OS 96.07474816 90.14045472
OS 96.07828384 90.14281184
OS 96.08417664 90.14634752
OS 96.091248 90.1498832
OS 96.09949792 90.15341888
OS 96.1089264 90.155776
OS 96.120712 90.15931168
OS 96.13367616 90.16284736
OS 96.14899744 90.16520448
OS 96.16549728 90.1675616
OS 96.18435424 90.16991872
OS 96.20556832 90.17109728
OS 96.24917504 90.17109728
OS 96.25978208 90.16991872
OE
OB 100.43659872 90.10391936 H
OS 100.43659872 90.10038368
OS 100.43659872 90.08741952
OS 100.43777728 90.07681248
OS 100.43895584 90.067384
OS 100.44131296 90.05913408
OS 100.4460272 90.04499136
OS 100.45192 90.03438432
OS 100.45663424 90.02849152
OS 100.46016992 90.02495584
OS 100.46134848 90.02377728
OS 100.46134848 90.02259872
OS 100.46134848 90.01788448
OS 100.46016992 90.01081312
OS 100.45859766 90.00609888
OS 100.45899136 90.00609888
OS 100.46606272 90.00727744
OS 100.4695984 90.008456
OS 100.47077696 90.00963456
OS 100.47313408 90.0143488
OS 100.47431264 90.01906304
OS 100.47431264 90.02967008
OS 100.47195552 90.04145568
OS 100.46724128 90.05441984
OS 100.46134848 90.06620544
OS 100.45663424 90.07563392
OS 100.45192 90.08152672
OS 100.45074144 90.08388384
OS 100.44367008 90.09331232
OS 100.43777728 90.1027408
OS 100.43659872 90.10391936
OE
OB 96.7693137 89.27460682 H
OS 96.76420576 89.26949888
OS 96.75949152 89.26242752
OS 96.7571344 89.25535616
OS 96.75595584 89.2482848
OS 96.75477728 89.24357056
OS 96.75477728 89.242392
OS 96.75480522 89.24208974
OS 96.75595584 89.24357056
OS 96.76184864 89.25653472
OS 96.76774144 89.27067744
OS 96.7693137 89.27460682
OE
OB 96.01562458 89.29575486 H
OS 96.00757024 89.29307008
OS 95.99932032 89.28835584
OS 95.99342752 89.28482016
OS 95.9910704 89.2836416
OS 95.98282048 89.26832032
OS 95.97810624 89.25535616
OS 95.97574912 89.24357056
OS 95.97574912 89.23414208
OS 95.97692768 89.22589216
OS 95.9792848 89.22824928
OS 95.98399904 89.23296352
OS 95.98871328 89.24003488
OS 95.99342752 89.24710624
OS 96.00167744 89.26360608
OS 96.00992736 89.28246304
OS 96.01562458 89.29575486
OE
OB 98.42075566 90.13439428 H
OS 98.42243968 90.13338336
OS 98.42351156 90.13317
OS 98.42075566 90.13439428
OE
OB 97.7471248 90.10391936 H
OS 97.7471248 90.10038368
OS 97.7471248 90.08741952
OS 97.74830336 90.07681248
OS 97.74948192 90.067384
OS 97.75183904 90.05913408
OS 97.75655328 90.04499136
OS 97.76244608 90.03438432
OS 97.76716032 90.02849152
OS 97.770696 90.02495584
OS 97.77187456 90.02377728
OS 97.77187456 90.02259872
OS 97.77187456 90.01788448
OS 97.770696 90.01081312
OS 97.76912374 90.00609888
OS 97.76951744 90.00609888
OS 97.7765888 90.00727744
OS 97.78012448 90.008456
OS 97.78130304 90.00963456
OS 97.78366016 90.0143488
OS 97.78483872 90.01906304
OS 97.78483872 90.02967008
OS 97.7824816 90.04145568
OS 97.77776736 90.05441984
OS 97.77187456 90.06620544
OS 97.76716032 90.07563392
OS 97.76244608 90.08152672
OS 97.76126752 90.08388384
OS 97.75419616 90.09331232
OS 97.74830336 90.1027408
OS 97.7471248 90.10391936
OE
SE
S P 0
OB 93.87708936 66.21919446 I
OS 93.88556026 66.21189704
OS 93.89323868 66.20051276
OS 93.8973992 66.18557756
OS 93.8971325 66.18421612
OS 93.8971706 66.17714476
OS 93.89668038 66.16735052
OS 93.89513098 66.15211052
OS 93.8925224 66.13142476
OS 93.88912134 66.10665722
OS 93.8862105 66.09168138
OS 93.88439694 66.07507994
OS 93.88122194 66.0587452
OS 93.87751608 66.03968504
OS 93.84232184 65.85862368
OS 93.73072948 65.87325154
OS 93.68308162 65.88251492
OS 93.66455232 65.88894112
OS 93.64900752 65.89620044
OS 93.64136974 65.90051082
OS 93.6364523 65.90429288
OS 93.63180156 65.90943384
OS 93.6298737 65.91404902
OS 93.62851226 65.91431318
OS 93.62741498 65.91593878
OS 93.62030552 65.92297204
OS 93.60911174 65.93080032
OS 93.59871044 65.94271038
OS 93.58668608 65.9535257
OS 93.57791292 65.96653304
OS 93.57295738 65.97738392
OS 93.57102952 65.9819991
OS 93.571822 65.98608342
OS 93.57208616 65.98744486
OS 93.57397846 65.98990104
OS 93.57802468 65.99617992
OS 93.58505794 66.00328938
OS 93.59670384 66.0123267
OS 93.6102395 66.02382528
OS 93.62975178 66.03698502
OS 93.64249496 66.04439674
OS 93.65523814 66.051811
OS 93.65686374 66.05290828
OS 93.66038164 66.05646174
OS 93.66442786 66.06274062
OS 93.66983298 66.0687528
OS 93.68117662 66.08350004
OS 93.6838614 66.09004308
OS 93.68628202 66.09522468
OS 93.68654618 66.09658612
OS 93.68817178 66.09768086
OS 93.6905924 66.10286246
OS 93.69626422 66.11023608
OS 93.70545394 66.1211657
OS 93.71842318 66.13701276
OS 93.72708204 66.14521696
OS 93.73626922 66.15614658
OS 93.74844598 66.16790932
OS 93.7608869 66.18103096
OS 93.7625125 66.18212824
OS 93.76602786 66.1856817
OS 93.77226864 66.18870938
OS 93.7790352 66.1944574
OS 93.79854748 66.20761714
OS 93.82187992 66.21862296
OS 93.83382808 66.22195036
OS 93.84577878 66.2252803
OS 93.85719862 66.22588482
OS 93.86809014 66.223769
OS 93.87708936 66.21919446
OE
OB 93.41988682 67.12324904 I
OS 93.65135702 67.07119174
OS 93.59975438 66.80572618
OS 93.59949022 66.80436474
OS 93.59843104 66.79891898
OS 93.59657938 66.78939144
OS 93.59419686 66.77713848
OS 93.59128602 66.76216264
OS 93.5875827 66.74310502
OS 93.58198708 66.72158614
OS 93.57722458 66.69708276
OS 93.57030562 66.66875922
OS 93.56448394 66.63880754
OS 93.5565058 66.60503824
OS 93.54826604 66.5699075
OS 93.53949542 66.53205388
OS 93.53019394 66.49147992
OS 93.52063084 66.44954198
OS 93.50917544 66.40514532
OS 93.50864458 66.40242244
OS 93.50705708 66.3942538
OS 93.50357982 66.38362898
OS 93.49904338 66.36755586
OS 93.49424024 66.35012384
OS 93.48864716 66.3286075
OS 93.48305154 66.30708862
OS 93.47609448 66.28583644
OS 93.46887326 66.26322282
OS 93.4619162 66.24197064
OS 93.45386186 66.22234406
OS 93.44743566 66.20381476
OS 93.43907906 66.1898981
OS 93.43261222 66.17844016
OS 93.42557896 66.1713307
OS 93.42259192 66.17049758
OS 93.41960488 66.16966446
OS 93.42096632 66.1694003
OS 93.4220636 66.1677747
OS 93.42316088 66.1661491
OS 93.42482458 66.16017502
OS 93.42350124 66.15336782
OS 93.42138542 66.1424763
OS 93.4157517 66.12803132
OS 93.41253606 66.1187654
OS 93.40769736 66.10840474
OS 93.4074332 66.1070433
OS 93.4058076 66.10594602
OS 93.40285866 66.09804154
OS 93.39639182 66.0865836
OS 93.39099686 66.0782143
OS 93.39370704 66.0800431
OS 93.40701918 66.08310634
OS 93.42225664 66.08155694
OS 93.42906384 66.0802336
OS 93.43670416 66.07592322
OS 93.44434194 66.07161284
OS 93.4514514 66.06457958
OS 93.45803254 66.05482344
OS 93.46109578 66.04151384
OS 93.45954638 66.02627384
OS 93.45928222 66.0249124
OS 93.45822304 66.01946664
OS 93.45391266 66.01182632
OS 93.44960228 66.00418854
OS 93.44256902 65.99707908
OS 93.43281288 65.99049794
OS 93.41950328 65.9874347
OS 93.40426328 65.9889841
OS 93.40290184 65.98924826
OS 93.39772024 65.99166888
OS 93.3898183 65.99461782
OS 93.38217798 65.9989282
OS 93.37506852 66.00596146
OS 93.36848992 66.0157176
OS 93.36542414 66.0290272
OS 93.36693798 66.04391414
OS 93.35668908 66.03496318
OS 93.34504318 66.02592586
OS 93.34341758 66.02482858
OS 93.34043054 66.023998
OS 93.33418976 66.02097032
OS 93.32522864 66.01847604
OS 93.30594242 66.01374656
OS 93.29561986 66.0115139
OS 93.28446418 66.01227082
OS 93.28037986 66.01306584
OS 93.27466994 66.01276104
OS 93.26759858 66.01272294
OS 93.2531917 66.0112853
OS 93.24585364 66.00988576
OS 93.23987956 66.00822206
OS 93.23825396 66.00712478
OS 93.23364132 66.00519692
OS 93.2263058 66.00379738
OS 93.21325782 66.00209304
OS 93.19612806 66.00118626
OS 93.18633382 66.00167648
OS 93.1738167 66.00269756
OS 93.16129958 66.0037161
OS 93.10276274 66.0150953
OS 93.0962197 66.01778008
OS 93.08014912 66.02231652
OS 93.06161728 66.02874526
OS 93.0403651 66.03570232
OS 93.02236666 66.0448514
OS 93.00735272 66.0548336
OS 93.00134054 66.06024126
OS 92.9980487 66.06511806
OS 92.99695142 66.06674366
OS 92.996385 66.07109214
OS 92.99608274 66.0768046
OS 92.9979344 66.08633214
OS 93.00141166 66.0969595
OS 93.00678122 66.11004304
OS 93.0178607 66.12343138
OS 93.02489396 66.13054084
OS 93.03355282 66.13874758
OS 93.03544258 66.14120376
OS 93.03922464 66.1461212
OS 93.04190942 66.15266424
OS 93.04674812 66.1630249
OS 93.052646 66.17883132
OS 93.05586164 66.18809724
OS 93.0593389 66.19872206
OS 93.06172142 66.21097502
OS 93.06572954 66.22432526
OS 93.0659937 66.2256867
OS 93.06652202 66.22840958
OS 93.0675812 66.2338528
OS 93.07026598 66.24039584
OS 93.07211764 66.24992592
OS 93.07476432 66.26354032
OS 93.0790366 66.27824946
OS 93.08273992 66.29730962
OS 93.0869741 66.31909012
OS 93.09336474 66.34469078
OS 93.09891972 66.37328102
OS 93.10527226 66.40595304
OS 93.11377872 66.44244522
OS 93.12171622 66.48328588
OS 93.13044874 66.52821086
OS 93.13997628 66.57722016
OS 93.2214798 66.99651828
OS 93.18944786 67.03523804
OS 93.18971202 67.03659948
OS 93.1872533 67.03849178
OS 93.18176944 67.04661978
OS 93.17571916 67.0590988
OS 93.16883576 67.07456486
OS 93.16248068 67.0927538
OS 93.16021246 67.11014772
OS 93.16043852 67.11858052
OS 93.16066458 67.12701332
OS 93.16334936 67.13355636
OS 93.16765974 67.14119668
OS 93.16928534 67.14229142
OS 93.1711751 67.14475014
OS 93.17552358 67.14531656
OS 93.18040292 67.1486084
OS 93.18773844 67.15000794
OS 93.19779684 67.15087916
OS 93.20948084 67.15284512
OS 93.22362356 67.15292132
OS 93.24048916 67.1524692
OS 93.26143908 67.15122206
OS 93.28511188 67.1494466
OS 93.31260484 67.14551468
OS 93.37931032 67.13254798
OS 93.41988682 67.12324904
OE
OB 93.75614218 67.05788722 I
OS 93.76676954 67.05440996
OS 93.77985308 67.0490404
OS 93.79811822 67.04125022
OS 93.8213008 67.02968052
OS 93.848301 67.0159569
OS 93.8788572 66.99871538
OS 93.88021864 66.99844868
OS 93.88403626 66.99629476
OS 93.8889537 66.9925127
OS 93.89523004 66.98846648
OS 93.90396764 66.9825305
OS 93.91406414 66.97633036
OS 93.93509026 66.9609405
OS 93.95585222 66.9441892
OS 93.97581916 66.92335358
OS 93.98512318 66.91306912
OS 93.99306322 66.90304882
OS 93.9993802 66.89193124
OS 94.00297176 66.88134452
OS 94.00380488 66.87835748
OS 94.00520442 66.87101942
OS 94.00690622 66.85797398
OS 94.00917698 66.84058006
OS 94.00929128 66.81936598
OS 94.00834894 66.79270614
OS 94.003622 66.76112886
OS 93.99538224 66.72599812
OS 93.99511808 66.72463668
OS 93.99458722 66.7219138
OS 93.9921666 66.71673474
OS 93.99110996 66.71128898
OS 93.98521208 66.69548256
OS 93.97632462 66.67884302
OS 93.9658141 66.6611062
OS 93.95310902 66.64662312
OS 93.94524264 66.6425007
OS 93.9373788 66.63837828
OS 93.92868184 66.6372429
OS 93.9188876 66.63773312
OS 93.91344184 66.6387923
OS 93.9068988 66.64147708
OS 93.89926102 66.64578746
OS 93.8916207 66.65009784
OS 93.8831498 66.65739526
OS 93.87494306 66.66605412
OS 93.86862862 66.6771717
OS 93.86753134 66.6787973
OS 93.86696492 66.68314578
OS 93.86393978 66.68938656
OS 93.8611788 66.69698624
OS 93.8575847 66.7075755
OS 93.8539906 66.71816222
OS 93.85005614 66.74153276
OS 93.85032284 66.7428942
OS 93.84975388 66.74724268
OS 93.84809018 66.75321676
OS 93.84559336 66.76217788
OS 93.84336324 66.77250298
OS 93.8384077 66.78335386
OS 93.83235742 66.79583288
OS 93.82520732 66.8099375
OS 93.82411258 66.8115631
OS 93.82082074 66.81644244
OS 93.81643416 66.82294484
OS 93.80985302 66.83270098
OS 93.80191298 66.84272128
OS 93.79124752 66.85327244
OS 93.77812588 66.86571336
OS 93.76473754 66.8767903
OS 93.7633761 66.877057
OS 93.76227882 66.8786826
OS 93.75354376 66.88461858
OS 93.74234998 66.89244432
OS 93.72896418 66.9035238
OS 93.71447856 66.91622888
OS 93.70135692 66.9286698
OS 93.68823528 66.94111072
OS 93.67945958 66.95411806
OS 93.6783623 66.95574366
OS 93.67643444 66.9603563
OS 93.67477074 66.96633292
OS 93.67227392 66.97529404
OS 93.6716694 66.98671388
OS 93.6713265 66.99949516
OS 93.67397318 67.01310956
OS 93.6796069 67.02755454
OS 93.68149666 67.03001326
OS 93.68501456 67.03356672
OS 93.69068638 67.04094288
OS 93.69908108 67.04778818
OS 93.70883722 67.05436678
OS 93.7213137 67.0604196
OS 93.73436168 67.0621214
OS 93.74824024 67.06083616
OS 93.75096312 67.06030784
OS 93.75614218 67.05788722
OE
OB 93.81504478 66.67769748 I
OS 93.81806992 66.67145924
OS 93.82109506 66.66521846
OS 93.82385604 66.65761878
OS 93.8260887 66.64729622
OS 93.82831882 66.63697112
OS 93.82866172 66.62418984
OS 93.82813086 66.62146696
OS 93.8279048 66.61303416
OS 93.82661956 66.5991556
OS 93.82427768 66.57983382
OS 93.82087662 66.55506374
OS 93.81668054 66.52621188
OS 93.81116112 66.49055028
OS 93.80348778 66.45107106
OS 93.80322108 66.44970962
OS 93.8024286 66.4456253
OS 93.80110526 66.4388181
OS 93.79951776 66.430652
OS 93.7976661 66.42112192
OS 93.79528358 66.40886896
OS 93.78862878 66.38190686
OS 93.7830738 66.35331916
OS 93.77589068 66.32363164
OS 93.7681386 66.29829514
OS 93.76439718 66.28630888
OS 93.76091738 66.27568152
OS 93.76038906 66.27295864
OS 93.75796844 66.26777958
OS 93.75365806 66.26013926
OS 93.74772208 66.2514042
OS 93.73906322 66.24319746
OS 93.72930708 66.23661632
OS 93.71599494 66.23355308
OS 93.70185222 66.23347688
OS 93.70049078 66.23374104
OS 93.69531172 66.23616166
OS 93.6876714 66.24047204
OS 93.6775749 66.24667218
OS 93.66827088 66.25695918
OS 93.65949772 66.26996652
OS 93.65314518 66.28815546
OS 93.65117668 66.29983946
OS 93.64921072 66.31152346
OS 93.63683584 66.43684198
OS 93.6371 66.43820342
OS 93.63626942 66.44119046
OS 93.63570046 66.44553894
OS 93.6353982 66.45124886
OS 93.635322 66.46539412
OS 93.63823284 66.48036742
OS 93.638497 66.48172886
OS 93.63876116 66.4830903
OS 93.64171264 66.49099478
OS 93.64492574 66.50025816
OS 93.64923612 66.50789848
OS 93.65112588 66.5103572
OS 93.6516542 66.51307754
OS 93.6551721 66.51663354
OS 93.65759272 66.52181514
OS 93.66163894 66.52809148
OS 93.66757492 66.53682654
OS 93.67377506 66.54692558
OS 93.67403922 66.54828702
OS 93.67755712 66.55184048
OS 93.6802419 66.55838352
OS 93.68617788 66.56711858
OS 93.69101658 66.57747924
OS 93.69774758 66.59030116
OS 93.70610418 66.60421528
OS 93.7133635 66.61976008
OS 93.7149891 66.62085482
OS 93.71740972 66.62603642
OS 93.72281738 66.6320486
OS 93.7301148 66.6405195
OS 93.74796084 66.65965586
OS 93.75798114 66.66759844
OS 93.76800144 66.67553848
OS 93.77911902 66.68185546
OS 93.78834684 66.68571372
OS 93.79840524 66.6865824
OS 93.80793532 66.68473074
OS 93.81504478 66.67769748
OE
OB 93.39099686 66.0782143 H
OS 93.3839509 66.07346196
OS 93.37691764 66.0663525
OS 93.37260726 66.05871218
OS 93.36965832 66.05081024
OS 93.36724024 66.04562864
OS 93.36697354 66.0442672
OS 93.36693798 66.04391414
OS 93.36860168 66.04536448
OS 93.37831718 66.05901698
OS 93.38829938 66.07402838
OS 93.39099686 66.0782143
OE
SE
S P 0
OB 96.1695816 66.11296658 I
OS 96.17780358 66.10727444
OS 96.17916756 66.10586474
OS 96.18050614 66.1030682
OS 96.18320616 66.09885942
OS 96.18583506 66.09049012
OS 96.18846142 66.08212336
OS 96.18824552 66.0696418
OS 96.18664024 66.05718818
OS 96.18080332 66.04064516
OS 96.18077792 66.03925832
OS 96.17793312 66.03514606
OS 96.17498926 66.02548898
OS 96.1720962 66.01860304
OS 96.17056458 66.0103074
OS 96.16762072 66.00065032
OS 96.164654 65.9896064
OS 96.16166442 65.97717564
OS 96.15862404 65.9619712
OS 96.1555354 65.94399308
OS 96.1524239 65.92462812
OS 96.1478773 65.90251488
OS 96.14469214 65.8789894
OS 96.14466674 65.87760256
OS 96.14320878 65.87346744
OS 96.14308686 65.86653578
OS 96.14153238 65.8568533
OS 96.13997536 65.84717082
OS 96.13837008 65.83471466
OS 96.13372696 65.80705406
OS 96.12764874 65.77664518
OS 96.12161624 65.74900998
OS 96.11860126 65.73519238
OS 96.11561168 65.72276162
OS 96.11125812 65.71174056
OS 96.10833966 65.70347032
OS 96.10831426 65.70208348
OS 96.1068309 65.69656152
OS 96.10393784 65.68967558
OS 96.10240622 65.68137994
OS 96.09795614 65.66481406
OS 96.09783422 65.65787986
OS 96.09776056 65.65371934
OS 96.09912454 65.65230964
OS 96.10046312 65.64951056
OS 96.10454998 65.64527892
OS 96.10999828 65.63963504
OS 96.11681056 65.63258146
OS 96.1277351 65.62268054
OS 96.14002108 65.61136992
OS 96.14138252 65.60996022
OS 96.1427465 65.60854798
OS 96.15092022 65.6000847
OS 96.1631808 65.58738724
OS 96.17537026 65.57052926
OS 96.18617288 65.55369668
OS 96.1955658 65.53550012
OS 96.1981693 65.52574652
OS 96.19941136 65.51740262
OS 96.19926658 65.50908158
OS 96.19634812 65.50081134
OS 96.19493588 65.49944736
OS 96.19070424 65.4953605
OS 96.18649546 65.49266048
OS 96.18089984 65.48998332
OS 96.17253308 65.48735696
OS 96.16414092 65.48334122
OS 96.15299794 65.48076058
OS 96.14047066 65.47820534
OS 96.1251697 65.47569836
OS 96.10709506 65.47323964
OS 96.08624674 65.47082918
OS 96.06262474 65.46846952
OS 96.03625446 65.46754242
OS 95.98079102 65.46851016
OS 95.96833486 65.47011544
OS 95.954469 65.47035674
OS 95.92262502 65.47368668
OS 95.8908039 65.47840346
OS 95.87421262 65.4814667
OS 95.86039502 65.48448168
OS 95.84798966 65.48886064
OS 95.8369686 65.4932142
OS 95.83013092 65.49888094
OS 95.82470548 65.50591166
OS 95.82473088 65.50729596
OS 95.82344056 65.51286872
OS 95.82358534 65.52118722
OS 95.82519062 65.53364338
OS 95.83238898 65.54877416
OS 95.83671968 65.55840838
OS 95.84243468 65.5680172
OS 95.85094876 65.57896714
OS 95.85946284 65.58991454
OS 95.87077346 65.60220052
OS 95.88488062 65.61582508
OS 95.88629286 65.61718652
OS 95.88770256 65.61854796
OS 95.8919342 65.62263736
OS 95.89757808 65.62808566
OS 95.9103238 65.64312246
OS 95.9273037 65.66224358
OS 95.94435472 65.68552522
OS 95.96006716 65.71160594
OS 95.97441562 65.73909636
OS 95.9846315 65.76804474
OS 95.9846569 65.76943158
OS 95.9860666 65.77079556
OS 95.98614026 65.77495354
OS 95.98762362 65.78047804
OS 95.99202544 65.79427024
OS 95.99788522 65.8122001
OS 96.00381866 65.83429048
OS 96.0111872 65.8591266
OS 96.01999338 65.88671608
OS 96.02879702 65.91430302
OS 96.04922624 65.97220232
OS 96.05939132 65.99837956
OS 96.06955894 66.02455426
OS 96.07967576 66.04795782
OS 96.0911083 66.067178
OS 96.0997189 66.08367276
OS 96.10536024 66.08912106
OS 96.10961728 66.09459476
OS 96.11241636 66.09593334
OS 96.11803484 66.09999734
OS 96.126427 66.10401054
OS 96.1362314 66.10938772
OS 96.1473947 66.1133552
OS 96.15851228 66.11454646
OS 96.1695816 66.11296658
OE
OB 96.5087732 66.63273948 I
OS 96.52120396 66.62974736
OS 96.53358646 66.6239841
OS 96.54455926 66.61685686
OS 96.55271012 66.6070042
OS 96.55407156 66.6055945
OS 96.55538474 66.60141112
OS 96.5566522 66.59445406
OS 96.55789172 66.58611016
OS 96.55911092 66.57637942
OS 96.5575539 66.56669694
OS 96.55458718 66.55565048
OS 96.54887218 66.54604166
OS 96.54745994 66.54468022
OS 96.5446634 66.54334164
OS 96.54367534 66.5428692
OS 96.5391643 66.54621184
OS 96.51853442 66.5562804
OS 96.5089002 66.5606111
OS 96.5020168 66.56350416
OS 96.49649484 66.56498752
OS 96.495108 66.56501292
OS 96.46747026 66.57104288
OS 96.4397868 66.57429916
OS 96.42302788 66.57552598
OS 96.42584728 66.57038248
OS 96.43402354 66.56191666
OS 96.4449938 66.55478942
OS 96.45462802 66.55046126
OS 96.4628754 66.54615596
OS 96.46839736 66.5446726
OS 96.47114818 66.5432375
OS 96.49048774 66.53873916
OS 96.50710188 66.53706276
OS 96.5196063 66.53823116
OS 96.53072388 66.53942242
OS 96.53906778 66.54066448
OS 96.54367534 66.5428692
OS 96.54875026 66.53911
OS 96.55831082 66.53061878
OS 96.5596748 66.52920908
OS 96.56239768 66.52638714
OS 96.56646168 66.52076866
OS 96.57324856 66.51232824
OS 96.57998972 66.50111414
OS 96.58806692 66.48710096
OS 96.5974827 66.47029378
OS 96.60682482 66.44932354
OS 96.60680196 66.4479367
OS 96.6081634 66.446527
OS 96.60947912 66.44234108
OS 96.61215374 66.436748
OS 96.61478264 66.4283787
OS 96.61879838 66.41998654
OS 96.62276332 66.4088207
OS 96.62668254 66.39488118
OS 96.63198606 66.3809188
OS 96.63724132 66.36418274
OS 96.64383516 66.34465014
OS 96.65040614 66.32372816
OS 96.65695172 66.30142188
OS 96.66344904 66.27634192
OS 96.67128494 66.24846288
OS 96.67909798 66.21919954
OS 96.67907258 66.2178127
OS 96.6803629 66.21224248
OS 96.6829918 66.20387318
OS 96.68695674 66.19270734
OS 96.68951198 66.18018006
OS 96.69479264 66.16483084
OS 96.69866106 66.14811764
OS 96.70389346 66.12999474
OS 96.7157451 66.09372354
OS 96.7275942 66.05745488
OS 96.73284946 66.04071882
OS 96.73951696 66.0253442
OS 96.74482302 66.01138182
OS 96.75015194 65.99880374
OS 96.75012654 65.9974169
OS 96.75146512 65.99462036
OS 96.7527783 65.99043698
OS 96.75409148 65.98625106
OS 96.75535894 65.979294
OS 96.7580107 65.97231408
OS 96.76059134 65.9611711
OS 96.76316944 65.95003066
OS 96.76706326 65.9347043
OS 96.77090882 65.9166068
OS 96.77472898 65.89711992
OS 96.77986486 65.8734522
OS 96.78495248 65.84700826
OS 96.79135328 65.81638094
OS 96.79132788 65.8149941
OS 96.7926182 65.80942388
OS 96.7952217 65.79967028
OS 96.79780234 65.7885273
OS 96.80033218 65.77461318
OS 96.804226 65.75928682
OS 96.8094584 65.74116392
OS 96.8146908 65.72304102
OS 96.82646624 65.68261184
OS 96.83965646 65.6435441
OS 96.8462503 65.6240115
OS 96.85425638 65.6058378
OS 96.86228532 65.58905348
OS 96.87036252 65.57504284
OS 96.8717011 65.5722463
OS 96.87712654 65.56521558
OS 96.88389056 65.55538832
OS 96.89058092 65.54140054
OS 96.89724842 65.52602592
OS 96.90114224 65.5107021
OS 96.90223698 65.49403716
OS 96.90070536 65.48574152
OS 96.8978123 65.47885812
OS 96.89640006 65.47749414
OS 96.89360352 65.47615556
OS 96.89080698 65.47481698
OS 96.88521136 65.47214236
OS 96.87686746 65.4709003
OS 96.86711132 65.4682968
OS 96.85458404 65.46574156
OS 96.83928308 65.46323458
OS 96.8198216 65.46079872
OS 96.796225 65.45982336
OS 96.76982932 65.45751196
OS 96.73930106 65.45665598
OS 96.7032229 65.45589906
OS 96.66159992 65.45523866
OS 96.57424424 65.45676266
OS 96.55485388 65.45848986
OS 96.53266952 65.45887594
OS 96.50912118 65.46067426
OS 96.484186 65.46249798
OS 96.43431564 65.46614288
OS 96.41079016 65.4693255
OS 96.38865152 65.4724878
OS 96.3706988 65.47696074
OS 96.35551976 65.48138796
OS 96.3444987 65.48574152
OS 96.34177328 65.48856346
OS 96.33904786 65.4913854
OS 96.33907326 65.49277224
OS 96.33778294 65.49834246
OS 96.33654088 65.50668636
OS 96.33675932 65.51916538
OS 96.3397997 65.53436982
OS 96.34563662 65.55091284
OS 96.35709202 65.57151732
OS 96.36421926 65.58249012
OS 96.3727562 65.59482436
OS 96.37416844 65.59618834
OS 96.37557814 65.59754978
OS 96.38404396 65.6057235
OS 96.39116866 65.6166963
OS 96.394016 65.62080856
OS 96.39547396 65.62494368
OS 96.39552222 65.62771736
OS 96.39557302 65.63049104
OS 96.39566954 65.63603586
OS 96.39440208 65.64299292
OS 96.39316256 65.65133682
OS 96.39058192 65.6624798
OS 96.38666524 65.67641932
OS 96.3866881 65.67780362
OS 96.38401094 65.68339924
OS 96.38135918 65.6903817
OS 96.375982 65.70018356
OS 96.36381794 65.71842838
OS 96.35564422 65.7268942
OS 96.34603286 65.7326092
OS 96.34464602 65.7326346
OS 96.3405363 65.7354794
OS 96.3336275 65.73698816
OS 96.32396788 65.73992948
OS 96.31015028 65.74294446
OS 96.29353614 65.7446234
OS 96.2713975 65.74778316
OS 96.23673158 65.74838768
OS 96.23120962 65.74987104
OS 96.21736662 65.75149918
OS 96.20221044 65.75731324
OS 96.18569282 65.764537
OS 96.17340684 65.77584762
OS 96.1679814 65.78287834
OS 96.16396566 65.7912705
OS 96.16136216 65.8010241
OS 96.1615552 65.81211628
OS 96.161606 65.81488996
OS 96.16308936 65.82041192
OS 96.16603068 65.83007154
OS 96.17315792 65.8410418
OS 96.1830817 65.85335318
OS 96.19013528 65.86016546
OS 96.1971914 65.86697774
OS 96.20699326 65.87235492
OS 96.21820736 65.87909354
OS 96.2307829 65.88442246
OS 96.24613466 65.88970312
OS 96.2475215 65.88967772
OS 96.25031804 65.8910163
OS 96.25591366 65.89369346
OS 96.26287072 65.89495838
OS 96.27123748 65.89758728
OS 96.28096822 65.89880394
OS 96.30179368 65.89982756
OS 96.30595166 65.89975644
OS 96.31152188 65.90104422
OS 96.3226166 65.90085118
OS 96.32675172 65.89939322
OS 96.3295254 65.89934496
OS 96.33088684 65.89793272
OS 96.33091224 65.89931956
OS 96.3309351 65.9007064
OS 96.3323702 65.90345468
OS 96.33246672 65.90900204
OS 96.33256578 65.9145494
OS 96.33132372 65.9228933
OS 96.33151676 65.93398548
OS 96.33034836 65.9464899
OS 96.32925108 65.9631523
OS 96.32681776 65.98261378
OS 96.32445556 66.00623578
OS 96.32214162 66.03262892
OS 96.31712766 66.06323338
OS 96.3135742 66.09797042
OS 96.30734104 66.13830308
OS 96.30736644 66.13968992
OS 96.30607612 66.14526014
OS 96.3048112 66.1522172
OS 96.30359454 66.16194794
OS 96.3010393 66.17447776
OS 96.29850692 66.18839188
OS 96.29599994 66.20369284
OS 96.2949052 66.22035778
OS 96.29001062 66.2578939
OS 96.28516684 66.29820116
OS 96.2830942 66.3384627
OS 96.28236268 66.37592516
OS 96.28241094 66.37869884
OS 96.28250746 66.3842462
OS 96.28267764 66.39395154
OS 96.2815067 66.40645596
OS 96.2791953 66.4328491
OS 96.27664006 66.44537892
OS 96.27405942 66.45651936
OS 96.27408228 66.4579062
OS 96.27274624 66.46070274
OS 96.2687559 66.47048174
OS 96.26340158 66.48167298
OS 96.25931472 66.48590462
OS 96.2551796 66.48736512
OS 96.25381562 66.48877482
OS 96.25247958 66.49157136
OS 96.2525507 66.49573188
OS 96.25130864 66.50407578
OS 96.25286566 66.51375826
OS 96.2545192 66.5289881
OS 96.2576307 66.54835052
OS 96.2590404 66.5497145
OS 96.26186234 66.55243992
OS 96.26750622 66.55788822
OS 96.27592378 66.5632908
OS 96.28849932 66.56861972
OS 96.30384854 66.57389784
OS 96.32469686 66.5763083
OS 96.34831886 66.5786705
OS 96.39269012 66.5778958
OS 96.41485162 66.57612288
OS 96.42302788 66.57552598
OS 96.4204701 66.58018434
OS 96.41791486 66.59271416
OS 96.41794026 66.594101
OS 96.41942362 66.59962296
OS 96.42093238 66.60653176
OS 96.42521228 66.6133923
OS 96.43229126 66.62159142
OS 96.44350536 66.62833004
OS 96.45746774 66.63363356
OS 96.47692922 66.63606942
OS 96.49634244 66.63572906
OS 96.5087732 66.63273948
OE
SE
S P 0
OB 99.49642026 66.29783032 I
OS 99.5078528 66.29210516
OS 99.52062646 66.28099774
OS 99.52667674 66.27392892
OS 99.5344085 66.26585172
OS 99.54011842 66.25441156
OS 99.54717454 66.24330922
OS 99.54750982 66.24196302
OS 99.54986186 66.23826224
OS 99.5515408 66.23153378
OS 99.55523396 66.2224482
OS 99.5599355 66.2093291
OS 99.5653076 66.19351506
OS 99.57269646 66.17534898
OS 99.57974496 66.15280648
OS 99.58008024 66.15146282
OS 99.58142136 66.14607802
OS 99.58478178 66.13834118
OS 99.58746402 66.12757666
OS 99.59081936 66.11411974
OS 99.59450998 66.09931662
OS 99.59853588 66.08316984
OS 99.60256178 66.06702052
OS 99.60892956 66.0300178
OS 99.610926 65.9933529
OS 99.6109133 65.97620028
OS 99.60955694 65.95870984
OS 99.60618382 65.94357652
OS 99.60079394 65.93079778
OS 99.59877464 65.92743482
OS 99.5933873 65.92037616
OS 99.58430172 65.91096292
OS 99.5772329 65.90491264
OS 99.56848514 65.89987328
OS 99.55839118 65.89449864
OS 99.54695102 65.88878618
OS 99.53382938 65.88408718
OS 99.5190288 65.88039656
OS 99.501198 65.87737904
OS 99.48269918 65.87705392
OS 99.46150796 65.87605824
OS 99.43829998 65.87741968
OS 99.4366185 65.8784306
OS 99.43090096 65.87843314
OS 99.42182046 65.88045752
OS 99.41105848 65.88349028
OS 99.39996122 65.88787178
OS 99.38852868 65.89359694
OS 99.37810706 65.90100358
OS 99.37004002 65.91042698
OS 99.36970474 65.91177064
OS 99.3673527 65.91547396
OS 99.36466538 65.92052094
OS 99.36130496 65.92825778
OS 99.35929328 65.93633244
OS 99.35828998 65.94608604
OS 99.35863288 65.95617746
OS 99.3599867 65.96795036
OS 99.36099508 65.96963184
OS 99.36167072 65.97265698
OS 99.36301946 65.9787098
OS 99.36537912 65.98644664
OS 99.37245302 66.003932
OS 99.38053784 66.02309884
OS 99.38154876 66.02478032
OS 99.3822244 66.027808
OS 99.38525462 66.0328499
OS 99.38794956 66.03924054
OS 99.39535874 66.0553797
OS 99.40209736 66.07421126
OS 99.40310828 66.07589274
OS 99.40378138 66.07892042
OS 99.40546794 66.08362704
OS 99.40681668 66.0896824
OS 99.40783522 66.10279896
OS 99.40884868 66.11019798
OS 99.40716974 66.11692644
OS 99.40683446 66.11827264
OS 99.40515806 66.1250011
OS 99.40449004 66.1334085
OS 99.40416238 66.14619232
OS 99.40450782 66.16199874
OS 99.4055289 66.18083538
OS 99.40856928 66.20303244
OS 99.41396678 66.22724626
OS 99.4149777 66.22892774
OS 99.41666172 66.2336369
OS 99.42070286 66.24036028
OS 99.42440872 66.2484324
OS 99.43686488 66.26725888
OS 99.4446068 66.27633684
OS 99.45369492 66.28574754
OS 99.4634536 66.29247092
OS 99.47388284 66.29649936
OS 99.48464736 66.29918414
OS 99.49642026 66.29783032
OE
OB 98.88129576 66.94772742 I
OS 98.92771934 66.95644216
OS 98.97346728 66.96213176
OS 98.99600216 66.96346272
OS 99.01719338 66.9644584
OS 99.03603002 66.96343732
OS 99.05352046 66.96208096
OS 99.05520194 66.96107258
OS 99.06159004 66.95837764
OS 99.06865124 66.9529903
OS 99.0770561 66.94794078
OS 99.08613152 66.94019886
OS 99.09386328 66.93211912
OS 99.09890264 66.92337136
OS 99.10091686 66.9152967
OS 99.10125214 66.91395304
OS 99.1005765 66.91092536
OS 99.10023868 66.90655402
OS 99.09787902 66.89881718
OS 99.09417316 66.8907476
OS 99.0897942 66.87965034
OS 99.08171192 66.86620104
OS 99.07262126 66.85107026
OS 99.03357384 66.8013142
OS 99.10769866 66.46961814
OS 99.10803394 66.46827448
OS 99.1087045 66.46558208
OS 99.10971034 66.46154602
OS 99.11138928 66.45481756
OS 99.11340096 66.4467429
OS 99.11575046 66.43732458
OS 99.11708904 66.42622224
OS 99.1201091 66.41411152
OS 99.12681978 66.38720022
OS 99.13352538 66.35456884
OS 99.14056626 66.32059126
OS 99.14828024 66.28392382
OS 99.16437622 66.20789654
OS 99.17242548 66.1698829
OS 99.18013946 66.13321546
OS 99.18617196 66.0975564
OS 99.19254228 66.06627122
OS 99.19689584 66.03734316
OS 99.1985697 66.02489716
OS 99.19990828 66.01379482
OS 99.20024356 66.01244862
OS 99.2012494 66.00841256
OS 99.20124686 66.00269502
OS 99.2015796 65.99563128
OS 99.20258036 65.98587514
OS 99.20358366 65.97612154
OS 99.20390624 65.95190264
OS 99.20355318 65.9246586
OS 99.20017244 65.89808766
OS 99.19376402 65.87219236
OS 99.18938506 65.8610951
OS 99.18466828 65.85134404
OS 99.1836599 65.84966256
OS 99.18163806 65.8462996
OS 99.17827256 65.8426039
OS 99.17423142 65.83587798
OS 99.163124 65.82310432
OS 99.15740392 65.81738932
OS 99.14999982 65.81268524
OS 99.14730996 65.81201468
OS 99.13822438 65.80831898
OS 99.12880606 65.80597202
OS 99.11703316 65.8073233
OS 99.11400802 65.80799894
OS 99.10761738 65.81069388
OS 99.09652012 65.81507284
OS 99.082733 65.81878124
OS 99.0813868 65.81844596
OS 99.07970532 65.81945688
OS 99.07533398 65.8197947
OS 99.06927862 65.82114598
OS 99.05448058 65.8231729
OS 99.0439091 65.82298748
OS 99.04472698 65.8221696
OS 99.04774958 65.81577642
OS 99.05110746 65.80803958
OS 99.05144274 65.80669338
OS 99.0514402 65.80097584
OS 99.04941582 65.79189534
OS 99.04470158 65.78214174
OS 99.04032516 65.77676456
OS 99.03594874 65.77138484
OS 99.02888246 65.76533456
OS 99.02046744 65.758949
OS 99.01037348 65.75357436
OS 98.99758966 65.74752662
OS 98.98446802 65.74282762
OS 98.95217192 65.73477582
OS 98.93568986 65.73209358
OS 98.91752378 65.7304248
OS 98.89633256 65.72942912
OS 98.87716318 65.73179386
OS 98.86034838 65.7361779
OS 98.85362246 65.74021904
OS 98.85194098 65.74190052
OS 98.84992168 65.737867
OS 98.84049828 65.72979996
OS 98.82636826 65.72341948
OS 98.82502206 65.72308166
OS 98.81930452 65.72308674
OS 98.81089458 65.72241872
OS 98.80181408 65.7244431
OS 98.79206302 65.72915734
OS 98.78163886 65.73656398
OS 98.77290126 65.74867978
OS 98.76719388 65.76583748
OS 98.76652332 65.76852734
OS 98.7665284 65.77424742
OS 98.7655251 65.78400102
OS 98.76553272 65.79543864
OS 98.76856548 65.80619808
OS 98.77429064 65.81763062
OS 98.78371404 65.82569766
OS 98.7978466 65.83208068
OS 98.79919026 65.83241596
OS 98.80491034 65.83241088
OS 98.81331774 65.8330789
OS 98.82239824 65.83105452
OS 98.8321493 65.82634028
OS 98.84257346 65.81893364
OS 98.85131106 65.80682038
OS 98.85176572 65.80542846
OS 98.85602276 65.81085136
OS 98.85837734 65.81286812
OS 98.86477052 65.81589326
OS 98.87486448 65.8212679
OS 98.88765084 65.8273131
OS 98.90447326 65.83436668
OS 98.91477042 65.8376763
OS 98.93373406 65.8316565
OS 98.9576126 65.8276052
OS 98.97980966 65.82456482
OS 99.00167144 65.82287064
OS 99.0188266 65.82285794
OS 99.02589034 65.82319068
OS 99.03160788 65.8231856
OS 99.03463556 65.8225125
OS 99.03598176 65.82284778
OS 99.0439091 65.82298748
OS 99.03329698 65.8336123
OS 99.02152916 65.84068366
OS 99.0077395 65.84439206
OS 98.99428766 65.84675426
OS 98.9825173 65.84810808
OS 98.97377208 65.84878626
OS 98.97107968 65.8481157
OS 98.94618768 65.84476798
OS 98.92432082 65.84074462
OS 98.91477042 65.8376763
OS 98.9135563 65.83806238
OS 98.90515144 65.8431119
OS 98.89674404 65.84816142
OS 98.89640876 65.84950762
OS 98.89472728 65.85051854
OS 98.89237524 65.85421932
OS 98.88834172 65.85893102
OS 98.88363764 65.86633512
OS 98.878263 65.87642908
OS 98.87120688 65.88753142
OS 98.86448858 65.90301018
OS 98.85575606 65.92084098
OS 98.84601516 65.94271038
OS 98.8369499 65.96760746
OS 98.82553006 65.99620532
OS 98.8141153 66.03052072
OS 98.80202998 66.06752852
OS 98.78860354 66.10991858
OS 98.77517964 66.15802618
OS 98.77484436 66.15936984
OS 98.7735007 66.16475464
OS 98.77115374 66.17417296
OS 98.76746312 66.18897608
OS 98.76511362 66.1983944
OS 98.76276666 66.20781526
OS 98.7584004 66.2195907
OS 98.75504506 66.23304508
OS 98.75135444 66.2478482
OS 98.74732854 66.26399498
OS 98.74162116 66.28115268
OS 98.7369247 66.29999186
OS 98.73658942 66.30133806
OS 98.73591886 66.30403046
OS 98.7345752 66.30941272
OS 98.7328988 66.31614118
OS 98.7292031 66.32522422
OS 98.72685614 66.33464508
OS 98.72383608 66.3467558
OS 98.72081602 66.35886652
OS 98.71208858 66.38813494
OS 98.70269058 66.42009322
OS 98.69228674 66.4560901
OS 98.6818829 66.49208698
OS 98.67147906 66.52808386
OS 98.65972902 66.56374546
OS 98.64966046 66.59839868
OS 98.63925154 66.62867548
OS 98.63085938 66.65660024
OS 98.62649566 66.66837568
OS 98.62246468 66.67880492
OS 98.620453 66.68687958
OS 98.61709512 66.69461642
OS 98.61440526 66.6996634
OS 98.61205322 66.70336418
OS 98.61003646 66.7057213
OS 98.60465928 66.71009772
OS 98.59625188 66.71514724
OS 98.58313786 66.72188332
OS 98.58145892 66.72289424
OS 98.57506828 66.72558918
OS 98.5656525 66.72895722
OS 98.55388468 66.73602858
OS 98.54178158 66.74444614
OS 98.53068686 66.75454264
OS 98.52161398 66.7680021
OS 98.51355202 66.78314558
OS 98.51288146 66.78583544
OS 98.51187308 66.7898715
OS 98.5112076 66.79828144
OS 98.51289416 66.80870814
OS 98.51458326 66.81913484
OS 98.52165462 66.83090266
OS 98.53040746 66.84165956
OS 98.54521312 66.85106772
OS 98.54790298 66.85174082
OS 98.5502601 66.85375758
OS 98.55429616 66.85476342
OS 98.55934314 66.85745074
OS 98.5674178 66.85946242
OS 98.57650084 66.86315812
OS 98.58827628 66.86752184
OS 98.60139792 66.87222338
OS 98.61720942 66.87759548
OS 98.6360486 66.88229194
OS 98.65724236 66.88900516
OS 98.68247472 66.89672676
OS 98.70905328 66.90478364
OS 98.74000318 66.91250016
OS 98.77465386 66.92256872
OS 98.8594289 66.94370406
OS 98.88129576 66.94772742
OE
OB 98.85176572 65.80542846 H
OS 98.846259 65.79841298
OS 98.84053384 65.78698044
OS 98.83884474 65.77655374
OS 98.83984804 65.76680014
OS 98.84219754 65.75737928
OS 98.84488486 65.7523323
OS 98.84757218 65.74728532
OS 98.84790746 65.74594166
OS 98.85194098 65.74190052
OS 98.85564684 65.74929954
OS 98.8586796 65.76006152
OS 98.8590225 65.7701504
OS 98.8593654 65.78024182
OS 98.85802428 65.78562408
OS 98.85735372 65.78831648
OS 98.85176572 65.80542846
OE
SE
S P 0
OB 103.9411815 90.91556366 I
OS 103.92660444 90.06037614
OS 103.92660444 90.05551712
OS 103.92660444 90.04094006
OS 103.92660444 90.01664496
OS 103.92660444 89.9777728
OS 103.92660444 89.93890064
OS 103.92174542 89.88545142
OS 103.92174542 89.82714318
OS 103.92174542 89.76397592
OS 103.9168864 89.69594964
OS 103.9168864 89.61820532
OS 103.91202738 89.45299864
OS 103.90230934 89.2732149
OS 103.89745032 89.08857214
OS 103.88773228 88.89421134
OS 103.87801424 88.70470956
OS 103.86343718 88.5200668
OS 103.84886012 88.34514208
OS 103.83914208 88.26253874
OS 103.83428306 88.18479442
OS 103.82456502 88.11190912
OS 103.81484698 88.04388284
OS 103.80512894 87.98071558
OS 103.7954109 87.92726636
OS 103.78305634 87.89020014
OS 103.819706 87.89325322
OS 103.82942404 87.89325322
OS 103.84886012 87.8883942
OS 103.87315522 87.86895812
OS 103.88773228 87.85924008
OS 103.90230934 87.839804
OS 103.9168864 87.82036792
OS 103.93146346 87.7912138
OS 103.9411815 87.75720066
OS 103.95089954 87.71346948
OS 103.95575856 87.66487928
OS 103.96061758 87.61143006
OS 103.96061758 87.54340378
OS 103.95575856 87.47051848
OS 103.95575856 87.46565946
OS 103.95089954 87.44622338
OS 103.94604052 87.41706926
OS 103.94604052 87.38305612
OS 103.9411815 87.353902
OS 103.93632248 87.32474788
OS 103.93146346 87.3053118
OS 103.93146346 87.29559376
OS 104.00434876 87.29559376
OS 104.02378484 87.29073474
OS 104.05293896 87.28587572
OS 104.1112472 87.27129866
OS 104.14040132 87.25186258
OS 104.16955544 87.2324265
OS 104.17441446 87.22756748
OS 104.17927348 87.22270846
OS 104.19385054 87.2081314
OS 104.20356858 87.18869532
OS 104.21328662 87.16925924
OS 104.22300466 87.14010512
OS 104.22300466 87.10609198
OS 104.21814564 87.07207884
OS 104.21814564 87.06721982
OS 104.21328662 87.05264276
OS 104.20356858 87.02834766
OS 104.1841325 87.00405256
OS 104.1598374 86.97975746
OS 104.12096524 86.95546236
OS 104.07237504 86.93116726
OS 104.00434876 86.9165902
OS 103.99463072 86.9165902
OS 103.98491268 86.91173118
OS 103.94604052 86.91173118
OS 103.9168864 86.90687216
OS 103.88287326 86.90201314
OS 103.8440011 86.90201314
OS 103.80026992 86.89715412
OS 103.7468207 86.8922951
OS 103.68851246 86.88743608
OS 103.6253452 86.88257706
OS 103.5524599 86.87771804
OS 103.47471558 86.87771804
OS 103.39211224 86.87285902
OS 103.29979086 86.868
OS 102.94022338 86.868
OS 102.85762004 86.87285902
OS 102.68755434 86.88257706
OS 102.60981002 86.88743608
OS 102.53692472 86.89715412
OS 102.47375746 86.91173118
OS 102.42516726 86.92630824
OS 102.3862951 86.9408853
OS 102.36685902 86.96032138
OS 102.36685902 86.9651804
OS 102.362 86.97975746
OS 102.362 87.00405256
OS 102.37171804 87.04292472
OS 102.3862951 87.0866559
OS 102.42030824 87.1352461
OS 102.44460334 87.16440022
OS 102.47375746 87.19841336
OS 102.51262962 87.2324265
OS 102.55150178 87.26643964
OS 102.71184944 87.38305612
OS 102.71184944 90.23044184
OS 102.55150178 90.37621244
OS 102.54664276 90.38107146
OS 102.54178374 90.3907895
OS 102.52720668 90.41022558
OS 102.51262962 90.43452068
OS 102.49319354 90.4636748
OS 102.47861648 90.49282892
OS 102.45432138 90.57057324
OS 102.44460334 90.6094454
OS 102.44460334 90.64831756
OS 102.44946236 90.68718972
OS 102.46403942 90.7309209
OS 102.49319354 90.76493404
OS 102.52720668 90.8038062
OS 102.5806559 90.83296032
OS 102.64382316 90.86211444
OS 102.64868218 90.86211444
OS 102.65840022 90.86697346
OS 102.6778363 90.87183248
OS 102.70699042 90.88155052
OS 102.7507216 90.88640954
OS 102.81388886 90.89612758
OS 102.85276102 90.9009866
OS 102.8964922 90.9009866
OS 102.9450824 90.90584562
OS 102.99853162 90.91070464
OS 103.0179677 90.91070464
OS 103.0422628 90.91556366
OS 103.10543006 90.91556366
OS 103.14916124 90.92042268
OS 103.24634164 90.9252817
OS 103.35324008 90.93014072
OS 103.6496403 90.93014072
OS 103.9411815 90.91556366
OE
OB 105.87021244 90.91556366 I
OS 105.85563538 90.06037614
OS 105.85563538 90.05551712
OS 105.85563538 90.04094006
OS 105.85563538 90.01664496
OS 105.85563538 89.9777728
OS 105.85563538 89.93890064
OS 105.85077636 89.88545142
OS 105.85077636 89.82714318
OS 105.85077636 89.76397592
OS 105.84591734 89.69594964
OS 105.84591734 89.61820532
OS 105.84105832 89.45299864
OS 105.83134028 89.2732149
OS 105.82648126 89.08857214
OS 105.81676322 88.89421134
OS 105.80704518 88.70470956
OS 105.79246812 88.5200668
OS 105.77789106 88.34514208
OS 105.76817302 88.26253874
OS 105.763314 88.18479442
OS 105.75359596 88.11190912
OS 105.74387792 88.04388284
OS 105.73415988 87.98071558
OS 105.72444184 87.92726636
OS 105.71208728 87.89020014
OS 105.74873694 87.89325322
OS 105.75845498 87.89325322
OS 105.77789106 87.8883942
OS 105.80218616 87.86895812
OS 105.81676322 87.85924008
OS 105.83134028 87.839804
OS 105.84591734 87.82036792
OS 105.8604944 87.7912138
OS 105.87021244 87.75720066
OS 105.87993048 87.71346948
OS 105.8847895 87.66487928
OS 105.88964852 87.61143006
OS 105.88964852 87.54340378
OS 105.8847895 87.47051848
OS 105.8847895 87.46565946
OS 105.87993048 87.44622338
OS 105.87507146 87.41706926
OS 105.87507146 87.38305612
OS 105.87021244 87.353902
OS 105.86535342 87.32474788
OS 105.8604944 87.3053118
OS 105.8604944 87.29559376
OS 105.9333797 87.29559376
OS 105.95281578 87.29073474
OS 105.9819699 87.28587572
OS 106.04027814 87.27129866
OS 106.06943226 87.25186258
OS 106.09858638 87.2324265
OS 106.1034454 87.22756748
OS 106.10830442 87.22270846
OS 106.12288148 87.2081314
OS 106.13259952 87.18869532
OS 106.14231756 87.16925924
OS 106.1520356 87.14010512
OS 106.1520356 87.10609198
OS 106.14717658 87.07207884
OS 106.14717658 87.06721982
OS 106.14231756 87.05264276
OS 106.13259952 87.02834766
OS 106.11316344 87.00405256
OS 106.08886834 86.97975746
OS 106.04999618 86.95546236
OS 106.00140598 86.93116726
OS 105.9333797 86.9165902
OS 105.92366166 86.9165902
OS 105.91394362 86.91173118
OS 105.87507146 86.91173118
OS 105.84591734 86.90687216
OS 105.8119042 86.90201314
OS 105.77303204 86.90201314
OS 105.72930086 86.89715412
OS 105.67585164 86.8922951
OS 105.6175434 86.88743608
OS 105.55437614 86.88257706
OS 105.48149084 86.87771804
OS 105.40374652 86.87771804
OS 105.32114318 86.87285902
OS 105.2288218 86.868
OS 104.86925432 86.868
OS 104.78665098 86.87285902
OS 104.61658528 86.88257706
OS 104.53884096 86.88743608
OS 104.46595566 86.89715412
OS 104.4027884 86.91173118
OS 104.3541982 86.92630824
OS 104.31532604 86.9408853
OS 104.29588996 86.96032138
OS 104.29588996 86.9651804
OS 104.29103094 86.97975746
OS 104.29103094 87.00405256
OS 104.30074898 87.04292472
OS 104.31532604 87.0866559
OS 104.34933918 87.1352461
OS 104.37363428 87.16440022
OS 104.4027884 87.19841336
OS 104.44166056 87.2324265
OS 104.48053272 87.26643964
OS 104.64088038 87.38305612
OS 104.64088038 90.23044184
OS 104.48053272 90.37621244
OS 104.4756737 90.38107146
OS 104.47081468 90.3907895
OS 104.45623762 90.41022558
OS 104.44166056 90.43452068
OS 104.42222448 90.4636748
OS 104.40764742 90.49282892
OS 104.38335232 90.57057324
OS 104.37363428 90.6094454
OS 104.37363428 90.64831756
OS 104.3784933 90.68718972
OS 104.39307036 90.7309209
OS 104.42222448 90.76493404
OS 104.45623762 90.8038062
OS 104.50968684 90.83296032
OS 104.5728541 90.86211444
OS 104.57771312 90.86211444
OS 104.58743116 90.86697346
OS 104.60686724 90.87183248
OS 104.63602136 90.88155052
OS 104.67975254 90.88640954
OS 104.7429198 90.89612758
OS 104.78179196 90.9009866
OS 104.82552314 90.9009866
OS 104.87411334 90.90584562
OS 104.92756256 90.91070464
OS 104.94699864 90.91070464
OS 104.97129374 90.91556366
OS 105.034461 90.91556366
OS 105.07819218 90.92042268
OS 105.17537258 90.9252817
OS 105.28227102 90.93014072
OS 105.57867124 90.93014072
OS 105.87021244 90.91556366
OE
SE
S P 0
OB 107.54160864 90.20858768 I
OS 107.57627964 90.20858768
OS 107.61511116 90.20720084
OS 107.62481904 90.20720084
OS 107.63591376 90.205814
OS 107.64978216 90.205814
OS 107.66642424 90.20442716
OS 107.68584 90.20304032
OS 107.7066426 90.20165348
OS 107.7274452 90.20026664
OS 107.77043724 90.19610612
OS 107.79123984 90.19333244
OS 107.8106556 90.18917192
OS 107.82868452 90.18639824
OS 107.84255292 90.18223772
OS 107.85503448 90.1780772
OS 107.86196868 90.17391668
OS 107.86335552 90.17252984
OS 107.86474236 90.16698248
OS 107.86751604 90.15866144
OS 107.86751604 90.14756672
OS 107.8661292 90.13369832
OS 107.86058184 90.1156694
OS 107.85503448 90.10596152
OS 107.84948712 90.0948668
OS 107.84255292 90.08238524
OS 107.83284504 90.06990368
OS 107.8314582 90.06851684
OS 107.83007136 90.06574316
OS 107.82729768 90.0601958
OS 107.82313716 90.0532616
OS 107.81897664 90.04216688
OS 107.81481612 90.02691164
OS 107.8106556 90.00888272
OS 107.80788192 89.98669328
OS 107.80788192 89.98530644
OS 107.80788192 89.9839196
OS 107.80788192 89.97837224
OS 107.80649508 89.97143804
OS 107.80649508 89.96173016
OS 107.80649508 89.9492486
OS 107.80510824 89.93399336
OS 107.80510824 89.9145776
OS 107.8037214 89.89238816
OS 107.80233456 89.8660382
OS 107.80233456 89.83414088
OS 107.80094772 89.79946988
OS 107.79956088 89.75925152
OS 107.79956088 89.71487264
OS 107.79817404 89.68990952
OS 107.79817404 89.66355956
OS 107.7967872 89.6372096
OS 107.7967872 89.60808596
OS 107.7967872 89.60669912
OS 107.7967872 89.60392544
OS 107.7967872 89.59699124
OS 107.7967872 89.59005704
OS 107.7967872 89.58034916
OS 107.7967872 89.5678676
OS 107.7967872 89.55538604
OS 107.79540036 89.5401308
OS 107.79540036 89.50823348
OS 107.79540036 89.47217564
OS 107.79540036 89.43195728
OS 107.79540036 89.39173892
OS 107.79401352 89.35152056
OS 107.79540036 89.3113022
OS 107.79540036 89.27385752
OS 107.79540036 89.24057336
OS 107.79540036 89.22531812
OS 107.7967872 89.21144972
OS 107.7967872 89.200355
OS 107.79817404 89.18926028
OS 107.79817404 89.18093924
OS 107.79956088 89.17400504
OS 107.79956088 89.16984452
OS 107.80094772 89.16707084
OS 107.80233456 89.16429716
OS 107.80510824 89.15736296
OS 107.80788192 89.14626824
OS 107.80788192 89.13378668
OS 107.80510824 89.11853144
OS 107.80094772 89.11159724
OS 107.7967872 89.10466304
OS 107.789853 89.09772884
OS 107.78014512 89.09079464
OS 107.7690504 89.08524728
OS 107.755182 89.07969992
OS 107.75102148 89.07969992
OS 107.74686096 89.07831308
OS 107.7413136 89.07831308
OS 107.7343794 89.07692624
OS 107.72467152 89.0755394
OS 107.70386892 89.07415256
OS 107.64700848 89.07415256
OS 107.61511116 89.07692624
OS 107.58044016 89.0824736
OS 107.57905332 89.0824736
OS 107.57627964 89.08386044
OS 107.57073228 89.08524728
OS 107.56241124 89.08663412
OS 107.5540902 89.0894078
OS 107.54438232 89.09218148
OS 107.53490304 89.0949704
OS 107.53606128 89.08802096
OS 107.53606128 89.08663412
OS 107.53467444 89.08108676
OS 107.53190076 89.07415256
OS 107.5263534 89.06583152
OS 107.51664552 89.05612364
OS 107.50277712 89.04918944
OS 107.49445608 89.04641576
OS 107.4847482 89.04364208
OS 107.47226664 89.04225524
OS 107.45562456 89.04225524
OS 107.44730352 89.04364208
OS 107.43482196 89.04502892
OS 107.4223404 89.0478026
OS 107.408472 89.05334996
OS 107.39599044 89.061671
OS 107.3876694 89.07276572
OS 107.38628256 89.07969992
OS 107.38507352 89.08695416
OS 107.38489572 89.08663412
OS 107.373801 89.0755394
OS 107.3599326 89.06583152
OS 107.35715892 89.06583152
OS 107.35022472 89.06444468
OS 107.34190368 89.06305784
OS 107.3321958 89.061671
OS 107.33080896 89.061671
OS 107.3252616 89.06305784
OS 107.3183274 89.06583152
OS 107.31278004 89.06999204
OS 107.30723268 89.07831308
OS 107.304459 89.09218148
OS 107.304459 89.09911568
OS 107.30584584 89.10882356
OS 107.30861952 89.11991828
OS 107.31278004 89.13239984
OS 107.31416688 89.13239984
OS 107.31555372 89.13517352
OS 107.32387476 89.13933404
OS 107.33496948 89.14626824
OS 107.34883788 89.1518156
OS 107.36409312 89.15597612
OS 107.37796152 89.15597612
OS 107.38489572 89.15458928
OS 107.39044308 89.15042876
OS 107.39599044 89.1448814
OS 107.40015096 89.1379472
OS 107.40015096 89.13517352
OS 107.40015096 89.12962616
OS 107.39876412 89.12130512
OS 107.396915 89.11390864
OS 107.40292464 89.11991828
OS 107.41679304 89.12823932
OS 107.42511408 89.131013
OS 107.43482196 89.13378668
OS 107.44585318 89.1350135
OS 107.45285088 89.131013
OS 107.47365348 89.11853144
OS 107.49722976 89.10882356
OS 107.52080604 89.09911568
OS 107.53490304 89.0949704
OS 107.53467444 89.096342
OS 107.5332876 89.1032762
OS 107.52357972 89.11575776
OS 107.512485 89.1240788
OS 107.4986166 89.12962616
OS 107.48336136 89.13239984
OS 107.47226664 89.13517352
OS 107.44730352 89.13517352
OS 107.44585318 89.1350135
OS 107.443143 89.13656036
OS 107.4362088 89.14349456
OS 107.43482196 89.1448814
OS 107.43066144 89.15042876
OS 107.42511408 89.16152348
OS 107.41956672 89.17539188
OS 107.41263252 89.19480764
OS 107.40985884 89.20590236
OS 107.408472 89.21838392
OS 107.40569832 89.23363916
OS 107.40431148 89.2488944
OS 107.40431148 89.26692332
OS 107.40431148 89.28495224
OS 107.40431148 89.28633908
OS 107.40431148 89.2904996
OS 107.40431148 89.29604696
OS 107.40431148 89.30575484
OS 107.40431148 89.3182364
OS 107.40431148 89.33487848
OS 107.40431148 89.35429424
OS 107.40431148 89.37648368
OS 107.40292464 89.40422048
OS 107.40292464 89.43473096
OS 107.4015378 89.4707888
OS 107.4015378 89.50962032
OS 107.39876412 89.5539992
OS 107.39737728 89.60392544
OS 107.39599044 89.6580122
OS 107.39321676 89.71764632
OS 107.39321676 89.71903316
OS 107.39321676 89.72042
OS 107.39321676 89.72874104
OS 107.39182992 89.73983576
OS 107.39182992 89.75647784
OS 107.39182992 89.77450676
OS 107.39044308 89.79530936
OS 107.38905624 89.81888564
OS 107.38905624 89.84384876
OS 107.38628256 89.89238816
OS 107.38489572 89.91596444
OS 107.38350888 89.93954072
OS 107.38212204 89.95895648
OS 107.38212204 89.9769854
OS 107.3807352 89.9908538
OS 107.37934836 90.00194852
OS 107.37934836 90.00333536
OS 107.37796152 90.00888272
OS 107.37657468 90.01720376
OS 107.373801 90.02691164
OS 107.36964048 90.03800636
OS 107.36409312 90.04771424
OS 107.35715892 90.05742212
OS 107.34883788 90.06574316
OS 107.3460642 90.06713
OS 107.34051684 90.0740642
OS 107.33080896 90.08238524
OS 107.32110108 90.09209312
OS 107.3113932 90.10457468
OS 107.30168532 90.11705624
OS 107.29613796 90.1295378
OS 107.29336428 90.14201936
OS 107.29336428 90.1434062
OS 107.29475112 90.14756672
OS 107.29613796 90.15311408
OS 107.30029848 90.16143512
OS 107.30584584 90.16975616
OS 107.31555372 90.17946404
OS 107.32803528 90.18778508
OS 107.3460642 90.19749296
OS 107.34883788 90.1988798
OS 107.35161156 90.1988798
OS 107.35715892 90.20026664
OS 107.36409312 90.20165348
OS 107.373801 90.20304032
OS 107.38489572 90.20442716
OS 107.39876412 90.205814
OS 107.4154062 90.20720084
OS 107.43482196 90.20720084
OS 107.45562456 90.20858768
OS 107.48058768 90.20858768
OS 107.50971132 90.20997452
OS 107.54160864 90.20858768
OE
OB 108.24473652 90.20442716 I
OS 108.27663384 90.20304032
OS 108.30714432 90.20165348
OS 108.3376548 90.19749296
OS 108.3653916 90.19333244
OS 108.39035472 90.18778508
OS 108.41254416 90.17946404
OS 108.4208652 90.17530352
OS 108.4277994 90.171143
OS 108.4347336 90.16559564
OS 108.43889412 90.16004828
OS 108.4416678 90.15311408
OS 108.4416678 90.14617988
OS 108.4416678 90.14479304
OS 108.4416678 90.14063252
OS 108.44028096 90.13369832
OS 108.43750728 90.12399044
OS 108.43334676 90.11289572
OS 108.42641256 90.101801
OS 108.41809152 90.08931944
OS 108.4069968 90.07683788
OS 108.40560996 90.07545104
OS 108.40283628 90.07129052
OS 108.39867576 90.06574316
OS 108.39451524 90.05603528
OS 108.38896788 90.04494056
OS 108.38480736 90.02968532
OS 108.38064684 90.01304324
OS 108.37787316 89.99224064
OS 108.37787316 89.98946696
OS 108.37787316 89.98530644
OS 108.37787316 89.97837224
OS 108.37648632 89.9700512
OS 108.37648632 89.95756964
OS 108.37648632 89.94370124
OS 108.37648632 89.92567232
OS 108.37509948 89.90348288
OS 108.37509948 89.87713292
OS 108.37509948 89.84800928
OS 108.37509948 89.81333828
OS 108.37371264 89.77450676
OS 108.37371264 89.73012788
OS 108.37371264 89.70516476
OS 108.37371264 89.68020164
OS 108.37371264 89.65246484
OS 108.37371264 89.62472804
OS 108.37371264 89.6233412
OS 108.37371264 89.62195436
OS 108.37371264 89.616407
OS 108.37371264 89.61085964
OS 108.37371264 89.60392544
OS 108.37371264 89.5956044
OS 108.37371264 89.57618864
OS 108.37371264 89.55122552
OS 108.37371264 89.52348872
OS 108.37371264 89.49436508
OS 108.37371264 89.46246776
OS 108.37509948 89.39867312
OS 108.37509948 89.3667758
OS 108.37509948 89.33765216
OS 108.37648632 89.3113022
OS 108.37648632 89.28772592
OS 108.37787316 89.26831016
OS 108.37787316 89.26137596
OS 108.37787316 89.25444176
OS 108.37787316 89.25166808
OS 108.37926 89.24473388
OS 108.38064684 89.235026
OS 108.38342052 89.22254444
OS 108.3861942 89.21006288
OS 108.38896788 89.19758132
OS 108.39451524 89.1864866
OS 108.4000626 89.17816556
OS 108.4000626 89.17677872
OS 108.40283628 89.17539188
OS 108.40838364 89.16707084
OS 108.41670468 89.15597612
OS 108.42502572 89.14072088
OS 108.43334676 89.1240788
OS 108.43889412 89.10604988
OS 108.44028096 89.0894078
OS 108.43889412 89.08108676
OS 108.43612044 89.07276572
OS 108.4347336 89.07137888
OS 108.43195992 89.06999204
OS 108.42918624 89.0686052
OS 108.42363888 89.06583152
OS 108.41531784 89.06444468
OS 108.40560996 89.061671
OS 108.3931284 89.05889732
OS 108.37787316 89.05612364
OS 108.3584574 89.05334996
OS 108.33626796 89.05196312
OS 108.31130484 89.04918944
OS 108.28079436 89.0478026
OS 108.24612336 89.04641576
OS 108.20729184 89.04502892
OS 108.12408144 89.04502892
OS 108.10466568 89.04641576
OS 108.08386308 89.04641576
OS 108.0602868 89.0478026
OS 108.03671052 89.04918944
OS 107.98817112 89.05196312
OS 107.96598168 89.0547368
OS 107.94656592 89.05612364
OS 107.928537 89.06028416
OS 107.91328176 89.06305784
OS 107.90218704 89.0686052
OS 107.89663968 89.07276572
OS 107.89663968 89.07415256
OS 107.89525284 89.07969992
OS 107.893866 89.08802096
OS 107.89525284 89.09911568
OS 107.89802652 89.11298408
OS 107.90496072 89.12685248
OS 107.91605544 89.14210772
OS 107.92298964 89.14904192
OS 107.93269752 89.15736296
OS 107.93408436 89.1587498
OS 107.93685804 89.16152348
OS 107.94101856 89.16707084
OS 107.94656592 89.17539188
OS 107.95211328 89.18787344
OS 107.95904748 89.20590236
OS 107.96182116 89.21561024
OS 107.96459484 89.2280918
OS 107.96736852 89.24057336
OS 107.9701422 89.2558286
OS 107.9701422 89.25721544
OS 107.97152904 89.25998912
OS 107.97152904 89.26414964
OS 107.97291588 89.269697
OS 107.97430272 89.28633908
OS 107.9770764 89.30714168
OS 107.97985008 89.32933112
OS 107.98262376 89.35568108
OS 107.9840106 89.38203104
OS 107.9840106 89.40699416
OS 107.9840106 89.408381
OS 107.9840106 89.40976784
OS 107.9840106 89.41808888
OS 107.9840106 89.4291836
OS 107.9840106 89.44166516
OS 107.98262376 89.45553356
OS 107.98262376 89.46801512
OS 107.98262376 89.47910984
OS 107.98262376 89.4846572
OS 107.98262376 89.48604404
OS 107.98123692 89.48881772
OS 107.98123692 89.49436508
OS 107.97985008 89.49991244
OS 107.97985008 89.51378084
OS 107.98262376 89.52071504
OS 107.98539744 89.52764924
OS 107.98539744 89.52903608
OS 107.98678428 89.53042292
OS 107.9909448 89.53735712
OS 107.99510532 89.54567816
OS 107.997879 89.55261236
OS 107.997879 89.5539992
OS 107.997879 89.55954656
OS 107.99649216 89.56648076
OS 107.99233164 89.57757548
OS 107.98955796 89.57896232
OS 107.9840106 89.58450968
OS 107.97568956 89.59283072
OS 107.96736852 89.60115176
OS 107.95904748 89.6094728
OS 107.95211328 89.616407
OS 107.94795276 89.62056752
OS 107.94795276 89.62195436
OS 107.94656592 89.62195436
OS 107.94101856 89.61918068
OS 107.93131068 89.61779384
OS 107.9077344 89.61779384
OS 107.89525284 89.62056752
OS 107.88415812 89.62611488
OS 107.8730634 89.63443592
OS 107.8730634 89.63582276
OS 107.87167656 89.6372096
OS 107.87028972 89.64691748
OS 107.87028972 89.65939904
OS 107.87167656 89.67465428
OS 107.8730634 89.67604112
OS 107.87583708 89.68020164
OS 107.88277128 89.685749
OS 107.89247916 89.69129636
OS 107.90357388 89.69684372
OS 107.92021596 89.70239108
OS 107.93824488 89.7065516
OS 107.96182116 89.70793844
OS 108.00758688 89.70793844
OS 108.00758688 89.71209896
OS 108.00620004 89.71487264
OS 108.00203952 89.72042
OS 107.99649216 89.7273542
OS 107.98955796 89.73706208
OS 107.98817112 89.73844892
OS 107.98678428 89.74260944
OS 107.98539744 89.7481568
OS 107.9840106 89.75647784
OS 107.98539744 89.76479888
OS 107.98955796 89.7758936
OS 107.99649216 89.78837516
OS 108.00342636 89.79392252
OS 108.01036056 89.80085672
OS 108.01036056 89.80224356
OS 108.01036056 89.80640408
OS 108.01036056 89.81333828
OS 108.01036056 89.81611196
OS 108.00897372 89.82304616
OS 108.00758688 89.83552772
OS 108.00203952 89.8521698
OS 108.00203952 89.85355664
OS 108.00065268 89.85633032
OS 107.99926584 89.86326452
OS 107.997879 89.87019872
OS 107.99510532 89.88129344
OS 107.9909448 89.893775
OS 107.98817112 89.90903024
OS 107.9840106 89.92567232
OS 107.9840106 89.928446
OS 107.98262376 89.93399336
OS 107.98123692 89.94370124
OS 107.97985008 89.9561828
OS 107.9770764 89.97143804
OS 107.97568956 89.98808012
OS 107.97430272 90.02275112
OS 107.97430272 90.02413796
OS 107.97430272 90.02968532
OS 107.97291588 90.03800636
OS 107.96875536 90.04771424
OS 107.96459484 90.0601958
OS 107.95766064 90.0740642
OS 107.94795276 90.08931944
OS 107.93408436 90.10457468
OS 107.93269752 90.10596152
OS 107.92992384 90.10734836
OS 107.92298964 90.11428256
OS 107.9146686 90.12537728
OS 107.91189492 90.13231148
OS 107.91050808 90.13924568
OS 107.91050808 90.14617988
OS 107.9146686 90.15311408
OS 107.9216028 90.16004828
OS 107.93131068 90.16836932
OS 107.94517908 90.17530352
OS 107.96459484 90.18223772
OS 107.97568956 90.1850114
OS 107.98817112 90.18778508
OS 108.00342636 90.19055876
OS 108.0186816 90.19333244
OS 108.02006844 90.19333244
OS 108.0256158 90.19471928
OS 108.03393684 90.19471928
OS 108.04364472 90.19610612
OS 108.05751312 90.19749296
OS 108.07276836 90.20026664
OS 108.08941044 90.20165348
OS 108.1088262 90.20304032
OS 108.11714724 90.20304032
OS 108.1226946 90.20442716
OS 108.16152612 90.20442716
OS 108.18648924 90.205814
OS 108.21422604 90.205814
OS 108.24473652 90.20442716
OE
OB 106.81351764 90.21690872 I
OS 106.8259992 90.21690872
OS 106.8398676 90.21552188
OS 106.87176492 90.2127482
OS 106.90366224 90.20858768
OS 106.91891748 90.205814
OS 106.93278588 90.20304032
OS 106.94526744 90.1988798
OS 106.95497532 90.19471928
OS 106.96329636 90.19055876
OS 106.96745688 90.1850114
OS 106.96884372 90.18362456
OS 106.96884372 90.18085088
OS 106.97023056 90.1780772
OS 106.9716174 90.17252984
OS 106.97300424 90.16559564
OS 106.97439108 90.15588776
OS 106.97577792 90.14479304
OS 106.97716476 90.1295378
OS 106.9785516 90.11289572
OS 106.97993844 90.09347996
OS 106.97993844 90.06990368
OS 106.98132528 90.04355372
OS 106.98132528 90.0116564
OS 106.98132528 89.9769854
OS 106.98132528 89.93815388
OS 106.98132528 89.9353802
OS 106.98132528 89.928446
OS 106.98132528 89.91735128
OS 106.98132528 89.90209604
OS 106.97993844 89.88406712
OS 106.97993844 89.86326452
OS 106.9785516 89.83968824
OS 106.9785516 89.81472512
OS 106.97577792 89.7620252
OS 106.9716174 89.70932528
OS 106.97023056 89.68297532
OS 106.96745688 89.6580122
OS 106.9646832 89.63582276
OS 106.96190952 89.61502016
OS 106.96190952 89.61224648
OS 106.96052268 89.60669912
OS 106.96052268 89.59699124
OS 106.95913584 89.58450968
OS 106.957749 89.55815972
OS 106.957749 89.54429132
OS 106.957749 89.5331966
OS 106.957749 89.53180976
OS 106.95913584 89.52903608
OS 106.95913584 89.52348872
OS 106.96052268 89.5193282
OS 106.96329636 89.50684664
OS 106.96607004 89.50268612
OS 106.96745688 89.49991244
OS 106.96884372 89.4985256
OS 106.9716174 89.49436508
OS 106.97300424 89.49020456
OS 106.97439108 89.4846572
OS 106.97439108 89.47633616
OS 106.97577792 89.46801512
OS 106.97577792 89.46662828
OS 106.97577792 89.4638546
OS 106.97577792 89.45969408
OS 106.97439108 89.45414672
OS 106.97300424 89.44721252
OS 106.96884372 89.44166516
OS 106.9646832 89.43473096
OS 106.957749 89.4291836
OS 106.95636216 89.42640992
OS 106.95497532 89.42363624
OS 106.95220164 89.41808888
OS 106.94942796 89.41115468
OS 106.94665428 89.4014468
OS 106.9438806 89.39035208
OS 106.93972008 89.37509684
OS 106.93972008 89.37371
OS 106.93833324 89.36816264
OS 106.9369464 89.3598416
OS 106.93555956 89.35013372
OS 106.93139904 89.32794428
OS 106.93095962 89.3244213
OS 106.9369464 89.3251706
OS 106.95358848 89.32655744
OS 106.95636216 89.32655744
OS 106.96190952 89.3251706
OS 106.96884372 89.32101008
OS 106.9785516 89.31268904
OS 106.98271212 89.30714168
OS 106.98687264 89.29882064
OS 106.98964632 89.2904996
OS 106.99380684 89.27940488
OS 106.99658052 89.26692332
OS 106.99796736 89.25166808
OS 106.99796736 89.23363916
OS 106.99796736 89.2142234
OS 106.99796736 89.21283656
OS 106.99658052 89.2072892
OS 106.99658052 89.200355
OS 106.99519368 89.19203396
OS 106.99380684 89.18232608
OS 106.99380684 89.17539188
OS 106.99242 89.16984452
OS 106.99242 89.16845768
OS 106.99658052 89.16845768
OS 107.00212788 89.16984452
OS 107.02570416 89.16984452
OS 107.04373308 89.16707084
OS 107.05344096 89.16291032
OS 107.06037516 89.15736296
OS 107.061762 89.15597612
OS 107.06314884 89.15458928
OS 107.06592252 89.15042876
OS 107.0686962 89.14349456
OS 107.07146988 89.13517352
OS 107.07424356 89.12546564
OS 107.07701724 89.11298408
OS 107.07701724 89.09772884
OS 107.07701724 89.096342
OS 107.07701724 89.09079464
OS 107.0756304 89.08386044
OS 107.07424356 89.0755394
OS 107.0686962 89.05612364
OS 107.06453568 89.0478026
OS 107.05760148 89.0408684
OS 107.05621464 89.0408684
OS 107.0548278 89.03948156
OS 107.05066728 89.03670788
OS 107.04373308 89.03532104
OS 107.03679888 89.0339342
OS 107.02847784 89.0339342
OS 107.01738312 89.03532104
OS 107.00490156 89.03948156
OS 107.00351472 89.03948156
OS 106.9993542 89.0408684
OS 106.99103316 89.04364208
OS 106.9785516 89.04502892
OS 106.96052268 89.0478026
OS 106.9508148 89.0478026
OS 106.93833324 89.04918944
OS 106.92446484 89.04918944
OS 106.9092096 89.05057628
OS 106.84818864 89.05057628
OS 106.83709392 89.04918944
OS 106.80935712 89.04918944
OS 106.77884664 89.04641576
OS 106.7427888 89.04364208
OS 106.70534412 89.0408684
OS 106.66512576 89.03532104
OS 106.66096524 89.03532104
OS 106.65680472 89.0339342
OS 106.64987052 89.0339342
OS 106.63461528 89.03254736
OS 106.61519952 89.02977368
OS 106.59439692 89.02838684
OS 106.57359432 89.027
OS 106.53892332 89.027
OS 106.5347628 89.02838684
OS 106.52921544 89.03116052
OS 106.52228124 89.0339342
OS 106.51534704 89.0408684
OS 106.507026 89.04918944
OS 106.5000918 89.06028416
OS 106.49454444 89.07415256
OS 106.49454444 89.07692624
OS 106.4931576 89.0824736
OS 106.4931576 89.09356832
OS 106.49593128 89.10604988
OS 106.5000918 89.12130512
OS 106.50979968 89.1379472
OS 106.51673388 89.14626824
OS 106.52366808 89.15597612
OS 106.53337596 89.16429716
OS 106.54447068 89.17400504
OS 106.5833022 89.20174184
OS 106.5833022 89.6788148
OS 106.5833022 89.68020164
OS 106.5833022 89.68436216
OS 106.5833022 89.69129636
OS 106.5833022 89.70100424
OS 106.5833022 89.71209896
OS 106.5833022 89.72596736
OS 106.5833022 89.7412226
OS 106.5833022 89.75786468
OS 106.5833022 89.7758936
OS 106.5833022 89.7966962
OS 106.58468904 89.8383014
OS 106.58468904 89.88545396
OS 106.58468904 89.93260652
OS 106.58607588 89.97975908
OS 106.58746272 90.02691164
OS 106.58884956 90.06990368
OS 106.58884956 90.09070628
OS 106.5902364 90.11012204
OS 106.5902364 90.12815096
OS 106.59162324 90.1434062
OS 106.59301008 90.15866144
OS 106.59301008 90.171143
OS 106.59439692 90.18085088
OS 106.59578376 90.18917192
OS 106.5971706 90.19471928
OS 106.59855744 90.19749296
OS 106.59994428 90.1988798
OS 106.60549164 90.20165348
OS 106.60965216 90.20304032
OS 106.61519952 90.20442716
OS 106.62213372 90.20720084
OS 106.63045476 90.20858768
OS 106.64154948 90.21136136
OS 106.65541788 90.2127482
OS 106.67067312 90.21413504
OS 106.68870204 90.21690872
OS 106.7081178 90.21690872
OS 106.73169408 90.21829556
OS 106.80242292 90.21829556
OS 106.81351764 90.21690872
OE
OB 107.17132236 90.21829556 I
OS 107.18796444 90.21690872
OS 107.20599336 90.21552188
OS 107.22263544 90.21136136
OS 107.23650384 90.20720084
OS 107.23789068 90.205814
OS 107.24343804 90.20165348
OS 107.25037224 90.19333244
OS 107.25730644 90.18085088
OS 107.26424064 90.16559564
OS 107.269788 90.14479304
OS 107.27256168 90.11844308
OS 107.27117484 90.10457468
OS 107.269788 90.0879326
OS 107.269788 90.08654576
OS 107.269788 90.08377208
OS 107.26840116 90.07961156
OS 107.26840116 90.0740642
OS 107.26562748 90.05880896
OS 107.26146696 90.04078004
OS 107.25730644 90.02136428
OS 107.25175908 90.00194852
OS 107.24482488 89.98669328
OS 107.24066436 89.98114592
OS 107.23650384 89.97559856
OS 107.235117 89.97421172
OS 107.23234332 89.96866436
OS 107.22956964 89.96034332
OS 107.2281828 89.94647492
OS 107.2281828 89.94508808
OS 107.2281828 89.94370124
OS 107.2281828 89.9353802
OS 107.22540912 89.92428548
OS 107.22263544 89.91180392
OS 107.21708808 89.89932236
OS 107.21015388 89.8868408
OS 107.19905916 89.87851976
OS 107.19212496 89.87574608
OS 107.18519076 89.87435924
OS 107.17825656 89.87435924
OS 107.16993552 89.87713292
OS 107.16022764 89.88129344
OS 107.14913292 89.88822764
OS 107.1380382 89.89932236
OS 107.13249084 89.90625656
OS 107.12694348 89.9145776
OS 107.12139612 89.92567232
OS 107.11584876 89.93676704
OS 107.11446192 89.93815388
OS 107.11307508 89.94370124
OS 107.10891456 89.95202228
OS 107.1033672 89.96173016
OS 107.09504616 89.97421172
OS 107.08672512 89.98946696
OS 107.07424356 90.0047222
OS 107.061762 90.02136428
OS 107.06037516 90.02275112
OS 107.05760148 90.02829848
OS 107.05205412 90.03661952
OS 107.04650676 90.04771424
OS 107.0409594 90.06158264
OS 107.0340252 90.07822472
OS 107.02847784 90.09625364
OS 107.02431732 90.1156694
OS 107.02431732 90.11844308
OS 107.02293048 90.12399044
OS 107.02293048 90.13508516
OS 107.02293048 90.14617988
OS 107.02431732 90.16004828
OS 107.02847784 90.17530352
OS 107.03263836 90.18917192
OS 107.0409594 90.20165348
OS 107.04234624 90.20304032
OS 107.04511992 90.20442716
OS 107.05066728 90.20720084
OS 107.05898832 90.20997452
OS 107.07008304 90.2127482
OS 107.08533828 90.21690872
OS 107.10475404 90.21829556
OS 107.12971716 90.2196824
OS 107.15468028 90.2196824
OS 107.17132236 90.21829556
OE
OB 106.40856036 90.17530352 I
OS 106.41133404 90.17530352
OS 106.41965508 90.17252984
OS 106.43213664 90.16975616
OS 106.44600504 90.16698248
OS 106.46264712 90.16143512
OS 106.47651552 90.15588776
OS 106.49038392 90.14895356
OS 106.5000918 90.14063252
OS 106.50147864 90.13924568
OS 106.50286548 90.136472
OS 106.50563916 90.13092464
OS 106.50841284 90.1226036
OS 106.50979968 90.11150888
OS 106.50979968 90.09764048
OS 106.50841284 90.0809984
OS 106.50425232 90.06158264
OS 106.50425232 90.05880896
OS 106.50147864 90.05187476
OS 106.49870496 90.04078004
OS 106.49454444 90.0255248
OS 106.48899708 90.00749588
OS 106.48344972 89.98669328
OS 106.47651552 89.96450384
OS 106.46819448 89.94092756
OS 106.46680764 89.93815388
OS 106.4654208 89.93121968
OS 106.46126028 89.91873812
OS 106.45709976 89.90486972
OS 106.45293924 89.88961448
OS 106.44877872 89.87435924
OS 106.4446182 89.859104
OS 106.44323136 89.84662244
OS 106.44323136 89.8452356
OS 106.44323136 89.84384876
OS 106.44045768 89.83552772
OS 106.437684 89.824433
OS 106.4307498 89.81195144
OS 106.42242876 89.79808304
OS 106.4099472 89.78698832
OS 106.39330512 89.77866728
OS 106.38359724 89.77728044
OS 106.37250252 89.7758936
OS 106.36418148 89.7758936
OS 106.35724728 89.77728044
OS 106.3475394 89.78005412
OS 106.33644468 89.78560148
OS 106.32812364 89.79114884
OS 106.3198026 89.80085672
OS 106.31425524 89.81333828
OS 106.31425524 89.81472512
OS 106.3128684 89.82027248
OS 106.31148156 89.82998036
OS 106.30870788 89.8452356
OS 106.30732104 89.86326452
OS 106.30454736 89.88822764
OS 106.30454736 89.90209604
OS 106.30316052 89.91735128
OS 106.30177368 89.93399336
OS 106.30177368 89.95202228
OS 106.30177368 89.95340912
OS 106.30177368 89.95895648
OS 106.30177368 89.96727752
OS 106.30038684 89.9769854
OS 106.30038684 89.98946696
OS 106.30038684 90.00333536
OS 106.299 90.03523268
OS 106.299 90.06851684
OS 106.30038684 90.10041416
OS 106.30177368 90.11428256
OS 106.30316052 90.12676412
OS 106.30454736 90.136472
OS 106.30732104 90.14479304
OS 106.30870788 90.14617988
OS 106.3128684 90.15172724
OS 106.32118944 90.1572746
OS 106.33089732 90.1642088
OS 106.34615256 90.171143
OS 106.36279464 90.17530352
OS 106.38359724 90.1780772
OS 106.40856036 90.17530352
OE
OB 107.396915 89.11390864 H
OS 107.3946036 89.11159724
OS 107.38905624 89.1032762
OS 107.38628256 89.09495516
OS 107.38489572 89.0894078
OS 107.38489572 89.08802096
OS 107.38507352 89.08695416
OS 107.39182992 89.09911568
OS 107.39599044 89.1102104
OS 107.396915 89.11390864
OE
SE
